solid OpenSCAD_Model
  facet normal 0.997859 0.0653948 0
    outer loop
      vertex 52.05 10.8 6.8
      vertex 52.0222 11.2242 2.8
      vertex 52.0222 11.2242 6.8
    endloop
  endfacet
  facet normal 0.997859 0.0653948 0
    outer loop
      vertex 52.0222 11.2242 2.8
      vertex 52.05 10.8 6.8
      vertex 52.05 10.8 2.8
    endloop
  endfacet
  facet normal -0.997859 0.0653948 0
    outer loop
      vertex 45.55 10.8 2.8
      vertex 45.5778 11.2242 6.8
      vertex 45.5778 11.2242 2.8
    endloop
  endfacet
  facet normal -0.997859 0.0653948 0
    outer loop
      vertex 45.5778 11.2242 6.8
      vertex 45.55 10.8 2.8
      vertex 45.55 10.8 6.8
    endloop
  endfacet
  facet normal 0.0653948 0.997859 -0
    outer loop
      vertex 49.2242 14.0222 2.8
      vertex 48.8 14.05 6.8
      vertex 49.2242 14.0222 6.8
    endloop
  endfacet
  facet normal 0.0653948 0.997859 0
    outer loop
      vertex 48.8 14.05 6.8
      vertex 49.2242 14.0222 2.8
      vertex 48.8 14.05 2.8
    endloop
  endfacet
  facet normal 0.65937 0.751818 -0
    outer loop
      vertex 51.0981 13.0981 2.8
      vertex 50.7785 13.3784 6.8
      vertex 51.0981 13.0981 6.8
    endloop
  endfacet
  facet normal 0.65937 0.751818 0
    outer loop
      vertex 50.7785 13.3784 6.8
      vertex 51.0981 13.0981 2.8
      vertex 50.7785 13.3784 2.8
    endloop
  endfacet
  facet normal -0.65937 0.751818 0
    outer loop
      vertex 46.8215 13.3784 2.8
      vertex 46.5019 13.0981 6.8
      vertex 46.8215 13.3784 6.8
    endloop
  endfacet
  facet normal -0.65937 0.751818 0
    outer loop
      vertex 46.5019 13.0981 6.8
      vertex 46.8215 13.3784 2.8
      vertex 46.5019 13.0981 2.8
    endloop
  endfacet
  facet normal -0.321586 0.94688 0
    outer loop
      vertex 47.9588 13.9393 2.8
      vertex 47.5563 13.8026 6.8
      vertex 47.9588 13.9393 6.8
    endloop
  endfacet
  facet normal -0.321586 0.94688 0
    outer loop
      vertex 47.5563 13.8026 6.8
      vertex 47.9588 13.9393 2.8
      vertex 47.5563 13.8026 2.8
    endloop
  endfacet
  facet normal 0 0 -1
    outer loop
      vertex 50.4 10.8 2.8
      vertex 52.05 10.8 2.8
      vertex 52.0222 10.3758 2.8
    endloop
  endfacet
  facet normal 0 0 -1
    outer loop
      vertex 50.3863 10.5912 2.8
      vertex 52.0222 10.3758 2.8
      vertex 51.9393 9.95884 2.8
    endloop
  endfacet
  facet normal 0 0 -1
    outer loop
      vertex 52.05 10.8 2.8
      vertex 50.4 10.8 2.8
      vertex 52.0222 11.2242 2.8
    endloop
  endfacet
  facet normal 0 0 -1
    outer loop
      vertex 50.3455 10.3859 2.8
      vertex 51.9393 9.95884 2.8
      vertex 51.8026 9.55628 2.8
    endloop
  endfacet
  facet normal 0 0 -1
    outer loop
      vertex 50.3863 11.0088 2.8
      vertex 52.0222 11.2242 2.8
      vertex 50.4 10.8 2.8
    endloop
  endfacet
  facet normal 0 0 -1
    outer loop
      vertex 50.2782 10.1877 2.8
      vertex 51.8026 9.55628 2.8
      vertex 51.6146 9.175 2.8
    endloop
  endfacet
  facet normal -0 0 -1
    outer loop
      vertex 52.0222 11.2242 2.8
      vertex 50.3863 11.0088 2.8
      vertex 51.9393 11.6412 2.8
    endloop
  endfacet
  facet normal 0 0 -1
    outer loop
      vertex 50.1856 10 2.8
      vertex 51.6146 9.175 2.8
      vertex 51.3784 8.82153 2.8
    endloop
  endfacet
  facet normal 0 0 -1
    outer loop
      vertex 50.3455 11.2141 2.8
      vertex 51.9393 11.6412 2.8
      vertex 50.3863 11.0088 2.8
    endloop
  endfacet
  facet normal 0 0 -1
    outer loop
      vertex 50.0694 9.82598 2.8
      vertex 51.3784 8.82153 2.8
      vertex 51.0981 8.5019 2.8
    endloop
  endfacet
  facet normal -0 0 -1
    outer loop
      vertex 51.9393 11.6412 2.8
      vertex 50.3455 11.2141 2.8
      vertex 51.8026 12.0437 2.8
    endloop
  endfacet
  facet normal 0 0 -1
    outer loop
      vertex 49.9314 9.66863 2.8
      vertex 51.0981 8.5019 2.8
      vertex 50.7785 8.2216 2.8
    endloop
  endfacet
  facet normal 0 0 -1
    outer loop
      vertex 50.2782 11.4123 2.8
      vertex 51.8026 12.0437 2.8
      vertex 50.3455 11.2141 2.8
    endloop
  endfacet
  facet normal 0 0 -1
    outer loop
      vertex 49.774 9.53063 2.8
      vertex 50.7785 8.2216 2.8
      vertex 50.425 7.98542 2.8
    endloop
  endfacet
  facet normal -0 0 -1
    outer loop
      vertex 51.8026 12.0437 2.8
      vertex 50.2782 11.4123 2.8
      vertex 51.6146 12.425 2.8
    endloop
  endfacet
  facet normal 0 0 -1
    outer loop
      vertex 50.1856 11.6 2.8
      vertex 51.6146 12.425 2.8
      vertex 50.2782 11.4123 2.8
    endloop
  endfacet
  facet normal 0 0 -1
    outer loop
      vertex 52.0222 10.3758 2.8
      vertex 50.3863 10.5912 2.8
      vertex 50.4 10.8 2.8
    endloop
  endfacet
  facet normal 0 0 -1
    outer loop
      vertex 51.9393 9.95884 2.8
      vertex 50.3455 10.3859 2.8
      vertex 50.3863 10.5912 2.8
    endloop
  endfacet
  facet normal 0 0 -1
    outer loop
      vertex 51.8026 9.55628 2.8
      vertex 50.2782 10.1877 2.8
      vertex 50.3455 10.3859 2.8
    endloop
  endfacet
  facet normal 0 0 -1
    outer loop
      vertex 51.6146 9.175 2.8
      vertex 50.1856 10 2.8
      vertex 50.2782 10.1877 2.8
    endloop
  endfacet
  facet normal 0 0 -1
    outer loop
      vertex 51.3784 8.82153 2.8
      vertex 50.0694 9.82598 2.8
      vertex 50.1856 10 2.8
    endloop
  endfacet
  facet normal 0 0 -1
    outer loop
      vertex 49.6 9.41436 2.8
      vertex 50.425 7.98542 2.8
      vertex 50.0437 7.79739 2.8
    endloop
  endfacet
  facet normal 0 0 -1
    outer loop
      vertex 51.0981 8.5019 2.8
      vertex 49.9314 9.66863 2.8
      vertex 50.0694 9.82598 2.8
    endloop
  endfacet
  facet normal 0 0 -1
    outer loop
      vertex 50.7785 8.2216 2.8
      vertex 49.774 9.53063 2.8
      vertex 49.9314 9.66863 2.8
    endloop
  endfacet
  facet normal 0 0 -1
    outer loop
      vertex 49.4123 9.32179 2.8
      vertex 50.0437 7.79739 2.8
      vertex 49.6412 7.66074 2.8
    endloop
  endfacet
  facet normal 0 0 -1
    outer loop
      vertex 50.425 7.98542 2.8
      vertex 49.6 9.41436 2.8
      vertex 49.774 9.53063 2.8
    endloop
  endfacet
  facet normal 0 0 -1
    outer loop
      vertex 50.0437 7.79739 2.8
      vertex 49.4123 9.32179 2.8
      vertex 49.6 9.41436 2.8
    endloop
  endfacet
  facet normal 0 0 -1
    outer loop
      vertex 49.2141 9.25452 2.8
      vertex 49.6412 7.66074 2.8
      vertex 49.2242 7.5778 2.8
    endloop
  endfacet
  facet normal 0 0 -1
    outer loop
      vertex 49.6412 7.66074 2.8
      vertex 49.2141 9.25452 2.8
      vertex 49.4123 9.32179 2.8
    endloop
  endfacet
  facet normal 0 0 -1
    outer loop
      vertex 49.2242 7.5778 2.8
      vertex 49.0088 9.21369 2.8
      vertex 49.2141 9.25452 2.8
    endloop
  endfacet
  facet normal 0 0 -1
    outer loop
      vertex 48.8 7.55 2.8
      vertex 49.0088 9.21369 2.8
      vertex 49.2242 7.5778 2.8
    endloop
  endfacet
  facet normal 0 0 -1
    outer loop
      vertex 48.8 7.55 2.8
      vertex 48.8 9.2 2.8
      vertex 49.0088 9.21369 2.8
    endloop
  endfacet
  facet normal 0 0 -1
    outer loop
      vertex 48.8 7.55 2.8
      vertex 48.5912 9.21369 2.8
      vertex 48.8 9.2 2.8
    endloop
  endfacet
  facet normal 0 0 -1
    outer loop
      vertex 48.3758 7.5778 2.8
      vertex 48.5912 9.21369 2.8
      vertex 48.8 7.55 2.8
    endloop
  endfacet
  facet normal -0 0 -1
    outer loop
      vertex 48.5912 9.21369 2.8
      vertex 48.3758 7.5778 2.8
      vertex 48.3859 9.25452 2.8
    endloop
  endfacet
  facet normal 0 0 -1
    outer loop
      vertex 47.9588 7.66074 2.8
      vertex 48.3859 9.25452 2.8
      vertex 48.3758 7.5778 2.8
    endloop
  endfacet
  facet normal -0 0 -1
    outer loop
      vertex 48.3859 9.25452 2.8
      vertex 47.9588 7.66074 2.8
      vertex 48.1877 9.32179 2.8
    endloop
  endfacet
  facet normal 0 0 -1
    outer loop
      vertex 47.5563 7.79739 2.8
      vertex 48.1877 9.32179 2.8
      vertex 47.9588 7.66074 2.8
    endloop
  endfacet
  facet normal -0 0 -1
    outer loop
      vertex 48.1877 9.32179 2.8
      vertex 47.5563 7.79739 2.8
      vertex 48 9.41436 2.8
    endloop
  endfacet
  facet normal 0 0 -1
    outer loop
      vertex 47.175 7.98542 2.8
      vertex 48 9.41436 2.8
      vertex 47.5563 7.79739 2.8
    endloop
  endfacet
  facet normal -0 0 -1
    outer loop
      vertex 48 9.41436 2.8
      vertex 47.175 7.98542 2.8
      vertex 47.826 9.53063 2.8
    endloop
  endfacet
  facet normal 0 0 -1
    outer loop
      vertex 46.8215 8.2216 2.8
      vertex 47.826 9.53063 2.8
      vertex 47.175 7.98542 2.8
    endloop
  endfacet
  facet normal -0 0 -1
    outer loop
      vertex 47.826 9.53063 2.8
      vertex 46.8215 8.2216 2.8
      vertex 47.6686 9.66863 2.8
    endloop
  endfacet
  facet normal 0 0 -1
    outer loop
      vertex 46.5019 8.5019 2.8
      vertex 47.6686 9.66863 2.8
      vertex 46.8215 8.2216 2.8
    endloop
  endfacet
  facet normal -0 0 -1
    outer loop
      vertex 47.6686 9.66863 2.8
      vertex 46.5019 8.5019 2.8
      vertex 47.5306 9.82598 2.8
    endloop
  endfacet
  facet normal 0 0 -1
    outer loop
      vertex 46.2216 8.82153 2.8
      vertex 47.5306 9.82598 2.8
      vertex 46.5019 8.5019 2.8
    endloop
  endfacet
  facet normal 0 0 -1
    outer loop
      vertex 45.9854 9.175 2.8
      vertex 47.4144 10 2.8
      vertex 46.2216 8.82153 2.8
    endloop
  endfacet
  facet normal -0 0 -1
    outer loop
      vertex 47.5306 9.82598 2.8
      vertex 46.2216 8.82153 2.8
      vertex 47.4144 10 2.8
    endloop
  endfacet
  facet normal -0 0 -1
    outer loop
      vertex 51.6146 12.425 2.8
      vertex 50.1856 11.6 2.8
      vertex 51.3784 12.7785 2.8
    endloop
  endfacet
  facet normal 0 0 -1
    outer loop
      vertex 50.0694 11.774 2.8
      vertex 51.3784 12.7785 2.8
      vertex 50.1856 11.6 2.8
    endloop
  endfacet
  facet normal -0 0 -1
    outer loop
      vertex 51.3784 12.7785 2.8
      vertex 50.0694 11.774 2.8
      vertex 51.0981 13.0981 2.8
    endloop
  endfacet
  facet normal 0 0 -1
    outer loop
      vertex 49.9314 11.9314 2.8
      vertex 51.0981 13.0981 2.8
      vertex 50.0694 11.774 2.8
    endloop
  endfacet
  facet normal -0 0 -1
    outer loop
      vertex 51.0981 13.0981 2.8
      vertex 49.9314 11.9314 2.8
      vertex 50.7785 13.3784 2.8
    endloop
  endfacet
  facet normal 0 0 -1
    outer loop
      vertex 49.774 12.0694 2.8
      vertex 50.7785 13.3784 2.8
      vertex 49.9314 11.9314 2.8
    endloop
  endfacet
  facet normal -0 0 -1
    outer loop
      vertex 50.7785 13.3784 2.8
      vertex 49.774 12.0694 2.8
      vertex 50.425 13.6146 2.8
    endloop
  endfacet
  facet normal 0 0 -1
    outer loop
      vertex 49.6 12.1856 2.8
      vertex 50.425 13.6146 2.8
      vertex 49.774 12.0694 2.8
    endloop
  endfacet
  facet normal -0 0 -1
    outer loop
      vertex 50.425 13.6146 2.8
      vertex 49.6 12.1856 2.8
      vertex 50.0437 13.8026 2.8
    endloop
  endfacet
  facet normal 0 0 -1
    outer loop
      vertex 49.4123 12.2782 2.8
      vertex 50.0437 13.8026 2.8
      vertex 49.6 12.1856 2.8
    endloop
  endfacet
  facet normal -0 0 -1
    outer loop
      vertex 50.0437 13.8026 2.8
      vertex 49.4123 12.2782 2.8
      vertex 49.6412 13.9393 2.8
    endloop
  endfacet
  facet normal 0 0 -1
    outer loop
      vertex 49.2141 12.3455 2.8
      vertex 49.6412 13.9393 2.8
      vertex 49.4123 12.2782 2.8
    endloop
  endfacet
  facet normal -0 0 -1
    outer loop
      vertex 49.6412 13.9393 2.8
      vertex 49.2141 12.3455 2.8
      vertex 49.2242 14.0222 2.8
    endloop
  endfacet
  facet normal 0 0 -1
    outer loop
      vertex 49.0088 12.3863 2.8
      vertex 49.2242 14.0222 2.8
      vertex 49.2141 12.3455 2.8
    endloop
  endfacet
  facet normal 0 0 -1
    outer loop
      vertex 48.8 12.4 2.8
      vertex 49.2242 14.0222 2.8
      vertex 49.0088 12.3863 2.8
    endloop
  endfacet
  facet normal 0 0 -1
    outer loop
      vertex 48.8 12.4 2.8
      vertex 48.8 14.05 2.8
      vertex 49.2242 14.0222 2.8
    endloop
  endfacet
  facet normal 0 0 -1
    outer loop
      vertex 48.5912 12.3863 2.8
      vertex 48.8 14.05 2.8
      vertex 48.8 12.4 2.8
    endloop
  endfacet
  facet normal 0 0 -1
    outer loop
      vertex 48.3758 14.0222 2.8
      vertex 48.5912 12.3863 2.8
      vertex 48.3859 12.3455 2.8
    endloop
  endfacet
  facet normal 0 0 -1
    outer loop
      vertex 48.5912 12.3863 2.8
      vertex 48.3758 14.0222 2.8
      vertex 48.8 14.05 2.8
    endloop
  endfacet
  facet normal 0 0 -1
    outer loop
      vertex 47.9588 13.9393 2.8
      vertex 48.3859 12.3455 2.8
      vertex 48.1877 12.2782 2.8
    endloop
  endfacet
  facet normal 0 0 -1
    outer loop
      vertex 47.5563 13.8026 2.8
      vertex 48.1877 12.2782 2.8
      vertex 48 12.1856 2.8
    endloop
  endfacet
  facet normal 0 0 -1
    outer loop
      vertex 48.3859 12.3455 2.8
      vertex 47.9588 13.9393 2.8
      vertex 48.3758 14.0222 2.8
    endloop
  endfacet
  facet normal 0 0 -1
    outer loop
      vertex 47.175 13.6146 2.8
      vertex 48 12.1856 2.8
      vertex 47.826 12.0694 2.8
    endloop
  endfacet
  facet normal 0 0 -1
    outer loop
      vertex 46.8215 13.3784 2.8
      vertex 47.826 12.0694 2.8
      vertex 47.6686 11.9314 2.8
    endloop
  endfacet
  facet normal 0 0 -1
    outer loop
      vertex 48.1877 12.2782 2.8
      vertex 47.5563 13.8026 2.8
      vertex 47.9588 13.9393 2.8
    endloop
  endfacet
  facet normal 0 0 -1
    outer loop
      vertex 46.5019 13.0981 2.8
      vertex 47.6686 11.9314 2.8
      vertex 47.5306 11.774 2.8
    endloop
  endfacet
  facet normal 0 0 -1
    outer loop
      vertex 46.2216 12.7785 2.8
      vertex 47.5306 11.774 2.8
      vertex 47.4144 11.6 2.8
    endloop
  endfacet
  facet normal 0 0 -1
    outer loop
      vertex 45.9854 12.425 2.8
      vertex 47.4144 11.6 2.8
      vertex 47.3218 11.4123 2.8
    endloop
  endfacet
  facet normal 0 0 -1
    outer loop
      vertex 45.7974 12.0437 2.8
      vertex 47.3218 11.4123 2.8
      vertex 47.2545 11.2141 2.8
    endloop
  endfacet
  facet normal 0 0 -1
    outer loop
      vertex 45.6607 11.6412 2.8
      vertex 47.2545 11.2141 2.8
      vertex 47.2137 11.0088 2.8
    endloop
  endfacet
  facet normal 0 0 -1
    outer loop
      vertex 48 12.1856 2.8
      vertex 47.175 13.6146 2.8
      vertex 47.5563 13.8026 2.8
    endloop
  endfacet
  facet normal 0 0 -1
    outer loop
      vertex 45.5778 11.2242 2.8
      vertex 47.2137 11.0088 2.8
      vertex 47.2 10.8 2.8
    endloop
  endfacet
  facet normal -0 0 -1
    outer loop
      vertex 47.4144 10 2.8
      vertex 45.9854 9.175 2.8
      vertex 47.3218 10.1877 2.8
    endloop
  endfacet
  facet normal 0 0 -1
    outer loop
      vertex 45.7974 9.55628 2.8
      vertex 47.3218 10.1877 2.8
      vertex 45.9854 9.175 2.8
    endloop
  endfacet
  facet normal 0 0 -1
    outer loop
      vertex 47.826 12.0694 2.8
      vertex 46.8215 13.3784 2.8
      vertex 47.175 13.6146 2.8
    endloop
  endfacet
  facet normal -0 0 -1
    outer loop
      vertex 47.3218 10.1877 2.8
      vertex 45.7974 9.55628 2.8
      vertex 47.2545 10.3859 2.8
    endloop
  endfacet
  facet normal 0 0 -1
    outer loop
      vertex 47.6686 11.9314 2.8
      vertex 46.5019 13.0981 2.8
      vertex 46.8215 13.3784 2.8
    endloop
  endfacet
  facet normal 0 0 -1
    outer loop
      vertex 45.6607 9.95884 2.8
      vertex 47.2545 10.3859 2.8
      vertex 45.7974 9.55628 2.8
    endloop
  endfacet
  facet normal 0 0 -1
    outer loop
      vertex 47.5306 11.774 2.8
      vertex 46.2216 12.7785 2.8
      vertex 46.5019 13.0981 2.8
    endloop
  endfacet
  facet normal -0 0 -1
    outer loop
      vertex 47.2545 10.3859 2.8
      vertex 45.6607 9.95884 2.8
      vertex 47.2137 10.5912 2.8
    endloop
  endfacet
  facet normal 0 0 -1
    outer loop
      vertex 47.4144 11.6 2.8
      vertex 45.9854 12.425 2.8
      vertex 46.2216 12.7785 2.8
    endloop
  endfacet
  facet normal 0 0 -1
    outer loop
      vertex 45.5778 10.3758 2.8
      vertex 47.2137 10.5912 2.8
      vertex 45.6607 9.95884 2.8
    endloop
  endfacet
  facet normal 0 0 -1
    outer loop
      vertex 47.3218 11.4123 2.8
      vertex 45.7974 12.0437 2.8
      vertex 45.9854 12.425 2.8
    endloop
  endfacet
  facet normal -0 0 -1
    outer loop
      vertex 47.2137 10.5912 2.8
      vertex 45.5778 10.3758 2.8
      vertex 47.2 10.8 2.8
    endloop
  endfacet
  facet normal 0 0 -1
    outer loop
      vertex 47.2545 11.2141 2.8
      vertex 45.6607 11.6412 2.8
      vertex 45.7974 12.0437 2.8
    endloop
  endfacet
  facet normal 0 0 -1
    outer loop
      vertex 45.55 10.8 2.8
      vertex 47.2 10.8 2.8
      vertex 45.5778 10.3758 2.8
    endloop
  endfacet
  facet normal 0 0 -1
    outer loop
      vertex 47.2137 11.0088 2.8
      vertex 45.5778 11.2242 2.8
      vertex 45.6607 11.6412 2.8
    endloop
  endfacet
  facet normal 0 0 -1
    outer loop
      vertex 47.2 10.8 2.8
      vertex 45.55 10.8 2.8
      vertex 45.5778 11.2242 2.8
    endloop
  endfacet
  facet normal 0.896907 0.44222 0
    outer loop
      vertex 51.8026 12.0437 6.8
      vertex 51.6146 12.425 2.8
      vertex 51.6146 12.425 6.8
    endloop
  endfacet
  facet normal 0.896907 0.44222 0
    outer loop
      vertex 51.6146 12.425 2.8
      vertex 51.8026 12.0437 6.8
      vertex 51.8026 12.0437 2.8
    endloop
  endfacet
  facet normal 0.831471 0.555568 0
    outer loop
      vertex 51.6146 12.425 6.8
      vertex 51.3784 12.7785 2.8
      vertex 51.3784 12.7785 6.8
    endloop
  endfacet
  facet normal 0.831471 0.555568 0
    outer loop
      vertex 51.3784 12.7785 2.8
      vertex 51.6146 12.425 6.8
      vertex 51.6146 12.425 2.8
    endloop
  endfacet
  facet normal 0.44222 0.896907 -0
    outer loop
      vertex 50.425 13.6146 2.8
      vertex 50.0437 13.8026 6.8
      vertex 50.425 13.6146 6.8
    endloop
  endfacet
  facet normal 0.44222 0.896907 0
    outer loop
      vertex 50.0437 13.8026 6.8
      vertex 50.425 13.6146 2.8
      vertex 50.0437 13.8026 2.8
    endloop
  endfacet
  facet normal 0.555568 0.831471 -0
    outer loop
      vertex 50.7785 13.3784 2.8
      vertex 50.425 13.6146 6.8
      vertex 50.7785 13.3784 6.8
    endloop
  endfacet
  facet normal 0.555568 0.831471 0
    outer loop
      vertex 50.425 13.6146 6.8
      vertex 50.7785 13.3784 2.8
      vertex 50.425 13.6146 2.8
    endloop
  endfacet
  facet normal -0.896907 0.44222 0
    outer loop
      vertex 45.7974 12.0437 2.8
      vertex 45.9854 12.425 6.8
      vertex 45.9854 12.425 2.8
    endloop
  endfacet
  facet normal -0.896907 0.44222 0
    outer loop
      vertex 45.9854 12.425 6.8
      vertex 45.7974 12.0437 2.8
      vertex 45.7974 12.0437 6.8
    endloop
  endfacet
  facet normal -0.751818 0.65937 0
    outer loop
      vertex 46.2216 12.7785 2.8
      vertex 46.5019 13.0981 6.8
      vertex 46.5019 13.0981 2.8
    endloop
  endfacet
  facet normal -0.751818 0.65937 0
    outer loop
      vertex 46.5019 13.0981 6.8
      vertex 46.2216 12.7785 2.8
      vertex 46.2216 12.7785 6.8
    endloop
  endfacet
  facet normal 0 0 1
    outer loop
      vertex 50.4 10.8 6.8
      vertex 52.05 10.8 6.8
      vertex 52.0222 11.2242 6.8
    endloop
  endfacet
  facet normal 0 0 1
    outer loop
      vertex 50.3863 11.0088 6.8
      vertex 52.0222 11.2242 6.8
      vertex 51.9393 11.6412 6.8
    endloop
  endfacet
  facet normal 0 0 1
    outer loop
      vertex 52.05 10.8 6.8
      vertex 50.4 10.8 6.8
      vertex 52.0222 10.3758 6.8
    endloop
  endfacet
  facet normal 0 0 1
    outer loop
      vertex 50.3455 11.2141 6.8
      vertex 51.9393 11.6412 6.8
      vertex 51.8026 12.0437 6.8
    endloop
  endfacet
  facet normal -0 0 1
    outer loop
      vertex 50.3863 10.5912 6.8
      vertex 52.0222 10.3758 6.8
      vertex 50.4 10.8 6.8
    endloop
  endfacet
  facet normal 0 0 1
    outer loop
      vertex 50.2782 11.4123 6.8
      vertex 51.8026 12.0437 6.8
      vertex 51.6146 12.425 6.8
    endloop
  endfacet
  facet normal 0 0 1
    outer loop
      vertex 52.0222 10.3758 6.8
      vertex 50.3863 10.5912 6.8
      vertex 51.9393 9.95884 6.8
    endloop
  endfacet
  facet normal 0 0 1
    outer loop
      vertex 50.1856 11.6 6.8
      vertex 51.6146 12.425 6.8
      vertex 51.3784 12.7785 6.8
    endloop
  endfacet
  facet normal -0 0 1
    outer loop
      vertex 50.3455 10.3859 6.8
      vertex 51.9393 9.95884 6.8
      vertex 50.3863 10.5912 6.8
    endloop
  endfacet
  facet normal 0 0 1
    outer loop
      vertex 50.0694 11.774 6.8
      vertex 51.3784 12.7785 6.8
      vertex 51.0981 13.0981 6.8
    endloop
  endfacet
  facet normal 0 0 1
    outer loop
      vertex 51.9393 9.95884 6.8
      vertex 50.3455 10.3859 6.8
      vertex 51.8026 9.55628 6.8
    endloop
  endfacet
  facet normal 0 0 1
    outer loop
      vertex 49.9314 11.9314 6.8
      vertex 51.0981 13.0981 6.8
      vertex 50.7785 13.3784 6.8
    endloop
  endfacet
  facet normal -0 0 1
    outer loop
      vertex 50.2782 10.1877 6.8
      vertex 51.8026 9.55628 6.8
      vertex 50.3455 10.3859 6.8
    endloop
  endfacet
  facet normal 0 0 1
    outer loop
      vertex 49.774 12.0694 6.8
      vertex 50.7785 13.3784 6.8
      vertex 50.425 13.6146 6.8
    endloop
  endfacet
  facet normal 0 0 1
    outer loop
      vertex 51.8026 9.55628 6.8
      vertex 50.2782 10.1877 6.8
      vertex 51.6146 9.175 6.8
    endloop
  endfacet
  facet normal -0 0 1
    outer loop
      vertex 50.1856 10 6.8
      vertex 51.6146 9.175 6.8
      vertex 50.2782 10.1877 6.8
    endloop
  endfacet
  facet normal 0 0 1
    outer loop
      vertex 52.0222 11.2242 6.8
      vertex 50.3863 11.0088 6.8
      vertex 50.4 10.8 6.8
    endloop
  endfacet
  facet normal 0 0 1
    outer loop
      vertex 51.9393 11.6412 6.8
      vertex 50.3455 11.2141 6.8
      vertex 50.3863 11.0088 6.8
    endloop
  endfacet
  facet normal 0 0 1
    outer loop
      vertex 51.8026 12.0437 6.8
      vertex 50.2782 11.4123 6.8
      vertex 50.3455 11.2141 6.8
    endloop
  endfacet
  facet normal 0 0 1
    outer loop
      vertex 51.6146 12.425 6.8
      vertex 50.1856 11.6 6.8
      vertex 50.2782 11.4123 6.8
    endloop
  endfacet
  facet normal 0 0 1
    outer loop
      vertex 51.3784 12.7785 6.8
      vertex 50.0694 11.774 6.8
      vertex 50.1856 11.6 6.8
    endloop
  endfacet
  facet normal 0 0 1
    outer loop
      vertex 49.6 12.1856 6.8
      vertex 50.425 13.6146 6.8
      vertex 50.0437 13.8026 6.8
    endloop
  endfacet
  facet normal 0 0 1
    outer loop
      vertex 51.0981 13.0981 6.8
      vertex 49.9314 11.9314 6.8
      vertex 50.0694 11.774 6.8
    endloop
  endfacet
  facet normal 0 0 1
    outer loop
      vertex 50.7785 13.3784 6.8
      vertex 49.774 12.0694 6.8
      vertex 49.9314 11.9314 6.8
    endloop
  endfacet
  facet normal 0 0 1
    outer loop
      vertex 49.4123 12.2782 6.8
      vertex 50.0437 13.8026 6.8
      vertex 49.6412 13.9393 6.8
    endloop
  endfacet
  facet normal 0 0 1
    outer loop
      vertex 50.425 13.6146 6.8
      vertex 49.6 12.1856 6.8
      vertex 49.774 12.0694 6.8
    endloop
  endfacet
  facet normal 0 0 1
    outer loop
      vertex 50.0437 13.8026 6.8
      vertex 49.4123 12.2782 6.8
      vertex 49.6 12.1856 6.8
    endloop
  endfacet
  facet normal 0 0 1
    outer loop
      vertex 49.2141 12.3455 6.8
      vertex 49.6412 13.9393 6.8
      vertex 49.2242 14.0222 6.8
    endloop
  endfacet
  facet normal 0 0 1
    outer loop
      vertex 49.6412 13.9393 6.8
      vertex 49.2141 12.3455 6.8
      vertex 49.4123 12.2782 6.8
    endloop
  endfacet
  facet normal 0 0 1
    outer loop
      vertex 49.2242 14.0222 6.8
      vertex 49.0088 12.3863 6.8
      vertex 49.2141 12.3455 6.8
    endloop
  endfacet
  facet normal 0 0 1
    outer loop
      vertex 48.8 14.05 6.8
      vertex 49.0088 12.3863 6.8
      vertex 49.2242 14.0222 6.8
    endloop
  endfacet
  facet normal 0 0 1
    outer loop
      vertex 48.8 14.05 6.8
      vertex 48.8 12.4 6.8
      vertex 49.0088 12.3863 6.8
    endloop
  endfacet
  facet normal 0 0 1
    outer loop
      vertex 48.8 14.05 6.8
      vertex 48.5912 12.3863 6.8
      vertex 48.8 12.4 6.8
    endloop
  endfacet
  facet normal -0 0 1
    outer loop
      vertex 48.3758 14.0222 6.8
      vertex 48.5912 12.3863 6.8
      vertex 48.8 14.05 6.8
    endloop
  endfacet
  facet normal 0 0 1
    outer loop
      vertex 48.5912 12.3863 6.8
      vertex 48.3758 14.0222 6.8
      vertex 48.3859 12.3455 6.8
    endloop
  endfacet
  facet normal -0 0 1
    outer loop
      vertex 47.9588 13.9393 6.8
      vertex 48.3859 12.3455 6.8
      vertex 48.3758 14.0222 6.8
    endloop
  endfacet
  facet normal 0 0 1
    outer loop
      vertex 48.3859 12.3455 6.8
      vertex 47.9588 13.9393 6.8
      vertex 48.1877 12.2782 6.8
    endloop
  endfacet
  facet normal -0 0 1
    outer loop
      vertex 47.5563 13.8026 6.8
      vertex 48.1877 12.2782 6.8
      vertex 47.9588 13.9393 6.8
    endloop
  endfacet
  facet normal 0 0 1
    outer loop
      vertex 48.1877 12.2782 6.8
      vertex 47.5563 13.8026 6.8
      vertex 48 12.1856 6.8
    endloop
  endfacet
  facet normal -0 0 1
    outer loop
      vertex 47.175 13.6146 6.8
      vertex 48 12.1856 6.8
      vertex 47.5563 13.8026 6.8
    endloop
  endfacet
  facet normal 0 0 1
    outer loop
      vertex 48 12.1856 6.8
      vertex 47.175 13.6146 6.8
      vertex 47.826 12.0694 6.8
    endloop
  endfacet
  facet normal -0 0 1
    outer loop
      vertex 46.8215 13.3784 6.8
      vertex 47.826 12.0694 6.8
      vertex 47.175 13.6146 6.8
    endloop
  endfacet
  facet normal 0 0 1
    outer loop
      vertex 47.826 12.0694 6.8
      vertex 46.8215 13.3784 6.8
      vertex 47.6686 11.9314 6.8
    endloop
  endfacet
  facet normal -0 0 1
    outer loop
      vertex 46.5019 13.0981 6.8
      vertex 47.6686 11.9314 6.8
      vertex 46.8215 13.3784 6.8
    endloop
  endfacet
  facet normal 0 0 1
    outer loop
      vertex 47.6686 11.9314 6.8
      vertex 46.5019 13.0981 6.8
      vertex 47.5306 11.774 6.8
    endloop
  endfacet
  facet normal -0 0 1
    outer loop
      vertex 46.2216 12.7785 6.8
      vertex 47.5306 11.774 6.8
      vertex 46.5019 13.0981 6.8
    endloop
  endfacet
  facet normal -0 0 1
    outer loop
      vertex 45.9854 12.425 6.8
      vertex 47.4144 11.6 6.8
      vertex 46.2216 12.7785 6.8
    endloop
  endfacet
  facet normal 0 0 1
    outer loop
      vertex 47.5306 11.774 6.8
      vertex 46.2216 12.7785 6.8
      vertex 47.4144 11.6 6.8
    endloop
  endfacet
  facet normal 0 0 1
    outer loop
      vertex 51.6146 9.175 6.8
      vertex 50.1856 10 6.8
      vertex 51.3784 8.82153 6.8
    endloop
  endfacet
  facet normal -0 0 1
    outer loop
      vertex 50.0694 9.82598 6.8
      vertex 51.3784 8.82153 6.8
      vertex 50.1856 10 6.8
    endloop
  endfacet
  facet normal 0 0 1
    outer loop
      vertex 51.3784 8.82153 6.8
      vertex 50.0694 9.82598 6.8
      vertex 51.0981 8.5019 6.8
    endloop
  endfacet
  facet normal -0 0 1
    outer loop
      vertex 49.9314 9.66863 6.8
      vertex 51.0981 8.5019 6.8
      vertex 50.0694 9.82598 6.8
    endloop
  endfacet
  facet normal 0 0 1
    outer loop
      vertex 51.0981 8.5019 6.8
      vertex 49.9314 9.66863 6.8
      vertex 50.7785 8.2216 6.8
    endloop
  endfacet
  facet normal -0 0 1
    outer loop
      vertex 49.774 9.53063 6.8
      vertex 50.7785 8.2216 6.8
      vertex 49.9314 9.66863 6.8
    endloop
  endfacet
  facet normal 0 0 1
    outer loop
      vertex 50.7785 8.2216 6.8
      vertex 49.774 9.53063 6.8
      vertex 50.425 7.98542 6.8
    endloop
  endfacet
  facet normal -0 0 1
    outer loop
      vertex 49.6 9.41436 6.8
      vertex 50.425 7.98542 6.8
      vertex 49.774 9.53063 6.8
    endloop
  endfacet
  facet normal 0 0 1
    outer loop
      vertex 50.425 7.98542 6.8
      vertex 49.6 9.41436 6.8
      vertex 50.0437 7.79739 6.8
    endloop
  endfacet
  facet normal -0 0 1
    outer loop
      vertex 49.4123 9.32179 6.8
      vertex 50.0437 7.79739 6.8
      vertex 49.6 9.41436 6.8
    endloop
  endfacet
  facet normal 0 0 1
    outer loop
      vertex 50.0437 7.79739 6.8
      vertex 49.4123 9.32179 6.8
      vertex 49.6412 7.66074 6.8
    endloop
  endfacet
  facet normal -0 0 1
    outer loop
      vertex 49.2141 9.25452 6.8
      vertex 49.6412 7.66074 6.8
      vertex 49.4123 9.32179 6.8
    endloop
  endfacet
  facet normal 0 0 1
    outer loop
      vertex 49.6412 7.66074 6.8
      vertex 49.2141 9.25452 6.8
      vertex 49.2242 7.5778 6.8
    endloop
  endfacet
  facet normal -0 0 1
    outer loop
      vertex 49.0088 9.21369 6.8
      vertex 49.2242 7.5778 6.8
      vertex 49.2141 9.25452 6.8
    endloop
  endfacet
  facet normal -0 0 1
    outer loop
      vertex 48.8 9.2 6.8
      vertex 49.2242 7.5778 6.8
      vertex 49.0088 9.21369 6.8
    endloop
  endfacet
  facet normal 0 0 1
    outer loop
      vertex 48.8 9.2 6.8
      vertex 48.8 7.55 6.8
      vertex 49.2242 7.5778 6.8
    endloop
  endfacet
  facet normal 0 0 1
    outer loop
      vertex 48.5912 9.21369 6.8
      vertex 48.8 7.55 6.8
      vertex 48.8 9.2 6.8
    endloop
  endfacet
  facet normal 0 0 1
    outer loop
      vertex 48.3758 7.5778 6.8
      vertex 48.5912 9.21369 6.8
      vertex 48.3859 9.25452 6.8
    endloop
  endfacet
  facet normal 0 0 1
    outer loop
      vertex 48.5912 9.21369 6.8
      vertex 48.3758 7.5778 6.8
      vertex 48.8 7.55 6.8
    endloop
  endfacet
  facet normal 0 0 1
    outer loop
      vertex 47.9588 7.66074 6.8
      vertex 48.3859 9.25452 6.8
      vertex 48.1877 9.32179 6.8
    endloop
  endfacet
  facet normal 0 0 1
    outer loop
      vertex 47.5563 7.79739 6.8
      vertex 48.1877 9.32179 6.8
      vertex 48 9.41436 6.8
    endloop
  endfacet
  facet normal 0 0 1
    outer loop
      vertex 48.3859 9.25452 6.8
      vertex 47.9588 7.66074 6.8
      vertex 48.3758 7.5778 6.8
    endloop
  endfacet
  facet normal 0 0 1
    outer loop
      vertex 47.175 7.98542 6.8
      vertex 48 9.41436 6.8
      vertex 47.826 9.53063 6.8
    endloop
  endfacet
  facet normal 0 0 1
    outer loop
      vertex 46.8215 8.2216 6.8
      vertex 47.826 9.53063 6.8
      vertex 47.6686 9.66863 6.8
    endloop
  endfacet
  facet normal 0 0 1
    outer loop
      vertex 48.1877 9.32179 6.8
      vertex 47.5563 7.79739 6.8
      vertex 47.9588 7.66074 6.8
    endloop
  endfacet
  facet normal 0 0 1
    outer loop
      vertex 46.5019 8.5019 6.8
      vertex 47.6686 9.66863 6.8
      vertex 47.5306 9.82598 6.8
    endloop
  endfacet
  facet normal 0 0 1
    outer loop
      vertex 46.2216 8.82153 6.8
      vertex 47.5306 9.82598 6.8
      vertex 47.4144 10 6.8
    endloop
  endfacet
  facet normal 0 0 1
    outer loop
      vertex 45.9854 9.175 6.8
      vertex 47.4144 10 6.8
      vertex 47.3218 10.1877 6.8
    endloop
  endfacet
  facet normal 0 0 1
    outer loop
      vertex 45.7974 9.55628 6.8
      vertex 47.3218 10.1877 6.8
      vertex 47.2545 10.3859 6.8
    endloop
  endfacet
  facet normal 0 0 1
    outer loop
      vertex 45.6607 9.95884 6.8
      vertex 47.2545 10.3859 6.8
      vertex 47.2137 10.5912 6.8
    endloop
  endfacet
  facet normal 0 0 1
    outer loop
      vertex 48 9.41436 6.8
      vertex 47.175 7.98542 6.8
      vertex 47.5563 7.79739 6.8
    endloop
  endfacet
  facet normal 0 0 1
    outer loop
      vertex 45.5778 10.3758 6.8
      vertex 47.2137 10.5912 6.8
      vertex 47.2 10.8 6.8
    endloop
  endfacet
  facet normal 0 0 1
    outer loop
      vertex 47.4144 11.6 6.8
      vertex 45.9854 12.425 6.8
      vertex 47.3218 11.4123 6.8
    endloop
  endfacet
  facet normal -0 0 1
    outer loop
      vertex 45.7974 12.0437 6.8
      vertex 47.3218 11.4123 6.8
      vertex 45.9854 12.425 6.8
    endloop
  endfacet
  facet normal 0 0 1
    outer loop
      vertex 47.826 9.53063 6.8
      vertex 46.8215 8.2216 6.8
      vertex 47.175 7.98542 6.8
    endloop
  endfacet
  facet normal 0 0 1
    outer loop
      vertex 47.3218 11.4123 6.8
      vertex 45.7974 12.0437 6.8
      vertex 47.2545 11.2141 6.8
    endloop
  endfacet
  facet normal 0 0 1
    outer loop
      vertex 47.6686 9.66863 6.8
      vertex 46.5019 8.5019 6.8
      vertex 46.8215 8.2216 6.8
    endloop
  endfacet
  facet normal -0 0 1
    outer loop
      vertex 45.6607 11.6412 6.8
      vertex 47.2545 11.2141 6.8
      vertex 45.7974 12.0437 6.8
    endloop
  endfacet
  facet normal 0 0 1
    outer loop
      vertex 47.5306 9.82598 6.8
      vertex 46.2216 8.82153 6.8
      vertex 46.5019 8.5019 6.8
    endloop
  endfacet
  facet normal 0 0 1
    outer loop
      vertex 47.2545 11.2141 6.8
      vertex 45.6607 11.6412 6.8
      vertex 47.2137 11.0088 6.8
    endloop
  endfacet
  facet normal 0 0 1
    outer loop
      vertex 47.4144 10 6.8
      vertex 45.9854 9.175 6.8
      vertex 46.2216 8.82153 6.8
    endloop
  endfacet
  facet normal -0 0 1
    outer loop
      vertex 45.5778 11.2242 6.8
      vertex 47.2137 11.0088 6.8
      vertex 45.6607 11.6412 6.8
    endloop
  endfacet
  facet normal 0 0 1
    outer loop
      vertex 47.3218 10.1877 6.8
      vertex 45.7974 9.55628 6.8
      vertex 45.9854 9.175 6.8
    endloop
  endfacet
  facet normal 0 0 1
    outer loop
      vertex 47.2137 11.0088 6.8
      vertex 45.5778 11.2242 6.8
      vertex 47.2 10.8 6.8
    endloop
  endfacet
  facet normal 0 0 1
    outer loop
      vertex 47.2545 10.3859 6.8
      vertex 45.6607 9.95884 6.8
      vertex 45.7974 9.55628 6.8
    endloop
  endfacet
  facet normal 0 0 1
    outer loop
      vertex 45.55 10.8 6.8
      vertex 47.2 10.8 6.8
      vertex 45.5778 11.2242 6.8
    endloop
  endfacet
  facet normal 0 0 1
    outer loop
      vertex 47.2137 10.5912 6.8
      vertex 45.5778 10.3758 6.8
      vertex 45.6607 9.95884 6.8
    endloop
  endfacet
  facet normal 0 0 1
    outer loop
      vertex 47.2 10.8 6.8
      vertex 45.55 10.8 6.8
      vertex 45.5778 10.3758 6.8
    endloop
  endfacet
  facet normal -0.0653948 0.997859 0
    outer loop
      vertex 48.8 14.05 2.8
      vertex 48.3758 14.0222 6.8
      vertex 48.8 14.05 6.8
    endloop
  endfacet
  facet normal -0.0653948 0.997859 0
    outer loop
      vertex 48.3758 14.0222 6.8
      vertex 48.8 14.05 2.8
      vertex 48.3758 14.0222 2.8
    endloop
  endfacet
  facet normal 0.946895 -0.321543 0
    outer loop
      vertex 51.8026 9.55628 6.8
      vertex 51.9393 9.95884 2.8
      vertex 51.9393 9.95884 6.8
    endloop
  endfacet
  facet normal 0.946895 -0.321543 0
    outer loop
      vertex 51.9393 9.95884 2.8
      vertex 51.8026 9.55628 6.8
      vertex 51.8026 9.55628 2.8
    endloop
  endfacet
  facet normal 0.0653948 -0.997859 0
    outer loop
      vertex 48.8 7.55 2.8
      vertex 49.2242 7.5778 6.8
      vertex 48.8 7.55 6.8
    endloop
  endfacet
  facet normal 0.0653948 -0.997859 0
    outer loop
      vertex 49.2242 7.5778 6.8
      vertex 48.8 7.55 2.8
      vertex 49.2242 7.5778 2.8
    endloop
  endfacet
  facet normal -0.65937 -0.751818 0
    outer loop
      vertex 46.5019 8.5019 2.8
      vertex 46.8215 8.2216 6.8
      vertex 46.5019 8.5019 6.8
    endloop
  endfacet
  facet normal -0.65937 -0.751818 -0
    outer loop
      vertex 46.8215 8.2216 6.8
      vertex 46.5019 8.5019 2.8
      vertex 46.8215 8.2216 2.8
    endloop
  endfacet
  facet normal -0.997859 -0.0653948 0
    outer loop
      vertex 45.5778 10.3758 2.8
      vertex 45.55 10.8 6.8
      vertex 45.55 10.8 2.8
    endloop
  endfacet
  facet normal -0.997859 -0.0653948 0
    outer loop
      vertex 45.55 10.8 6.8
      vertex 45.5778 10.3758 2.8
      vertex 45.5778 10.3758 6.8
    endloop
  endfacet
  facet normal 0.94688 0.321586 0
    outer loop
      vertex 51.9393 11.6412 6.8
      vertex 51.8026 12.0437 2.8
      vertex 51.8026 12.0437 6.8
    endloop
  endfacet
  facet normal 0.94688 0.321586 0
    outer loop
      vertex 51.8026 12.0437 2.8
      vertex 51.9393 11.6412 6.8
      vertex 51.9393 11.6412 2.8
    endloop
  endfacet
  facet normal 0.980806 0.194985 0
    outer loop
      vertex 52.0222 11.2242 6.8
      vertex 51.9393 11.6412 2.8
      vertex 51.9393 11.6412 6.8
    endloop
  endfacet
  facet normal 0.980806 0.194985 0
    outer loop
      vertex 51.9393 11.6412 2.8
      vertex 52.0222 11.2242 6.8
      vertex 52.0222 11.2242 2.8
    endloop
  endfacet
  facet normal 0.751818 0.65937 0
    outer loop
      vertex 51.3784 12.7785 6.8
      vertex 51.0981 13.0981 2.8
      vertex 51.0981 13.0981 6.8
    endloop
  endfacet
  facet normal 0.751818 0.65937 0
    outer loop
      vertex 51.0981 13.0981 2.8
      vertex 51.3784 12.7785 6.8
      vertex 51.3784 12.7785 2.8
    endloop
  endfacet
  facet normal 0.321586 0.94688 -0
    outer loop
      vertex 50.0437 13.8026 2.8
      vertex 49.6412 13.9393 6.8
      vertex 50.0437 13.8026 6.8
    endloop
  endfacet
  facet normal 0.321586 0.94688 0
    outer loop
      vertex 49.6412 13.9393 6.8
      vertex 50.0437 13.8026 2.8
      vertex 49.6412 13.9393 2.8
    endloop
  endfacet
  facet normal 0.194985 0.980806 -0
    outer loop
      vertex 49.6412 13.9393 2.8
      vertex 49.2242 14.0222 6.8
      vertex 49.6412 13.9393 6.8
    endloop
  endfacet
  facet normal 0.194985 0.980806 0
    outer loop
      vertex 49.2242 14.0222 6.8
      vertex 49.6412 13.9393 2.8
      vertex 49.2242 14.0222 2.8
    endloop
  endfacet
  facet normal -0.831471 0.555568 0
    outer loop
      vertex 45.9854 12.425 2.8
      vertex 46.2216 12.7785 6.8
      vertex 46.2216 12.7785 2.8
    endloop
  endfacet
  facet normal -0.831471 0.555568 0
    outer loop
      vertex 46.2216 12.7785 6.8
      vertex 45.9854 12.425 2.8
      vertex 45.9854 12.425 6.8
    endloop
  endfacet
  facet normal -0.94688 0.321586 0
    outer loop
      vertex 45.6607 11.6412 2.8
      vertex 45.7974 12.0437 6.8
      vertex 45.7974 12.0437 2.8
    endloop
  endfacet
  facet normal -0.94688 0.321586 0
    outer loop
      vertex 45.7974 12.0437 6.8
      vertex 45.6607 11.6412 2.8
      vertex 45.6607 11.6412 6.8
    endloop
  endfacet
  facet normal -0.980806 0.194985 0
    outer loop
      vertex 45.5778 11.2242 2.8
      vertex 45.6607 11.6412 6.8
      vertex 45.6607 11.6412 2.8
    endloop
  endfacet
  facet normal -0.980806 0.194985 0
    outer loop
      vertex 45.6607 11.6412 6.8
      vertex 45.5778 11.2242 2.8
      vertex 45.5778 11.2242 6.8
    endloop
  endfacet
  facet normal -0.44222 0.896907 0
    outer loop
      vertex 47.5563 13.8026 2.8
      vertex 47.175 13.6146 6.8
      vertex 47.5563 13.8026 6.8
    endloop
  endfacet
  facet normal -0.44222 0.896907 0
    outer loop
      vertex 47.175 13.6146 6.8
      vertex 47.5563 13.8026 2.8
      vertex 47.175 13.6146 2.8
    endloop
  endfacet
  facet normal -0.555568 0.831471 0
    outer loop
      vertex 47.175 13.6146 2.8
      vertex 46.8215 13.3784 6.8
      vertex 47.175 13.6146 6.8
    endloop
  endfacet
  facet normal -0.555568 0.831471 0
    outer loop
      vertex 46.8215 13.3784 6.8
      vertex 47.175 13.6146 2.8
      vertex 46.8215 13.3784 2.8
    endloop
  endfacet
  facet normal -0.194985 0.980806 0
    outer loop
      vertex 48.3758 14.0222 2.8
      vertex 47.9588 13.9393 6.8
      vertex 48.3758 14.0222 6.8
    endloop
  endfacet
  facet normal -0.194985 0.980806 0
    outer loop
      vertex 47.9588 13.9393 6.8
      vertex 48.3758 14.0222 2.8
      vertex 47.9588 13.9393 2.8
    endloop
  endfacet
  facet normal 0.195076 -0.980788 0
    outer loop
      vertex 49.2242 7.5778 2.8
      vertex 49.6412 7.66074 6.8
      vertex 49.2242 7.5778 6.8
    endloop
  endfacet
  facet normal 0.195076 -0.980788 0
    outer loop
      vertex 49.6412 7.66074 6.8
      vertex 49.2242 7.5778 2.8
      vertex 49.6412 7.66074 2.8
    endloop
  endfacet
  facet normal 0.65937 -0.751818 0
    outer loop
      vertex 50.7785 8.2216 2.8
      vertex 51.0981 8.5019 6.8
      vertex 50.7785 8.2216 6.8
    endloop
  endfacet
  facet normal 0.65937 -0.751818 0
    outer loop
      vertex 51.0981 8.5019 6.8
      vertex 50.7785 8.2216 2.8
      vertex 51.0981 8.5019 2.8
    endloop
  endfacet
  facet normal 0.442277 -0.896879 0
    outer loop
      vertex 50.0437 7.79739 2.8
      vertex 50.425 7.98542 6.8
      vertex 50.0437 7.79739 6.8
    endloop
  endfacet
  facet normal 0.442277 -0.896879 0
    outer loop
      vertex 50.425 7.98542 6.8
      vertex 50.0437 7.79739 2.8
      vertex 50.425 7.98542 2.8
    endloop
  endfacet
  facet normal 0.831449 -0.555601 0
    outer loop
      vertex 51.3784 8.82153 6.8
      vertex 51.6146 9.175 2.8
      vertex 51.6146 9.175 6.8
    endloop
  endfacet
  facet normal 0.831449 -0.555601 0
    outer loop
      vertex 51.6146 9.175 2.8
      vertex 51.3784 8.82153 6.8
      vertex 51.3784 8.82153 2.8
    endloop
  endfacet
  facet normal -0.555536 -0.831493 0
    outer loop
      vertex 46.8215 8.2216 2.8
      vertex 47.175 7.98542 6.8
      vertex 46.8215 8.2216 6.8
    endloop
  endfacet
  facet normal -0.555536 -0.831493 -0
    outer loop
      vertex 47.175 7.98542 6.8
      vertex 46.8215 8.2216 2.8
      vertex 47.175 7.98542 2.8
    endloop
  endfacet
  facet normal -0.321481 -0.946916 0
    outer loop
      vertex 47.5563 7.79739 2.8
      vertex 47.9588 7.66074 6.8
      vertex 47.5563 7.79739 6.8
    endloop
  endfacet
  facet normal -0.321481 -0.946916 -0
    outer loop
      vertex 47.9588 7.66074 6.8
      vertex 47.5563 7.79739 2.8
      vertex 47.9588 7.66074 2.8
    endloop
  endfacet
  facet normal -0.0653948 -0.997859 0
    outer loop
      vertex 48.3758 7.5778 2.8
      vertex 48.8 7.55 6.8
      vertex 48.3758 7.5778 6.8
    endloop
  endfacet
  facet normal -0.0653948 -0.997859 -0
    outer loop
      vertex 48.8 7.55 6.8
      vertex 48.3758 7.5778 2.8
      vertex 48.8 7.55 2.8
    endloop
  endfacet
  facet normal -0.896897 -0.442239 0
    outer loop
      vertex 45.9854 9.175 2.8
      vertex 45.7974 9.55628 6.8
      vertex 45.7974 9.55628 2.8
    endloop
  endfacet
  facet normal -0.896897 -0.442239 0
    outer loop
      vertex 45.7974 9.55628 6.8
      vertex 45.9854 9.175 2.8
      vertex 45.9854 9.175 6.8
    endloop
  endfacet
  facet normal -0.751849 -0.659335 0
    outer loop
      vertex 46.5019 8.5019 2.8
      vertex 46.2216 8.82153 6.8
      vertex 46.2216 8.82153 2.8
    endloop
  endfacet
  facet normal -0.751849 -0.659335 0
    outer loop
      vertex 46.2216 8.82153 6.8
      vertex 46.5019 8.5019 2.8
      vertex 46.5019 8.5019 6.8
    endloop
  endfacet
  facet normal -0.980803 -0.195003 0
    outer loop
      vertex 45.6607 9.95884 2.8
      vertex 45.5778 10.3758 6.8
      vertex 45.5778 10.3758 2.8
    endloop
  endfacet
  facet normal -0.980803 -0.195003 0
    outer loop
      vertex 45.5778 10.3758 6.8
      vertex 45.6607 9.95884 2.8
      vertex 45.6607 9.95884 6.8
    endloop
  endfacet
  facet normal 0.321481 -0.946916 0
    outer loop
      vertex 49.6412 7.66074 2.8
      vertex 50.0437 7.79739 6.8
      vertex 49.6412 7.66074 6.8
    endloop
  endfacet
  facet normal 0.321481 -0.946916 0
    outer loop
      vertex 50.0437 7.79739 6.8
      vertex 49.6412 7.66074 2.8
      vertex 50.0437 7.79739 2.8
    endloop
  endfacet
  facet normal 0.751849 -0.659335 0
    outer loop
      vertex 51.0981 8.5019 6.8
      vertex 51.3784 8.82153 2.8
      vertex 51.3784 8.82153 6.8
    endloop
  endfacet
  facet normal 0.751849 -0.659335 0
    outer loop
      vertex 51.3784 8.82153 2.8
      vertex 51.0981 8.5019 6.8
      vertex 51.0981 8.5019 2.8
    endloop
  endfacet
  facet normal 0.555536 -0.831493 0
    outer loop
      vertex 50.425 7.98542 2.8
      vertex 50.7785 8.2216 6.8
      vertex 50.425 7.98542 6.8
    endloop
  endfacet
  facet normal 0.555536 -0.831493 0
    outer loop
      vertex 50.7785 8.2216 6.8
      vertex 50.425 7.98542 2.8
      vertex 50.7785 8.2216 2.8
    endloop
  endfacet
  facet normal 0.980803 -0.195003 0
    outer loop
      vertex 51.9393 9.95884 6.8
      vertex 52.0222 10.3758 2.8
      vertex 52.0222 10.3758 6.8
    endloop
  endfacet
  facet normal 0.980803 -0.195003 0
    outer loop
      vertex 52.0222 10.3758 2.8
      vertex 51.9393 9.95884 6.8
      vertex 51.9393 9.95884 2.8
    endloop
  endfacet
  facet normal 0.896897 -0.442239 0
    outer loop
      vertex 51.6146 9.175 6.8
      vertex 51.8026 9.55628 2.8
      vertex 51.8026 9.55628 6.8
    endloop
  endfacet
  facet normal 0.896897 -0.442239 0
    outer loop
      vertex 51.8026 9.55628 2.8
      vertex 51.6146 9.175 6.8
      vertex 51.6146 9.175 2.8
    endloop
  endfacet
  facet normal -0.442277 -0.896879 0
    outer loop
      vertex 47.175 7.98542 2.8
      vertex 47.5563 7.79739 6.8
      vertex 47.175 7.98542 6.8
    endloop
  endfacet
  facet normal -0.442277 -0.896879 -0
    outer loop
      vertex 47.5563 7.79739 6.8
      vertex 47.175 7.98542 2.8
      vertex 47.5563 7.79739 2.8
    endloop
  endfacet
  facet normal -0.195076 -0.980788 0
    outer loop
      vertex 47.9588 7.66074 2.8
      vertex 48.3758 7.5778 6.8
      vertex 47.9588 7.66074 6.8
    endloop
  endfacet
  facet normal -0.195076 -0.980788 -0
    outer loop
      vertex 48.3758 7.5778 6.8
      vertex 47.9588 7.66074 2.8
      vertex 48.3758 7.5778 2.8
    endloop
  endfacet
  facet normal -0.831449 -0.555601 0
    outer loop
      vertex 46.2216 8.82153 2.8
      vertex 45.9854 9.175 6.8
      vertex 45.9854 9.175 2.8
    endloop
  endfacet
  facet normal -0.831449 -0.555601 0
    outer loop
      vertex 45.9854 9.175 6.8
      vertex 46.2216 8.82153 2.8
      vertex 46.2216 8.82153 6.8
    endloop
  endfacet
  facet normal -0.946895 -0.321543 0
    outer loop
      vertex 45.7974 9.55628 2.8
      vertex 45.6607 9.95884 6.8
      vertex 45.6607 9.95884 2.8
    endloop
  endfacet
  facet normal -0.946895 -0.321543 0
    outer loop
      vertex 45.6607 9.95884 6.8
      vertex 45.7974 9.55628 2.8
      vertex 45.7974 9.55628 6.8
    endloop
  endfacet
  facet normal 0.997859 -0.0653948 0
    outer loop
      vertex 52.0222 10.3758 6.8
      vertex 52.05 10.8 2.8
      vertex 52.05 10.8 6.8
    endloop
  endfacet
  facet normal 0.997859 -0.0653948 0
    outer loop
      vertex 52.05 10.8 2.8
      vertex 52.0222 10.3758 6.8
      vertex 52.0222 10.3758 2.8
    endloop
  endfacet
  facet normal -0.896803 -0.442429 0
    outer loop
      vertex 50.2782 11.4123 2.8
      vertex 50.1856 11.6 6.8
      vertex 50.1856 11.6 2.8
    endloop
  endfacet
  facet normal -0.896803 -0.442429 0
    outer loop
      vertex 50.1856 11.6 6.8
      vertex 50.2782 11.4123 2.8
      vertex 50.2782 11.4123 6.8
    endloop
  endfacet
  facet normal -0.831609 -0.555362 0
    outer loop
      vertex 50.1856 11.6 2.8
      vertex 50.0694 11.774 6.8
      vertex 50.0694 11.774 2.8
    endloop
  endfacet
  facet normal -0.831609 -0.555362 0
    outer loop
      vertex 50.0694 11.774 6.8
      vertex 50.1856 11.6 2.8
      vertex 50.1856 11.6 6.8
    endloop
  endfacet
  facet normal -0.321526 -0.946901 0
    outer loop
      vertex 49.2141 12.3455 2.8
      vertex 49.4123 12.2782 6.8
      vertex 49.2141 12.3455 6.8
    endloop
  endfacet
  facet normal -0.321526 -0.946901 -0
    outer loop
      vertex 49.4123 12.2782 6.8
      vertex 49.2141 12.3455 2.8
      vertex 49.4123 12.2782 2.8
    endloop
  endfacet
  facet normal 0.442429 -0.896803 0
    outer loop
      vertex 48 12.1856 2.8
      vertex 48.1877 12.2782 6.8
      vertex 48 12.1856 6.8
    endloop
  endfacet
  facet normal 0.442429 -0.896803 0
    outer loop
      vertex 48.1877 12.2782 6.8
      vertex 48 12.1856 2.8
      vertex 48.1877 12.2782 2.8
    endloop
  endfacet
  facet normal 0.946901 -0.321526 0
    outer loop
      vertex 47.2545 11.2141 6.8
      vertex 47.3218 11.4123 2.8
      vertex 47.3218 11.4123 6.8
    endloop
  endfacet
  facet normal 0.946901 -0.321526 0
    outer loop
      vertex 47.3218 11.4123 2.8
      vertex 47.2545 11.2141 6.8
      vertex 47.2545 11.2141 2.8
    endloop
  endfacet
  facet normal -0.980819 0.194922 0
    outer loop
      vertex 50.3455 10.3859 2.8
      vertex 50.3863 10.5912 6.8
      vertex 50.3863 10.5912 2.8
    endloop
  endfacet
  facet normal -0.980819 0.194922 0
    outer loop
      vertex 50.3863 10.5912 6.8
      vertex 50.3455 10.3859 2.8
      vertex 50.3455 10.3859 6.8
    endloop
  endfacet
  facet normal -0.442429 -0.896803 0
    outer loop
      vertex 49.4123 12.2782 2.8
      vertex 49.6 12.1856 6.8
      vertex 49.4123 12.2782 6.8
    endloop
  endfacet
  facet normal -0.442429 -0.896803 -0
    outer loop
      vertex 49.6 12.1856 6.8
      vertex 49.4123 12.2782 2.8
      vertex 49.6 12.1856 2.8
    endloop
  endfacet
  facet normal 0.997854 -0.0654722 0
    outer loop
      vertex 47.2 10.8 6.8
      vertex 47.2137 11.0088 2.8
      vertex 47.2137 11.0088 6.8
    endloop
  endfacet
  facet normal 0.997854 -0.0654722 0
    outer loop
      vertex 47.2137 11.0088 2.8
      vertex 47.2 10.8 6.8
      vertex 47.2 10.8 2.8
    endloop
  endfacet
  facet normal 0.831609 -0.555362 0
    outer loop
      vertex 47.4144 11.6 6.8
      vertex 47.5306 11.774 2.8
      vertex 47.5306 11.774 6.8
    endloop
  endfacet
  facet normal 0.831609 -0.555362 0
    outer loop
      vertex 47.5306 11.774 2.8
      vertex 47.4144 11.6 6.8
      vertex 47.4144 11.6 2.8
    endloop
  endfacet
  facet normal 0.555362 -0.831609 0
    outer loop
      vertex 47.826 12.0694 2.8
      vertex 48 12.1856 6.8
      vertex 47.826 12.0694 6.8
    endloop
  endfacet
  facet normal 0.555362 -0.831609 0
    outer loop
      vertex 48 12.1856 6.8
      vertex 47.826 12.0694 2.8
      vertex 48 12.1856 2.8
    endloop
  endfacet
  facet normal 0.321526 -0.946901 0
    outer loop
      vertex 48.1877 12.2782 2.8
      vertex 48.3859 12.3455 6.8
      vertex 48.1877 12.2782 6.8
    endloop
  endfacet
  facet normal 0.321526 -0.946901 0
    outer loop
      vertex 48.3859 12.3455 6.8
      vertex 48.1877 12.2782 2.8
      vertex 48.3859 12.3455 2.8
    endloop
  endfacet
  facet normal -0.997854 0.0654722 0
    outer loop
      vertex 50.3863 10.5912 2.8
      vertex 50.4 10.8 6.8
      vertex 50.4 10.8 2.8
    endloop
  endfacet
  facet normal -0.997854 0.0654722 0
    outer loop
      vertex 50.4 10.8 6.8
      vertex 50.3863 10.5912 2.8
      vertex 50.3863 10.5912 6.8
    endloop
  endfacet
  facet normal -0.946901 0.321526 0
    outer loop
      vertex 50.2782 10.1877 2.8
      vertex 50.3455 10.3859 6.8
      vertex 50.3455 10.3859 2.8
    endloop
  endfacet
  facet normal -0.946901 0.321526 0
    outer loop
      vertex 50.3455 10.3859 6.8
      vertex 50.2782 10.1877 2.8
      vertex 50.2782 10.1877 6.8
    endloop
  endfacet
  facet normal -0.555593 0.831454 0
    outer loop
      vertex 49.774 9.53063 2.8
      vertex 49.6 9.41436 6.8
      vertex 49.774 9.53063 6.8
    endloop
  endfacet
  facet normal -0.555593 0.831454 0
    outer loop
      vertex 49.6 9.41436 6.8
      vertex 49.774 9.53063 2.8
      vertex 49.6 9.41436 2.8
    endloop
  endfacet
  facet normal -0.946901 -0.321526 0
    outer loop
      vertex 50.3455 11.2141 2.8
      vertex 50.2782 11.4123 6.8
      vertex 50.2782 11.4123 2.8
    endloop
  endfacet
  facet normal -0.946901 -0.321526 0
    outer loop
      vertex 50.2782 11.4123 6.8
      vertex 50.3455 11.2141 2.8
      vertex 50.3455 11.2141 6.8
    endloop
  endfacet
  facet normal -0.659248 -0.751925 0
    outer loop
      vertex 49.774 12.0694 2.8
      vertex 49.9314 11.9314 6.8
      vertex 49.774 12.0694 6.8
    endloop
  endfacet
  facet normal -0.659248 -0.751925 -0
    outer loop
      vertex 49.9314 11.9314 6.8
      vertex 49.774 12.0694 2.8
      vertex 49.9314 11.9314 2.8
    endloop
  endfacet
  facet normal -0.751925 -0.659248 0
    outer loop
      vertex 50.0694 11.774 2.8
      vertex 49.9314 11.9314 6.8
      vertex 49.9314 11.9314 2.8
    endloop
  endfacet
  facet normal -0.751925 -0.659248 0
    outer loop
      vertex 49.9314 11.9314 6.8
      vertex 50.0694 11.774 2.8
      vertex 50.0694 11.774 6.8
    endloop
  endfacet
  facet normal 0.0654722 -0.997854 0
    outer loop
      vertex 48.5912 12.3863 2.8
      vertex 48.8 12.4 6.8
      vertex 48.5912 12.3863 6.8
    endloop
  endfacet
  facet normal 0.0654722 -0.997854 0
    outer loop
      vertex 48.8 12.4 6.8
      vertex 48.5912 12.3863 2.8
      vertex 48.8 12.4 2.8
    endloop
  endfacet
  facet normal -0.194922 -0.980819 0
    outer loop
      vertex 49.0088 12.3863 2.8
      vertex 49.2141 12.3455 6.8
      vertex 49.0088 12.3863 6.8
    endloop
  endfacet
  facet normal -0.194922 -0.980819 -0
    outer loop
      vertex 49.2141 12.3455 6.8
      vertex 49.0088 12.3863 2.8
      vertex 49.2141 12.3455 2.8
    endloop
  endfacet
  facet normal -0.555362 -0.831609 0
    outer loop
      vertex 49.6 12.1856 2.8
      vertex 49.774 12.0694 6.8
      vertex 49.6 12.1856 6.8
    endloop
  endfacet
  facet normal -0.555362 -0.831609 -0
    outer loop
      vertex 49.774 12.0694 6.8
      vertex 49.6 12.1856 2.8
      vertex 49.774 12.0694 2.8
    endloop
  endfacet
  facet normal 0.980819 -0.194922 0
    outer loop
      vertex 47.2137 11.0088 6.8
      vertex 47.2545 11.2141 2.8
      vertex 47.2545 11.2141 6.8
    endloop
  endfacet
  facet normal 0.980819 -0.194922 0
    outer loop
      vertex 47.2545 11.2141 2.8
      vertex 47.2137 11.0088 6.8
      vertex 47.2137 11.0088 2.8
    endloop
  endfacet
  facet normal 0.896803 -0.442429 0
    outer loop
      vertex 47.3218 11.4123 6.8
      vertex 47.4144 11.6 2.8
      vertex 47.4144 11.6 6.8
    endloop
  endfacet
  facet normal 0.896803 -0.442429 0
    outer loop
      vertex 47.4144 11.6 2.8
      vertex 47.3218 11.4123 6.8
      vertex 47.3218 11.4123 2.8
    endloop
  endfacet
  facet normal 0.194922 -0.980819 0
    outer loop
      vertex 48.3859 12.3455 2.8
      vertex 48.5912 12.3863 6.8
      vertex 48.3859 12.3455 6.8
    endloop
  endfacet
  facet normal 0.194922 -0.980819 0
    outer loop
      vertex 48.5912 12.3863 6.8
      vertex 48.3859 12.3455 2.8
      vertex 48.5912 12.3863 2.8
    endloop
  endfacet
  facet normal 0.659248 -0.751925 0
    outer loop
      vertex 47.6686 11.9314 2.8
      vertex 47.826 12.0694 6.8
      vertex 47.6686 11.9314 6.8
    endloop
  endfacet
  facet normal 0.659248 -0.751925 0
    outer loop
      vertex 47.826 12.0694 6.8
      vertex 47.6686 11.9314 2.8
      vertex 47.826 12.0694 2.8
    endloop
  endfacet
  facet normal 0.751925 -0.659248 0
    outer loop
      vertex 47.5306 11.774 6.8
      vertex 47.6686 11.9314 2.8
      vertex 47.6686 11.9314 6.8
    endloop
  endfacet
  facet normal 0.751925 -0.659248 0
    outer loop
      vertex 47.6686 11.9314 2.8
      vertex 47.5306 11.774 6.8
      vertex 47.5306 11.774 2.8
    endloop
  endfacet
  facet normal -0.997854 -0.0654722 0
    outer loop
      vertex 50.4 10.8 2.8
      vertex 50.3863 11.0088 6.8
      vertex 50.3863 11.0088 2.8
    endloop
  endfacet
  facet normal -0.997854 -0.0654722 0
    outer loop
      vertex 50.3863 11.0088 6.8
      vertex 50.4 10.8 2.8
      vertex 50.4 10.8 6.8
    endloop
  endfacet
  facet normal -0.831638 0.555318 0
    outer loop
      vertex 50.0694 9.82598 2.8
      vertex 50.1856 10 6.8
      vertex 50.1856 10 2.8
    endloop
  endfacet
  facet normal -0.831638 0.555318 0
    outer loop
      vertex 50.1856 10 6.8
      vertex 50.0694 9.82598 2.8
      vertex 50.0694 9.82598 6.8
    endloop
  endfacet
  facet normal 0.997854 0.0654722 0
    outer loop
      vertex 47.2137 10.5912 6.8
      vertex 47.2 10.8 2.8
      vertex 47.2 10.8 6.8
    endloop
  endfacet
  facet normal 0.997854 0.0654722 0
    outer loop
      vertex 47.2 10.8 2.8
      vertex 47.2137 10.5912 6.8
      vertex 47.2137 10.5912 2.8
    endloop
  endfacet
  facet normal 0.896803 0.442429 0
    outer loop
      vertex 47.4144 10 6.8
      vertex 47.3218 10.1877 2.8
      vertex 47.3218 10.1877 6.8
    endloop
  endfacet
  facet normal 0.896803 0.442429 0
    outer loop
      vertex 47.3218 10.1877 2.8
      vertex 47.4144 10 6.8
      vertex 47.4144 10 2.8
    endloop
  endfacet
  facet normal -0.195059 0.980791 0
    outer loop
      vertex 49.2141 9.25452 2.8
      vertex 49.0088 9.21369 6.8
      vertex 49.2141 9.25452 6.8
    endloop
  endfacet
  facet normal -0.195059 0.980791 0
    outer loop
      vertex 49.0088 9.21369 6.8
      vertex 49.2141 9.25452 2.8
      vertex 49.0088 9.21369 2.8
    endloop
  endfacet
  facet normal -0.659248 0.751925 0
    outer loop
      vertex 49.9314 9.66863 2.8
      vertex 49.774 9.53063 6.8
      vertex 49.9314 9.66863 6.8
    endloop
  endfacet
  facet normal -0.659248 0.751925 0
    outer loop
      vertex 49.774 9.53063 6.8
      vertex 49.9314 9.66863 2.8
      vertex 49.774 9.53063 2.8
    endloop
  endfacet
  facet normal -0.980819 -0.194922 0
    outer loop
      vertex 50.3863 11.0088 2.8
      vertex 50.3455 11.2141 6.8
      vertex 50.3455 11.2141 2.8
    endloop
  endfacet
  facet normal -0.980819 -0.194922 0
    outer loop
      vertex 50.3455 11.2141 6.8
      vertex 50.3863 11.0088 2.8
      vertex 50.3863 11.0088 6.8
    endloop
  endfacet
  facet normal -0.0654722 -0.997854 0
    outer loop
      vertex 48.8 12.4 2.8
      vertex 49.0088 12.3863 6.8
      vertex 48.8 12.4 6.8
    endloop
  endfacet
  facet normal -0.0654722 -0.997854 -0
    outer loop
      vertex 49.0088 12.3863 6.8
      vertex 48.8 12.4 2.8
      vertex 49.0088 12.3863 2.8
    endloop
  endfacet
  facet normal -0.896803 0.442429 0
    outer loop
      vertex 50.1856 10 2.8
      vertex 50.2782 10.1877 6.8
      vertex 50.2782 10.1877 2.8
    endloop
  endfacet
  facet normal -0.896803 0.442429 0
    outer loop
      vertex 50.2782 10.1877 6.8
      vertex 50.1856 10 2.8
      vertex 50.1856 10 6.8
    endloop
  endfacet
  facet normal 0.0654247 0.997858 -0
    outer loop
      vertex 48.8 9.2 2.8
      vertex 48.5912 9.21369 6.8
      vertex 48.8 9.2 6.8
    endloop
  endfacet
  facet normal 0.0654247 0.997858 0
    outer loop
      vertex 48.5912 9.21369 6.8
      vertex 48.8 9.2 2.8
      vertex 48.5912 9.21369 2.8
    endloop
  endfacet
  facet normal 0.946901 0.321526 0
    outer loop
      vertex 47.3218 10.1877 6.8
      vertex 47.2545 10.3859 2.8
      vertex 47.2545 10.3859 6.8
    endloop
  endfacet
  facet normal 0.946901 0.321526 0
    outer loop
      vertex 47.2545 10.3859 2.8
      vertex 47.3218 10.1877 6.8
      vertex 47.3218 10.1877 2.8
    endloop
  endfacet
  facet normal 0.980819 0.194922 0
    outer loop
      vertex 47.2545 10.3859 6.8
      vertex 47.2137 10.5912 2.8
      vertex 47.2137 10.5912 6.8
    endloop
  endfacet
  facet normal 0.980819 0.194922 0
    outer loop
      vertex 47.2137 10.5912 2.8
      vertex 47.2545 10.3859 6.8
      vertex 47.2545 10.3859 2.8
    endloop
  endfacet
  facet normal -0.442314 0.89686 0
    outer loop
      vertex 49.6 9.41436 2.8
      vertex 49.4123 9.32179 6.8
      vertex 49.6 9.41436 6.8
    endloop
  endfacet
  facet normal -0.442314 0.89686 0
    outer loop
      vertex 49.4123 9.32179 6.8
      vertex 49.6 9.41436 2.8
      vertex 49.4123 9.32179 2.8
    endloop
  endfacet
  facet normal -0.321397 0.946944 0
    outer loop
      vertex 49.4123 9.32179 2.8
      vertex 49.2141 9.25452 6.8
      vertex 49.4123 9.32179 6.8
    endloop
  endfacet
  facet normal -0.321397 0.946944 0
    outer loop
      vertex 49.2141 9.25452 6.8
      vertex 49.4123 9.32179 2.8
      vertex 49.2141 9.25452 2.8
    endloop
  endfacet
  facet normal -0.751821 0.659367 0
    outer loop
      vertex 49.9314 9.66863 2.8
      vertex 50.0694 9.82598 6.8
      vertex 50.0694 9.82598 2.8
    endloop
  endfacet
  facet normal -0.751821 0.659367 0
    outer loop
      vertex 50.0694 9.82598 6.8
      vertex 49.9314 9.66863 2.8
      vertex 49.9314 9.66863 6.8
    endloop
  endfacet
  facet normal 0.321397 0.946944 -0
    outer loop
      vertex 48.3859 9.25452 2.8
      vertex 48.1877 9.32179 6.8
      vertex 48.3859 9.25452 6.8
    endloop
  endfacet
  facet normal 0.321397 0.946944 0
    outer loop
      vertex 48.1877 9.32179 6.8
      vertex 48.3859 9.25452 2.8
      vertex 48.1877 9.32179 2.8
    endloop
  endfacet
  facet normal -0.0654247 0.997858 0
    outer loop
      vertex 49.0088 9.21369 2.8
      vertex 48.8 9.2 6.8
      vertex 49.0088 9.21369 6.8
    endloop
  endfacet
  facet normal -0.0654247 0.997858 0
    outer loop
      vertex 48.8 9.2 6.8
      vertex 49.0088 9.21369 2.8
      vertex 48.8 9.2 2.8
    endloop
  endfacet
  facet normal 0.195059 0.980791 -0
    outer loop
      vertex 48.5912 9.21369 2.8
      vertex 48.3859 9.25452 6.8
      vertex 48.5912 9.21369 6.8
    endloop
  endfacet
  facet normal 0.195059 0.980791 0
    outer loop
      vertex 48.3859 9.25452 6.8
      vertex 48.5912 9.21369 2.8
      vertex 48.3859 9.25452 2.8
    endloop
  endfacet
  facet normal 0.751821 0.659367 0
    outer loop
      vertex 47.6686 9.66863 6.8
      vertex 47.5306 9.82598 2.8
      vertex 47.5306 9.82598 6.8
    endloop
  endfacet
  facet normal 0.751821 0.659367 0
    outer loop
      vertex 47.5306 9.82598 2.8
      vertex 47.6686 9.66863 6.8
      vertex 47.6686 9.66863 2.8
    endloop
  endfacet
  facet normal 0.659248 0.751925 -0
    outer loop
      vertex 47.826 9.53063 2.8
      vertex 47.6686 9.66863 6.8
      vertex 47.826 9.53063 6.8
    endloop
  endfacet
  facet normal 0.659248 0.751925 0
    outer loop
      vertex 47.6686 9.66863 6.8
      vertex 47.826 9.53063 2.8
      vertex 47.6686 9.66863 2.8
    endloop
  endfacet
  facet normal 0.555593 0.831454 -0
    outer loop
      vertex 48 9.41436 2.8
      vertex 47.826 9.53063 6.8
      vertex 48 9.41436 6.8
    endloop
  endfacet
  facet normal 0.555593 0.831454 0
    outer loop
      vertex 47.826 9.53063 6.8
      vertex 48 9.41436 2.8
      vertex 47.826 9.53063 2.8
    endloop
  endfacet
  facet normal 0.831638 0.555318 0
    outer loop
      vertex 47.5306 9.82598 6.8
      vertex 47.4144 10 2.8
      vertex 47.4144 10 6.8
    endloop
  endfacet
  facet normal 0.831638 0.555318 0
    outer loop
      vertex 47.4144 10 2.8
      vertex 47.5306 9.82598 6.8
      vertex 47.5306 9.82598 2.8
    endloop
  endfacet
  facet normal 0.442314 0.89686 -0
    outer loop
      vertex 48.1877 9.32179 2.8
      vertex 48 9.41436 6.8
      vertex 48.1877 9.32179 6.8
    endloop
  endfacet
  facet normal 0.442314 0.89686 0
    outer loop
      vertex 48 9.41436 6.8
      vertex 48.1877 9.32179 2.8
      vertex 48 9.41436 2.8
    endloop
  endfacet
  facet normal 0.997829 0.0658633 0
    outer loop
      vertex 110.05 10.8 6.8
      vertex 110.022 11.2242 2.8
      vertex 110.022 11.2242 6.8
    endloop
  endfacet
  facet normal 0.997829 0.0658633 0
    outer loop
      vertex 110.022 11.2242 2.8
      vertex 110.05 10.8 6.8
      vertex 110.05 10.8 2.8
    endloop
  endfacet
  facet normal -0.997829 0.0658633 0
    outer loop
      vertex 103.55 10.8 2.8
      vertex 103.578 11.2242 6.8
      vertex 103.578 11.2242 2.8
    endloop
  endfacet
  facet normal -0.997829 0.0658633 0
    outer loop
      vertex 103.578 11.2242 6.8
      vertex 103.55 10.8 2.8
      vertex 103.55 10.8 6.8
    endloop
  endfacet
  facet normal 0.0654256 0.997857 -0
    outer loop
      vertex 107.224 14.0222 2.8
      vertex 106.8 14.05 6.8
      vertex 107.224 14.0222 6.8
    endloop
  endfacet
  facet normal 0.0654256 0.997857 0
    outer loop
      vertex 106.8 14.05 6.8
      vertex 107.224 14.0222 2.8
      vertex 106.8 14.05 2.8
    endloop
  endfacet
  facet normal 0.658904 0.752227 -0
    outer loop
      vertex 109.098 13.0981 2.8
      vertex 108.778 13.3784 6.8
      vertex 109.098 13.0981 6.8
    endloop
  endfacet
  facet normal 0.658904 0.752227 0
    outer loop
      vertex 108.778 13.3784 6.8
      vertex 109.098 13.0981 2.8
      vertex 108.778 13.3784 2.8
    endloop
  endfacet
  facet normal -0.658904 0.752227 0
    outer loop
      vertex 104.822 13.3784 2.8
      vertex 104.502 13.0981 6.8
      vertex 104.822 13.3784 6.8
    endloop
  endfacet
  facet normal -0.658904 0.752227 0
    outer loop
      vertex 104.502 13.0981 6.8
      vertex 104.822 13.3784 2.8
      vertex 104.502 13.0981 2.8
    endloop
  endfacet
  facet normal -0.321229 0.947002 0
    outer loop
      vertex 105.959 13.9393 2.8
      vertex 105.556 13.8026 6.8
      vertex 105.959 13.9393 6.8
    endloop
  endfacet
  facet normal -0.321229 0.947002 0
    outer loop
      vertex 105.556 13.8026 6.8
      vertex 105.959 13.9393 2.8
      vertex 105.556 13.8026 2.8
    endloop
  endfacet
  facet normal 0 0 -1
    outer loop
      vertex 108.4 10.8 2.8
      vertex 110.05 10.8 2.8
      vertex 110.022 10.3758 2.8
    endloop
  endfacet
  facet normal 0 0 -1
    outer loop
      vertex 108.386 10.5912 2.8
      vertex 110.022 10.3758 2.8
      vertex 109.939 9.95884 2.8
    endloop
  endfacet
  facet normal 0 0 -1
    outer loop
      vertex 110.05 10.8 2.8
      vertex 108.4 10.8 2.8
      vertex 110.022 11.2242 2.8
    endloop
  endfacet
  facet normal 0 0 -1
    outer loop
      vertex 108.345 10.3859 2.8
      vertex 109.939 9.95884 2.8
      vertex 109.803 9.55628 2.8
    endloop
  endfacet
  facet normal 0 0 -1
    outer loop
      vertex 108.386 11.0088 2.8
      vertex 110.022 11.2242 2.8
      vertex 108.4 10.8 2.8
    endloop
  endfacet
  facet normal 0 0 -1
    outer loop
      vertex 108.278 10.1877 2.8
      vertex 109.803 9.55628 2.8
      vertex 109.615 9.175 2.8
    endloop
  endfacet
  facet normal -0 0 -1
    outer loop
      vertex 110.022 11.2242 2.8
      vertex 108.386 11.0088 2.8
      vertex 109.939 11.6412 2.8
    endloop
  endfacet
  facet normal 0 0 -1
    outer loop
      vertex 108.186 10 2.8
      vertex 109.615 9.175 2.8
      vertex 109.378 8.82153 2.8
    endloop
  endfacet
  facet normal 0 0 -1
    outer loop
      vertex 108.345 11.2141 2.8
      vertex 109.939 11.6412 2.8
      vertex 108.386 11.0088 2.8
    endloop
  endfacet
  facet normal 0 0 -1
    outer loop
      vertex 108.069 9.82598 2.8
      vertex 109.378 8.82153 2.8
      vertex 109.098 8.5019 2.8
    endloop
  endfacet
  facet normal -0 0 -1
    outer loop
      vertex 109.939 11.6412 2.8
      vertex 108.345 11.2141 2.8
      vertex 109.803 12.0437 2.8
    endloop
  endfacet
  facet normal 0 0 -1
    outer loop
      vertex 107.931 9.66863 2.8
      vertex 109.098 8.5019 2.8
      vertex 108.778 8.2216 2.8
    endloop
  endfacet
  facet normal 0 0 -1
    outer loop
      vertex 108.278 11.4123 2.8
      vertex 109.803 12.0437 2.8
      vertex 108.345 11.2141 2.8
    endloop
  endfacet
  facet normal 0 0 -1
    outer loop
      vertex 107.774 9.53063 2.8
      vertex 108.778 8.2216 2.8
      vertex 108.425 7.98542 2.8
    endloop
  endfacet
  facet normal -0 0 -1
    outer loop
      vertex 109.803 12.0437 2.8
      vertex 108.278 11.4123 2.8
      vertex 109.615 12.425 2.8
    endloop
  endfacet
  facet normal 0 0 -1
    outer loop
      vertex 108.186 11.6 2.8
      vertex 109.615 12.425 2.8
      vertex 108.278 11.4123 2.8
    endloop
  endfacet
  facet normal 0 0 -1
    outer loop
      vertex 110.022 10.3758 2.8
      vertex 108.386 10.5912 2.8
      vertex 108.4 10.8 2.8
    endloop
  endfacet
  facet normal 0 0 -1
    outer loop
      vertex 109.939 9.95884 2.8
      vertex 108.345 10.3859 2.8
      vertex 108.386 10.5912 2.8
    endloop
  endfacet
  facet normal 0 0 -1
    outer loop
      vertex 109.803 9.55628 2.8
      vertex 108.278 10.1877 2.8
      vertex 108.345 10.3859 2.8
    endloop
  endfacet
  facet normal 0 0 -1
    outer loop
      vertex 109.615 9.175 2.8
      vertex 108.186 10 2.8
      vertex 108.278 10.1877 2.8
    endloop
  endfacet
  facet normal 0 0 -1
    outer loop
      vertex 109.378 8.82153 2.8
      vertex 108.069 9.82598 2.8
      vertex 108.186 10 2.8
    endloop
  endfacet
  facet normal 0 0 -1
    outer loop
      vertex 107.6 9.41436 2.8
      vertex 108.425 7.98542 2.8
      vertex 108.044 7.79739 2.8
    endloop
  endfacet
  facet normal 0 0 -1
    outer loop
      vertex 109.098 8.5019 2.8
      vertex 107.931 9.66863 2.8
      vertex 108.069 9.82598 2.8
    endloop
  endfacet
  facet normal 0 0 -1
    outer loop
      vertex 108.778 8.2216 2.8
      vertex 107.774 9.53063 2.8
      vertex 107.931 9.66863 2.8
    endloop
  endfacet
  facet normal 0 0 -1
    outer loop
      vertex 107.412 9.32179 2.8
      vertex 108.044 7.79739 2.8
      vertex 107.641 7.66074 2.8
    endloop
  endfacet
  facet normal 0 0 -1
    outer loop
      vertex 108.425 7.98542 2.8
      vertex 107.6 9.41436 2.8
      vertex 107.774 9.53063 2.8
    endloop
  endfacet
  facet normal 0 0 -1
    outer loop
      vertex 108.044 7.79739 2.8
      vertex 107.412 9.32179 2.8
      vertex 107.6 9.41436 2.8
    endloop
  endfacet
  facet normal 0 0 -1
    outer loop
      vertex 107.214 9.25452 2.8
      vertex 107.641 7.66074 2.8
      vertex 107.224 7.5778 2.8
    endloop
  endfacet
  facet normal 0 0 -1
    outer loop
      vertex 107.641 7.66074 2.8
      vertex 107.214 9.25452 2.8
      vertex 107.412 9.32179 2.8
    endloop
  endfacet
  facet normal 0 0 -1
    outer loop
      vertex 107.224 7.5778 2.8
      vertex 107.009 9.21369 2.8
      vertex 107.214 9.25452 2.8
    endloop
  endfacet
  facet normal 0 0 -1
    outer loop
      vertex 106.8 7.55 2.8
      vertex 107.009 9.21369 2.8
      vertex 107.224 7.5778 2.8
    endloop
  endfacet
  facet normal 0 0 -1
    outer loop
      vertex 106.8 7.55 2.8
      vertex 106.8 9.2 2.8
      vertex 107.009 9.21369 2.8
    endloop
  endfacet
  facet normal 0 0 -1
    outer loop
      vertex 106.8 7.55 2.8
      vertex 106.591 9.21369 2.8
      vertex 106.8 9.2 2.8
    endloop
  endfacet
  facet normal 0 0 -1
    outer loop
      vertex 106.376 7.5778 2.8
      vertex 106.591 9.21369 2.8
      vertex 106.8 7.55 2.8
    endloop
  endfacet
  facet normal -0 0 -1
    outer loop
      vertex 106.591 9.21369 2.8
      vertex 106.376 7.5778 2.8
      vertex 106.386 9.25452 2.8
    endloop
  endfacet
  facet normal 0 0 -1
    outer loop
      vertex 105.959 7.66074 2.8
      vertex 106.386 9.25452 2.8
      vertex 106.376 7.5778 2.8
    endloop
  endfacet
  facet normal -0 0 -1
    outer loop
      vertex 106.386 9.25452 2.8
      vertex 105.959 7.66074 2.8
      vertex 106.188 9.32179 2.8
    endloop
  endfacet
  facet normal 0 0 -1
    outer loop
      vertex 105.556 7.79739 2.8
      vertex 106.188 9.32179 2.8
      vertex 105.959 7.66074 2.8
    endloop
  endfacet
  facet normal -0 0 -1
    outer loop
      vertex 106.188 9.32179 2.8
      vertex 105.556 7.79739 2.8
      vertex 106 9.41436 2.8
    endloop
  endfacet
  facet normal 0 0 -1
    outer loop
      vertex 105.175 7.98542 2.8
      vertex 106 9.41436 2.8
      vertex 105.556 7.79739 2.8
    endloop
  endfacet
  facet normal -0 0 -1
    outer loop
      vertex 106 9.41436 2.8
      vertex 105.175 7.98542 2.8
      vertex 105.826 9.53063 2.8
    endloop
  endfacet
  facet normal 0 0 -1
    outer loop
      vertex 104.822 8.2216 2.8
      vertex 105.826 9.53063 2.8
      vertex 105.175 7.98542 2.8
    endloop
  endfacet
  facet normal -0 0 -1
    outer loop
      vertex 105.826 9.53063 2.8
      vertex 104.822 8.2216 2.8
      vertex 105.669 9.66863 2.8
    endloop
  endfacet
  facet normal 0 0 -1
    outer loop
      vertex 104.502 8.5019 2.8
      vertex 105.669 9.66863 2.8
      vertex 104.822 8.2216 2.8
    endloop
  endfacet
  facet normal -0 0 -1
    outer loop
      vertex 105.669 9.66863 2.8
      vertex 104.502 8.5019 2.8
      vertex 105.531 9.82598 2.8
    endloop
  endfacet
  facet normal 0 0 -1
    outer loop
      vertex 104.222 8.82153 2.8
      vertex 105.531 9.82598 2.8
      vertex 104.502 8.5019 2.8
    endloop
  endfacet
  facet normal 0 0 -1
    outer loop
      vertex 103.985 9.175 2.8
      vertex 105.414 10 2.8
      vertex 104.222 8.82153 2.8
    endloop
  endfacet
  facet normal -0 0 -1
    outer loop
      vertex 105.531 9.82598 2.8
      vertex 104.222 8.82153 2.8
      vertex 105.414 10 2.8
    endloop
  endfacet
  facet normal -0 0 -1
    outer loop
      vertex 109.615 12.425 2.8
      vertex 108.186 11.6 2.8
      vertex 109.378 12.7785 2.8
    endloop
  endfacet
  facet normal 0 0 -1
    outer loop
      vertex 108.069 11.774 2.8
      vertex 109.378 12.7785 2.8
      vertex 108.186 11.6 2.8
    endloop
  endfacet
  facet normal -0 0 -1
    outer loop
      vertex 109.378 12.7785 2.8
      vertex 108.069 11.774 2.8
      vertex 109.098 13.0981 2.8
    endloop
  endfacet
  facet normal 0 0 -1
    outer loop
      vertex 107.931 11.9314 2.8
      vertex 109.098 13.0981 2.8
      vertex 108.069 11.774 2.8
    endloop
  endfacet
  facet normal -0 0 -1
    outer loop
      vertex 109.098 13.0981 2.8
      vertex 107.931 11.9314 2.8
      vertex 108.778 13.3784 2.8
    endloop
  endfacet
  facet normal 0 0 -1
    outer loop
      vertex 107.774 12.0694 2.8
      vertex 108.778 13.3784 2.8
      vertex 107.931 11.9314 2.8
    endloop
  endfacet
  facet normal -0 0 -1
    outer loop
      vertex 108.778 13.3784 2.8
      vertex 107.774 12.0694 2.8
      vertex 108.425 13.6146 2.8
    endloop
  endfacet
  facet normal 0 0 -1
    outer loop
      vertex 107.6 12.1856 2.8
      vertex 108.425 13.6146 2.8
      vertex 107.774 12.0694 2.8
    endloop
  endfacet
  facet normal -0 0 -1
    outer loop
      vertex 108.425 13.6146 2.8
      vertex 107.6 12.1856 2.8
      vertex 108.044 13.8026 2.8
    endloop
  endfacet
  facet normal 0 0 -1
    outer loop
      vertex 107.412 12.2782 2.8
      vertex 108.044 13.8026 2.8
      vertex 107.6 12.1856 2.8
    endloop
  endfacet
  facet normal -0 0 -1
    outer loop
      vertex 108.044 13.8026 2.8
      vertex 107.412 12.2782 2.8
      vertex 107.641 13.9393 2.8
    endloop
  endfacet
  facet normal 0 0 -1
    outer loop
      vertex 107.214 12.3455 2.8
      vertex 107.641 13.9393 2.8
      vertex 107.412 12.2782 2.8
    endloop
  endfacet
  facet normal -0 0 -1
    outer loop
      vertex 107.641 13.9393 2.8
      vertex 107.214 12.3455 2.8
      vertex 107.224 14.0222 2.8
    endloop
  endfacet
  facet normal 0 0 -1
    outer loop
      vertex 107.009 12.3863 2.8
      vertex 107.224 14.0222 2.8
      vertex 107.214 12.3455 2.8
    endloop
  endfacet
  facet normal 0 0 -1
    outer loop
      vertex 106.8 12.4 2.8
      vertex 107.224 14.0222 2.8
      vertex 107.009 12.3863 2.8
    endloop
  endfacet
  facet normal 0 0 -1
    outer loop
      vertex 106.8 12.4 2.8
      vertex 106.8 14.05 2.8
      vertex 107.224 14.0222 2.8
    endloop
  endfacet
  facet normal 0 0 -1
    outer loop
      vertex 106.591 12.3863 2.8
      vertex 106.8 14.05 2.8
      vertex 106.8 12.4 2.8
    endloop
  endfacet
  facet normal 0 0 -1
    outer loop
      vertex 106.376 14.0222 2.8
      vertex 106.591 12.3863 2.8
      vertex 106.386 12.3455 2.8
    endloop
  endfacet
  facet normal 0 0 -1
    outer loop
      vertex 106.591 12.3863 2.8
      vertex 106.376 14.0222 2.8
      vertex 106.8 14.05 2.8
    endloop
  endfacet
  facet normal 0 0 -1
    outer loop
      vertex 105.959 13.9393 2.8
      vertex 106.386 12.3455 2.8
      vertex 106.188 12.2782 2.8
    endloop
  endfacet
  facet normal 0 0 -1
    outer loop
      vertex 105.556 13.8026 2.8
      vertex 106.188 12.2782 2.8
      vertex 106 12.1856 2.8
    endloop
  endfacet
  facet normal 0 0 -1
    outer loop
      vertex 106.386 12.3455 2.8
      vertex 105.959 13.9393 2.8
      vertex 106.376 14.0222 2.8
    endloop
  endfacet
  facet normal 0 0 -1
    outer loop
      vertex 105.175 13.6146 2.8
      vertex 106 12.1856 2.8
      vertex 105.826 12.0694 2.8
    endloop
  endfacet
  facet normal 0 0 -1
    outer loop
      vertex 104.822 13.3784 2.8
      vertex 105.826 12.0694 2.8
      vertex 105.669 11.9314 2.8
    endloop
  endfacet
  facet normal 0 0 -1
    outer loop
      vertex 106.188 12.2782 2.8
      vertex 105.556 13.8026 2.8
      vertex 105.959 13.9393 2.8
    endloop
  endfacet
  facet normal 0 0 -1
    outer loop
      vertex 104.502 13.0981 2.8
      vertex 105.669 11.9314 2.8
      vertex 105.531 11.774 2.8
    endloop
  endfacet
  facet normal 0 0 -1
    outer loop
      vertex 104.222 12.7785 2.8
      vertex 105.531 11.774 2.8
      vertex 105.414 11.6 2.8
    endloop
  endfacet
  facet normal 0 0 -1
    outer loop
      vertex 103.985 12.425 2.8
      vertex 105.414 11.6 2.8
      vertex 105.322 11.4123 2.8
    endloop
  endfacet
  facet normal 0 0 -1
    outer loop
      vertex 103.797 12.0437 2.8
      vertex 105.322 11.4123 2.8
      vertex 105.255 11.2141 2.8
    endloop
  endfacet
  facet normal 0 0 -1
    outer loop
      vertex 103.661 11.6412 2.8
      vertex 105.255 11.2141 2.8
      vertex 105.214 11.0088 2.8
    endloop
  endfacet
  facet normal 0 0 -1
    outer loop
      vertex 106 12.1856 2.8
      vertex 105.175 13.6146 2.8
      vertex 105.556 13.8026 2.8
    endloop
  endfacet
  facet normal 0 0 -1
    outer loop
      vertex 103.578 11.2242 2.8
      vertex 105.214 11.0088 2.8
      vertex 105.2 10.8 2.8
    endloop
  endfacet
  facet normal -0 0 -1
    outer loop
      vertex 105.414 10 2.8
      vertex 103.985 9.175 2.8
      vertex 105.322 10.1877 2.8
    endloop
  endfacet
  facet normal 0 0 -1
    outer loop
      vertex 103.797 9.55628 2.8
      vertex 105.322 10.1877 2.8
      vertex 103.985 9.175 2.8
    endloop
  endfacet
  facet normal 0 0 -1
    outer loop
      vertex 105.826 12.0694 2.8
      vertex 104.822 13.3784 2.8
      vertex 105.175 13.6146 2.8
    endloop
  endfacet
  facet normal -0 0 -1
    outer loop
      vertex 105.322 10.1877 2.8
      vertex 103.797 9.55628 2.8
      vertex 105.255 10.3859 2.8
    endloop
  endfacet
  facet normal 0 0 -1
    outer loop
      vertex 105.669 11.9314 2.8
      vertex 104.502 13.0981 2.8
      vertex 104.822 13.3784 2.8
    endloop
  endfacet
  facet normal 0 0 -1
    outer loop
      vertex 103.661 9.95884 2.8
      vertex 105.255 10.3859 2.8
      vertex 103.797 9.55628 2.8
    endloop
  endfacet
  facet normal 0 0 -1
    outer loop
      vertex 105.531 11.774 2.8
      vertex 104.222 12.7785 2.8
      vertex 104.502 13.0981 2.8
    endloop
  endfacet
  facet normal -0 0 -1
    outer loop
      vertex 105.255 10.3859 2.8
      vertex 103.661 9.95884 2.8
      vertex 105.214 10.5912 2.8
    endloop
  endfacet
  facet normal 0 0 -1
    outer loop
      vertex 105.414 11.6 2.8
      vertex 103.985 12.425 2.8
      vertex 104.222 12.7785 2.8
    endloop
  endfacet
  facet normal 0 0 -1
    outer loop
      vertex 103.578 10.3758 2.8
      vertex 105.214 10.5912 2.8
      vertex 103.661 9.95884 2.8
    endloop
  endfacet
  facet normal 0 0 -1
    outer loop
      vertex 105.322 11.4123 2.8
      vertex 103.797 12.0437 2.8
      vertex 103.985 12.425 2.8
    endloop
  endfacet
  facet normal -0 0 -1
    outer loop
      vertex 105.214 10.5912 2.8
      vertex 103.578 10.3758 2.8
      vertex 105.2 10.8 2.8
    endloop
  endfacet
  facet normal 0 0 -1
    outer loop
      vertex 105.255 11.2141 2.8
      vertex 103.661 11.6412 2.8
      vertex 103.797 12.0437 2.8
    endloop
  endfacet
  facet normal 0 0 -1
    outer loop
      vertex 103.55 10.8 2.8
      vertex 105.2 10.8 2.8
      vertex 103.578 10.3758 2.8
    endloop
  endfacet
  facet normal 0 0 -1
    outer loop
      vertex 105.214 11.0088 2.8
      vertex 103.578 11.2242 2.8
      vertex 103.661 11.6412 2.8
    endloop
  endfacet
  facet normal 0 0 -1
    outer loop
      vertex 105.2 10.8 2.8
      vertex 103.55 10.8 2.8
      vertex 103.578 11.2242 2.8
    endloop
  endfacet
  facet normal 0.896907 0.44222 0
    outer loop
      vertex 109.803 12.0437 6.8
      vertex 109.615 12.425 2.8
      vertex 109.615 12.425 6.8
    endloop
  endfacet
  facet normal 0.896907 0.44222 0
    outer loop
      vertex 109.615 12.425 2.8
      vertex 109.803 12.0437 6.8
      vertex 109.803 12.0437 2.8
    endloop
  endfacet
  facet normal 0.830602 0.556867 0
    outer loop
      vertex 109.615 12.425 6.8
      vertex 109.378 12.7785 2.8
      vertex 109.378 12.7785 6.8
    endloop
  endfacet
  facet normal 0.830602 0.556867 0
    outer loop
      vertex 109.378 12.7785 2.8
      vertex 109.615 12.425 6.8
      vertex 109.615 12.425 2.8
    endloop
  endfacet
  facet normal 0.4425 0.896769 -0
    outer loop
      vertex 108.425 13.6146 2.8
      vertex 108.044 13.8026 6.8
      vertex 108.425 13.6146 6.8
    endloop
  endfacet
  facet normal 0.4425 0.896769 0
    outer loop
      vertex 108.044 13.8026 6.8
      vertex 108.425 13.6146 2.8
      vertex 108.044 13.8026 2.8
    endloop
  endfacet
  facet normal 0.556112 0.831107 -0
    outer loop
      vertex 108.778 13.3784 2.8
      vertex 108.425 13.6146 6.8
      vertex 108.778 13.3784 6.8
    endloop
  endfacet
  facet normal 0.556112 0.831107 0
    outer loop
      vertex 108.425 13.6146 6.8
      vertex 108.778 13.3784 2.8
      vertex 108.425 13.6146 2.8
    endloop
  endfacet
  facet normal -0.896907 0.44222 0
    outer loop
      vertex 103.797 12.0437 2.8
      vertex 103.985 12.425 6.8
      vertex 103.985 12.425 2.8
    endloop
  endfacet
  facet normal -0.896907 0.44222 0
    outer loop
      vertex 103.985 12.425 6.8
      vertex 103.797 12.0437 2.8
      vertex 103.797 12.0437 6.8
    endloop
  endfacet
  facet normal -0.752168 0.658971 0
    outer loop
      vertex 104.222 12.7785 2.8
      vertex 104.502 13.0981 6.8
      vertex 104.502 13.0981 2.8
    endloop
  endfacet
  facet normal -0.752168 0.658971 0
    outer loop
      vertex 104.502 13.0981 6.8
      vertex 104.222 12.7785 2.8
      vertex 104.222 12.7785 6.8
    endloop
  endfacet
  facet normal 0 0 1
    outer loop
      vertex 108.4 10.8 6.8
      vertex 110.05 10.8 6.8
      vertex 110.022 11.2242 6.8
    endloop
  endfacet
  facet normal 0 0 1
    outer loop
      vertex 108.386 11.0088 6.8
      vertex 110.022 11.2242 6.8
      vertex 109.939 11.6412 6.8
    endloop
  endfacet
  facet normal 0 0 1
    outer loop
      vertex 110.05 10.8 6.8
      vertex 108.4 10.8 6.8
      vertex 110.022 10.3758 6.8
    endloop
  endfacet
  facet normal 0 0 1
    outer loop
      vertex 108.345 11.2141 6.8
      vertex 109.939 11.6412 6.8
      vertex 109.803 12.0437 6.8
    endloop
  endfacet
  facet normal -0 0 1
    outer loop
      vertex 108.386 10.5912 6.8
      vertex 110.022 10.3758 6.8
      vertex 108.4 10.8 6.8
    endloop
  endfacet
  facet normal 0 0 1
    outer loop
      vertex 108.278 11.4123 6.8
      vertex 109.803 12.0437 6.8
      vertex 109.615 12.425 6.8
    endloop
  endfacet
  facet normal 0 0 1
    outer loop
      vertex 110.022 10.3758 6.8
      vertex 108.386 10.5912 6.8
      vertex 109.939 9.95884 6.8
    endloop
  endfacet
  facet normal 0 0 1
    outer loop
      vertex 108.186 11.6 6.8
      vertex 109.615 12.425 6.8
      vertex 109.378 12.7785 6.8
    endloop
  endfacet
  facet normal -0 0 1
    outer loop
      vertex 108.345 10.3859 6.8
      vertex 109.939 9.95884 6.8
      vertex 108.386 10.5912 6.8
    endloop
  endfacet
  facet normal 0 0 1
    outer loop
      vertex 108.069 11.774 6.8
      vertex 109.378 12.7785 6.8
      vertex 109.098 13.0981 6.8
    endloop
  endfacet
  facet normal 0 0 1
    outer loop
      vertex 109.939 9.95884 6.8
      vertex 108.345 10.3859 6.8
      vertex 109.803 9.55628 6.8
    endloop
  endfacet
  facet normal 0 0 1
    outer loop
      vertex 107.931 11.9314 6.8
      vertex 109.098 13.0981 6.8
      vertex 108.778 13.3784 6.8
    endloop
  endfacet
  facet normal -0 0 1
    outer loop
      vertex 108.278 10.1877 6.8
      vertex 109.803 9.55628 6.8
      vertex 108.345 10.3859 6.8
    endloop
  endfacet
  facet normal 0 0 1
    outer loop
      vertex 107.774 12.0694 6.8
      vertex 108.778 13.3784 6.8
      vertex 108.425 13.6146 6.8
    endloop
  endfacet
  facet normal 0 0 1
    outer loop
      vertex 109.803 9.55628 6.8
      vertex 108.278 10.1877 6.8
      vertex 109.615 9.175 6.8
    endloop
  endfacet
  facet normal -0 0 1
    outer loop
      vertex 108.186 10 6.8
      vertex 109.615 9.175 6.8
      vertex 108.278 10.1877 6.8
    endloop
  endfacet
  facet normal 0 0 1
    outer loop
      vertex 110.022 11.2242 6.8
      vertex 108.386 11.0088 6.8
      vertex 108.4 10.8 6.8
    endloop
  endfacet
  facet normal 0 0 1
    outer loop
      vertex 109.939 11.6412 6.8
      vertex 108.345 11.2141 6.8
      vertex 108.386 11.0088 6.8
    endloop
  endfacet
  facet normal 0 0 1
    outer loop
      vertex 109.803 12.0437 6.8
      vertex 108.278 11.4123 6.8
      vertex 108.345 11.2141 6.8
    endloop
  endfacet
  facet normal 0 0 1
    outer loop
      vertex 109.615 12.425 6.8
      vertex 108.186 11.6 6.8
      vertex 108.278 11.4123 6.8
    endloop
  endfacet
  facet normal 0 0 1
    outer loop
      vertex 109.378 12.7785 6.8
      vertex 108.069 11.774 6.8
      vertex 108.186 11.6 6.8
    endloop
  endfacet
  facet normal 0 0 1
    outer loop
      vertex 107.6 12.1856 6.8
      vertex 108.425 13.6146 6.8
      vertex 108.044 13.8026 6.8
    endloop
  endfacet
  facet normal 0 0 1
    outer loop
      vertex 109.098 13.0981 6.8
      vertex 107.931 11.9314 6.8
      vertex 108.069 11.774 6.8
    endloop
  endfacet
  facet normal 0 0 1
    outer loop
      vertex 108.778 13.3784 6.8
      vertex 107.774 12.0694 6.8
      vertex 107.931 11.9314 6.8
    endloop
  endfacet
  facet normal 0 0 1
    outer loop
      vertex 107.412 12.2782 6.8
      vertex 108.044 13.8026 6.8
      vertex 107.641 13.9393 6.8
    endloop
  endfacet
  facet normal 0 0 1
    outer loop
      vertex 108.425 13.6146 6.8
      vertex 107.6 12.1856 6.8
      vertex 107.774 12.0694 6.8
    endloop
  endfacet
  facet normal 0 0 1
    outer loop
      vertex 108.044 13.8026 6.8
      vertex 107.412 12.2782 6.8
      vertex 107.6 12.1856 6.8
    endloop
  endfacet
  facet normal 0 0 1
    outer loop
      vertex 107.214 12.3455 6.8
      vertex 107.641 13.9393 6.8
      vertex 107.224 14.0222 6.8
    endloop
  endfacet
  facet normal 0 0 1
    outer loop
      vertex 107.641 13.9393 6.8
      vertex 107.214 12.3455 6.8
      vertex 107.412 12.2782 6.8
    endloop
  endfacet
  facet normal 0 0 1
    outer loop
      vertex 107.224 14.0222 6.8
      vertex 107.009 12.3863 6.8
      vertex 107.214 12.3455 6.8
    endloop
  endfacet
  facet normal 0 0 1
    outer loop
      vertex 106.8 14.05 6.8
      vertex 107.009 12.3863 6.8
      vertex 107.224 14.0222 6.8
    endloop
  endfacet
  facet normal 0 0 1
    outer loop
      vertex 106.8 14.05 6.8
      vertex 106.8 12.4 6.8
      vertex 107.009 12.3863 6.8
    endloop
  endfacet
  facet normal 0 0 1
    outer loop
      vertex 106.8 14.05 6.8
      vertex 106.591 12.3863 6.8
      vertex 106.8 12.4 6.8
    endloop
  endfacet
  facet normal -0 0 1
    outer loop
      vertex 106.376 14.0222 6.8
      vertex 106.591 12.3863 6.8
      vertex 106.8 14.05 6.8
    endloop
  endfacet
  facet normal 0 0 1
    outer loop
      vertex 106.591 12.3863 6.8
      vertex 106.376 14.0222 6.8
      vertex 106.386 12.3455 6.8
    endloop
  endfacet
  facet normal -0 0 1
    outer loop
      vertex 105.959 13.9393 6.8
      vertex 106.386 12.3455 6.8
      vertex 106.376 14.0222 6.8
    endloop
  endfacet
  facet normal 0 0 1
    outer loop
      vertex 106.386 12.3455 6.8
      vertex 105.959 13.9393 6.8
      vertex 106.188 12.2782 6.8
    endloop
  endfacet
  facet normal -0 0 1
    outer loop
      vertex 105.556 13.8026 6.8
      vertex 106.188 12.2782 6.8
      vertex 105.959 13.9393 6.8
    endloop
  endfacet
  facet normal 0 0 1
    outer loop
      vertex 106.188 12.2782 6.8
      vertex 105.556 13.8026 6.8
      vertex 106 12.1856 6.8
    endloop
  endfacet
  facet normal -0 0 1
    outer loop
      vertex 105.175 13.6146 6.8
      vertex 106 12.1856 6.8
      vertex 105.556 13.8026 6.8
    endloop
  endfacet
  facet normal 0 0 1
    outer loop
      vertex 106 12.1856 6.8
      vertex 105.175 13.6146 6.8
      vertex 105.826 12.0694 6.8
    endloop
  endfacet
  facet normal -0 0 1
    outer loop
      vertex 104.822 13.3784 6.8
      vertex 105.826 12.0694 6.8
      vertex 105.175 13.6146 6.8
    endloop
  endfacet
  facet normal 0 0 1
    outer loop
      vertex 105.826 12.0694 6.8
      vertex 104.822 13.3784 6.8
      vertex 105.669 11.9314 6.8
    endloop
  endfacet
  facet normal -0 0 1
    outer loop
      vertex 104.502 13.0981 6.8
      vertex 105.669 11.9314 6.8
      vertex 104.822 13.3784 6.8
    endloop
  endfacet
  facet normal 0 0 1
    outer loop
      vertex 105.669 11.9314 6.8
      vertex 104.502 13.0981 6.8
      vertex 105.531 11.774 6.8
    endloop
  endfacet
  facet normal -0 0 1
    outer loop
      vertex 104.222 12.7785 6.8
      vertex 105.531 11.774 6.8
      vertex 104.502 13.0981 6.8
    endloop
  endfacet
  facet normal -0 0 1
    outer loop
      vertex 103.985 12.425 6.8
      vertex 105.414 11.6 6.8
      vertex 104.222 12.7785 6.8
    endloop
  endfacet
  facet normal 0 0 1
    outer loop
      vertex 105.531 11.774 6.8
      vertex 104.222 12.7785 6.8
      vertex 105.414 11.6 6.8
    endloop
  endfacet
  facet normal 0 0 1
    outer loop
      vertex 109.615 9.175 6.8
      vertex 108.186 10 6.8
      vertex 109.378 8.82153 6.8
    endloop
  endfacet
  facet normal -0 0 1
    outer loop
      vertex 108.069 9.82598 6.8
      vertex 109.378 8.82153 6.8
      vertex 108.186 10 6.8
    endloop
  endfacet
  facet normal 0 0 1
    outer loop
      vertex 109.378 8.82153 6.8
      vertex 108.069 9.82598 6.8
      vertex 109.098 8.5019 6.8
    endloop
  endfacet
  facet normal -0 0 1
    outer loop
      vertex 107.931 9.66863 6.8
      vertex 109.098 8.5019 6.8
      vertex 108.069 9.82598 6.8
    endloop
  endfacet
  facet normal 0 0 1
    outer loop
      vertex 109.098 8.5019 6.8
      vertex 107.931 9.66863 6.8
      vertex 108.778 8.2216 6.8
    endloop
  endfacet
  facet normal -0 0 1
    outer loop
      vertex 107.774 9.53063 6.8
      vertex 108.778 8.2216 6.8
      vertex 107.931 9.66863 6.8
    endloop
  endfacet
  facet normal 0 0 1
    outer loop
      vertex 108.778 8.2216 6.8
      vertex 107.774 9.53063 6.8
      vertex 108.425 7.98542 6.8
    endloop
  endfacet
  facet normal -0 0 1
    outer loop
      vertex 107.6 9.41436 6.8
      vertex 108.425 7.98542 6.8
      vertex 107.774 9.53063 6.8
    endloop
  endfacet
  facet normal 0 0 1
    outer loop
      vertex 108.425 7.98542 6.8
      vertex 107.6 9.41436 6.8
      vertex 108.044 7.79739 6.8
    endloop
  endfacet
  facet normal -0 0 1
    outer loop
      vertex 107.412 9.32179 6.8
      vertex 108.044 7.79739 6.8
      vertex 107.6 9.41436 6.8
    endloop
  endfacet
  facet normal 0 0 1
    outer loop
      vertex 108.044 7.79739 6.8
      vertex 107.412 9.32179 6.8
      vertex 107.641 7.66074 6.8
    endloop
  endfacet
  facet normal -0 0 1
    outer loop
      vertex 107.214 9.25452 6.8
      vertex 107.641 7.66074 6.8
      vertex 107.412 9.32179 6.8
    endloop
  endfacet
  facet normal 0 0 1
    outer loop
      vertex 107.641 7.66074 6.8
      vertex 107.214 9.25452 6.8
      vertex 107.224 7.5778 6.8
    endloop
  endfacet
  facet normal -0 0 1
    outer loop
      vertex 107.009 9.21369 6.8
      vertex 107.224 7.5778 6.8
      vertex 107.214 9.25452 6.8
    endloop
  endfacet
  facet normal -0 0 1
    outer loop
      vertex 106.8 9.2 6.8
      vertex 107.224 7.5778 6.8
      vertex 107.009 9.21369 6.8
    endloop
  endfacet
  facet normal 0 0 1
    outer loop
      vertex 106.8 9.2 6.8
      vertex 106.8 7.55 6.8
      vertex 107.224 7.5778 6.8
    endloop
  endfacet
  facet normal 0 0 1
    outer loop
      vertex 106.591 9.21369 6.8
      vertex 106.8 7.55 6.8
      vertex 106.8 9.2 6.8
    endloop
  endfacet
  facet normal 0 0 1
    outer loop
      vertex 106.376 7.5778 6.8
      vertex 106.591 9.21369 6.8
      vertex 106.386 9.25452 6.8
    endloop
  endfacet
  facet normal 0 0 1
    outer loop
      vertex 106.591 9.21369 6.8
      vertex 106.376 7.5778 6.8
      vertex 106.8 7.55 6.8
    endloop
  endfacet
  facet normal 0 0 1
    outer loop
      vertex 105.959 7.66074 6.8
      vertex 106.386 9.25452 6.8
      vertex 106.188 9.32179 6.8
    endloop
  endfacet
  facet normal 0 0 1
    outer loop
      vertex 105.556 7.79739 6.8
      vertex 106.188 9.32179 6.8
      vertex 106 9.41436 6.8
    endloop
  endfacet
  facet normal 0 0 1
    outer loop
      vertex 106.386 9.25452 6.8
      vertex 105.959 7.66074 6.8
      vertex 106.376 7.5778 6.8
    endloop
  endfacet
  facet normal 0 0 1
    outer loop
      vertex 105.175 7.98542 6.8
      vertex 106 9.41436 6.8
      vertex 105.826 9.53063 6.8
    endloop
  endfacet
  facet normal 0 0 1
    outer loop
      vertex 104.822 8.2216 6.8
      vertex 105.826 9.53063 6.8
      vertex 105.669 9.66863 6.8
    endloop
  endfacet
  facet normal 0 0 1
    outer loop
      vertex 106.188 9.32179 6.8
      vertex 105.556 7.79739 6.8
      vertex 105.959 7.66074 6.8
    endloop
  endfacet
  facet normal 0 0 1
    outer loop
      vertex 104.502 8.5019 6.8
      vertex 105.669 9.66863 6.8
      vertex 105.531 9.82598 6.8
    endloop
  endfacet
  facet normal 0 0 1
    outer loop
      vertex 104.222 8.82153 6.8
      vertex 105.531 9.82598 6.8
      vertex 105.414 10 6.8
    endloop
  endfacet
  facet normal 0 0 1
    outer loop
      vertex 103.985 9.175 6.8
      vertex 105.414 10 6.8
      vertex 105.322 10.1877 6.8
    endloop
  endfacet
  facet normal 0 0 1
    outer loop
      vertex 103.797 9.55628 6.8
      vertex 105.322 10.1877 6.8
      vertex 105.255 10.3859 6.8
    endloop
  endfacet
  facet normal 0 0 1
    outer loop
      vertex 103.661 9.95884 6.8
      vertex 105.255 10.3859 6.8
      vertex 105.214 10.5912 6.8
    endloop
  endfacet
  facet normal 0 0 1
    outer loop
      vertex 106 9.41436 6.8
      vertex 105.175 7.98542 6.8
      vertex 105.556 7.79739 6.8
    endloop
  endfacet
  facet normal 0 0 1
    outer loop
      vertex 103.578 10.3758 6.8
      vertex 105.214 10.5912 6.8
      vertex 105.2 10.8 6.8
    endloop
  endfacet
  facet normal 0 0 1
    outer loop
      vertex 105.414 11.6 6.8
      vertex 103.985 12.425 6.8
      vertex 105.322 11.4123 6.8
    endloop
  endfacet
  facet normal -0 0 1
    outer loop
      vertex 103.797 12.0437 6.8
      vertex 105.322 11.4123 6.8
      vertex 103.985 12.425 6.8
    endloop
  endfacet
  facet normal 0 0 1
    outer loop
      vertex 105.826 9.53063 6.8
      vertex 104.822 8.2216 6.8
      vertex 105.175 7.98542 6.8
    endloop
  endfacet
  facet normal 0 0 1
    outer loop
      vertex 105.322 11.4123 6.8
      vertex 103.797 12.0437 6.8
      vertex 105.255 11.2141 6.8
    endloop
  endfacet
  facet normal 0 0 1
    outer loop
      vertex 105.669 9.66863 6.8
      vertex 104.502 8.5019 6.8
      vertex 104.822 8.2216 6.8
    endloop
  endfacet
  facet normal -0 0 1
    outer loop
      vertex 103.661 11.6412 6.8
      vertex 105.255 11.2141 6.8
      vertex 103.797 12.0437 6.8
    endloop
  endfacet
  facet normal 0 0 1
    outer loop
      vertex 105.531 9.82598 6.8
      vertex 104.222 8.82153 6.8
      vertex 104.502 8.5019 6.8
    endloop
  endfacet
  facet normal 0 0 1
    outer loop
      vertex 105.255 11.2141 6.8
      vertex 103.661 11.6412 6.8
      vertex 105.214 11.0088 6.8
    endloop
  endfacet
  facet normal 0 0 1
    outer loop
      vertex 105.414 10 6.8
      vertex 103.985 9.175 6.8
      vertex 104.222 8.82153 6.8
    endloop
  endfacet
  facet normal -0 0 1
    outer loop
      vertex 103.578 11.2242 6.8
      vertex 105.214 11.0088 6.8
      vertex 103.661 11.6412 6.8
    endloop
  endfacet
  facet normal 0 0 1
    outer loop
      vertex 105.322 10.1877 6.8
      vertex 103.797 9.55628 6.8
      vertex 103.985 9.175 6.8
    endloop
  endfacet
  facet normal 0 0 1
    outer loop
      vertex 105.214 11.0088 6.8
      vertex 103.578 11.2242 6.8
      vertex 105.2 10.8 6.8
    endloop
  endfacet
  facet normal 0 0 1
    outer loop
      vertex 105.255 10.3859 6.8
      vertex 103.661 9.95884 6.8
      vertex 103.797 9.55628 6.8
    endloop
  endfacet
  facet normal 0 0 1
    outer loop
      vertex 103.55 10.8 6.8
      vertex 105.2 10.8 6.8
      vertex 103.578 11.2242 6.8
    endloop
  endfacet
  facet normal 0 0 1
    outer loop
      vertex 105.214 10.5912 6.8
      vertex 103.578 10.3758 6.8
      vertex 103.661 9.95884 6.8
    endloop
  endfacet
  facet normal 0 0 1
    outer loop
      vertex 105.2 10.8 6.8
      vertex 103.55 10.8 6.8
      vertex 103.578 10.3758 6.8
    endloop
  endfacet
  facet normal -0.0654256 0.997857 0
    outer loop
      vertex 106.8 14.05 2.8
      vertex 106.376 14.0222 6.8
      vertex 106.8 14.05 6.8
    endloop
  endfacet
  facet normal -0.0654256 0.997857 0
    outer loop
      vertex 106.376 14.0222 6.8
      vertex 106.8 14.05 2.8
      vertex 106.376 14.0222 2.8
    endloop
  endfacet
  facet normal 0.947395 -0.320066 0
    outer loop
      vertex 109.803 9.55628 6.8
      vertex 109.939 9.95884 2.8
      vertex 109.939 9.95884 6.8
    endloop
  endfacet
  facet normal 0.947395 -0.320066 0
    outer loop
      vertex 109.939 9.95884 2.8
      vertex 109.803 9.55628 6.8
      vertex 109.803 9.55628 2.8
    endloop
  endfacet
  facet normal 0.0654256 -0.997857 0
    outer loop
      vertex 106.8 7.55 2.8
      vertex 107.224 7.5778 6.8
      vertex 106.8 7.55 6.8
    endloop
  endfacet
  facet normal 0.0654256 -0.997857 0
    outer loop
      vertex 107.224 7.5778 6.8
      vertex 106.8 7.55 2.8
      vertex 107.224 7.5778 2.8
    endloop
  endfacet
  facet normal -0.658904 -0.752227 0
    outer loop
      vertex 104.502 8.5019 2.8
      vertex 104.822 8.2216 6.8
      vertex 104.502 8.5019 6.8
    endloop
  endfacet
  facet normal -0.658904 -0.752227 -0
    outer loop
      vertex 104.822 8.2216 6.8
      vertex 104.502 8.5019 2.8
      vertex 104.822 8.2216 2.8
    endloop
  endfacet
  facet normal -0.997829 -0.0658633 0
    outer loop
      vertex 103.578 10.3758 2.8
      vertex 103.55 10.8 6.8
      vertex 103.55 10.8 2.8
    endloop
  endfacet
  facet normal -0.997829 -0.0658633 0
    outer loop
      vertex 103.55 10.8 6.8
      vertex 103.578 10.3758 2.8
      vertex 103.578 10.3758 6.8
    endloop
  endfacet
  facet normal 0.947381 0.320109 0
    outer loop
      vertex 109.939 11.6412 6.8
      vertex 109.803 12.0437 2.8
      vertex 109.803 12.0437 6.8
    endloop
  endfacet
  facet normal 0.947381 0.320109 0
    outer loop
      vertex 109.803 12.0437 2.8
      vertex 109.939 11.6412 6.8
      vertex 109.939 11.6412 2.8
    endloop
  endfacet
  facet normal 0.980761 0.195211 0
    outer loop
      vertex 110.022 11.2242 6.8
      vertex 109.939 11.6412 2.8
      vertex 109.939 11.6412 6.8
    endloop
  endfacet
  facet normal 0.980761 0.195211 0
    outer loop
      vertex 109.939 11.6412 2.8
      vertex 110.022 11.2242 6.8
      vertex 110.022 11.2242 2.8
    endloop
  endfacet
  facet normal 0.752168 0.658971 0
    outer loop
      vertex 109.378 12.7785 6.8
      vertex 109.098 13.0981 2.8
      vertex 109.098 13.0981 6.8
    endloop
  endfacet
  facet normal 0.752168 0.658971 0
    outer loop
      vertex 109.098 13.0981 2.8
      vertex 109.378 12.7785 6.8
      vertex 109.378 12.7785 2.8
    endloop
  endfacet
  facet normal 0.321229 0.947002 -0
    outer loop
      vertex 108.044 13.8026 2.8
      vertex 107.641 13.9393 6.8
      vertex 108.044 13.8026 6.8
    endloop
  endfacet
  facet normal 0.321229 0.947002 0
    outer loop
      vertex 107.641 13.9393 6.8
      vertex 108.044 13.8026 2.8
      vertex 107.641 13.9393 2.8
    endloop
  endfacet
  facet normal 0.194985 0.980806 -0
    outer loop
      vertex 107.641 13.9393 2.8
      vertex 107.224 14.0222 6.8
      vertex 107.641 13.9393 6.8
    endloop
  endfacet
  facet normal 0.194985 0.980806 0
    outer loop
      vertex 107.224 14.0222 6.8
      vertex 107.641 13.9393 2.8
      vertex 107.224 14.0222 2.8
    endloop
  endfacet
  facet normal -0.830602 0.556867 0
    outer loop
      vertex 103.985 12.425 2.8
      vertex 104.222 12.7785 6.8
      vertex 104.222 12.7785 2.8
    endloop
  endfacet
  facet normal -0.830602 0.556867 0
    outer loop
      vertex 104.222 12.7785 6.8
      vertex 103.985 12.425 2.8
      vertex 103.985 12.425 6.8
    endloop
  endfacet
  facet normal -0.947381 0.320109 0
    outer loop
      vertex 103.661 11.6412 2.8
      vertex 103.797 12.0437 6.8
      vertex 103.797 12.0437 2.8
    endloop
  endfacet
  facet normal -0.947381 0.320109 0
    outer loop
      vertex 103.797 12.0437 6.8
      vertex 103.661 11.6412 2.8
      vertex 103.661 11.6412 6.8
    endloop
  endfacet
  facet normal -0.980761 0.195211 0
    outer loop
      vertex 103.578 11.2242 2.8
      vertex 103.661 11.6412 6.8
      vertex 103.661 11.6412 2.8
    endloop
  endfacet
  facet normal -0.980761 0.195211 0
    outer loop
      vertex 103.661 11.6412 6.8
      vertex 103.578 11.2242 2.8
      vertex 103.578 11.2242 6.8
    endloop
  endfacet
  facet normal -0.4425 0.896769 0
    outer loop
      vertex 105.556 13.8026 2.8
      vertex 105.175 13.6146 6.8
      vertex 105.556 13.8026 6.8
    endloop
  endfacet
  facet normal -0.4425 0.896769 0
    outer loop
      vertex 105.175 13.6146 6.8
      vertex 105.556 13.8026 2.8
      vertex 105.175 13.6146 2.8
    endloop
  endfacet
  facet normal -0.556112 0.831107 0
    outer loop
      vertex 105.175 13.6146 2.8
      vertex 104.822 13.3784 6.8
      vertex 105.175 13.6146 6.8
    endloop
  endfacet
  facet normal -0.556112 0.831107 0
    outer loop
      vertex 104.822 13.3784 6.8
      vertex 105.175 13.6146 2.8
      vertex 104.822 13.3784 2.8
    endloop
  endfacet
  facet normal -0.194985 0.980806 0
    outer loop
      vertex 106.376 14.0222 2.8
      vertex 105.959 13.9393 6.8
      vertex 106.376 14.0222 6.8
    endloop
  endfacet
  facet normal -0.194985 0.980806 0
    outer loop
      vertex 105.959 13.9393 6.8
      vertex 106.376 14.0222 2.8
      vertex 105.959 13.9393 2.8
    endloop
  endfacet
  facet normal 0.195076 -0.980788 0
    outer loop
      vertex 107.224 7.5778 2.8
      vertex 107.641 7.66074 6.8
      vertex 107.224 7.5778 6.8
    endloop
  endfacet
  facet normal 0.195076 -0.980788 0
    outer loop
      vertex 107.641 7.66074 6.8
      vertex 107.224 7.5778 2.8
      vertex 107.641 7.66074 2.8
    endloop
  endfacet
  facet normal 0.658904 -0.752227 0
    outer loop
      vertex 108.778 8.2216 2.8
      vertex 109.098 8.5019 6.8
      vertex 108.778 8.2216 6.8
    endloop
  endfacet
  facet normal 0.658904 -0.752227 0
    outer loop
      vertex 109.098 8.5019 6.8
      vertex 108.778 8.2216 2.8
      vertex 109.098 8.5019 2.8
    endloop
  endfacet
  facet normal 0.442557 -0.896741 0
    outer loop
      vertex 108.044 7.79739 2.8
      vertex 108.425 7.98542 6.8
      vertex 108.044 7.79739 6.8
    endloop
  endfacet
  facet normal 0.442557 -0.896741 0
    outer loop
      vertex 108.425 7.98542 6.8
      vertex 108.044 7.79739 2.8
      vertex 108.425 7.98542 2.8
    endloop
  endfacet
  facet normal 0.83058 -0.5569 0
    outer loop
      vertex 109.378 8.82153 6.8
      vertex 109.615 9.175 2.8
      vertex 109.615 9.175 6.8
    endloop
  endfacet
  facet normal 0.83058 -0.5569 0
    outer loop
      vertex 109.615 9.175 2.8
      vertex 109.378 8.82153 6.8
      vertex 109.378 8.82153 2.8
    endloop
  endfacet
  facet normal -0.55608 -0.831129 0
    outer loop
      vertex 104.822 8.2216 2.8
      vertex 105.175 7.98542 6.8
      vertex 104.822 8.2216 6.8
    endloop
  endfacet
  facet normal -0.55608 -0.831129 -0
    outer loop
      vertex 105.175 7.98542 6.8
      vertex 104.822 8.2216 2.8
      vertex 105.175 7.98542 2.8
    endloop
  endfacet
  facet normal -0.321123 -0.947037 0
    outer loop
      vertex 105.556 7.79739 2.8
      vertex 105.959 7.66074 6.8
      vertex 105.556 7.79739 6.8
    endloop
  endfacet
  facet normal -0.321123 -0.947037 -0
    outer loop
      vertex 105.959 7.66074 6.8
      vertex 105.556 7.79739 2.8
      vertex 105.959 7.66074 2.8
    endloop
  endfacet
  facet normal -0.0654256 -0.997857 0
    outer loop
      vertex 106.376 7.5778 2.8
      vertex 106.8 7.55 6.8
      vertex 106.376 7.5778 6.8
    endloop
  endfacet
  facet normal -0.0654256 -0.997857 -0
    outer loop
      vertex 106.8 7.55 6.8
      vertex 106.376 7.5778 2.8
      vertex 106.8 7.55 2.8
    endloop
  endfacet
  facet normal -0.896897 -0.442239 0
    outer loop
      vertex 103.985 9.175 2.8
      vertex 103.797 9.55628 6.8
      vertex 103.797 9.55628 2.8
    endloop
  endfacet
  facet normal -0.896897 -0.442239 0
    outer loop
      vertex 103.797 9.55628 6.8
      vertex 103.985 9.175 2.8
      vertex 103.985 9.175 6.8
    endloop
  endfacet
  facet normal -0.752199 -0.658936 0
    outer loop
      vertex 104.502 8.5019 2.8
      vertex 104.222 8.82153 6.8
      vertex 104.222 8.82153 2.8
    endloop
  endfacet
  facet normal -0.752199 -0.658936 0
    outer loop
      vertex 104.222 8.82153 6.8
      vertex 104.502 8.5019 2.8
      vertex 104.502 8.5019 6.8
    endloop
  endfacet
  facet normal -0.980758 -0.195229 0
    outer loop
      vertex 103.661 9.95884 2.8
      vertex 103.578 10.3758 6.8
      vertex 103.578 10.3758 2.8
    endloop
  endfacet
  facet normal -0.980758 -0.195229 0
    outer loop
      vertex 103.578 10.3758 6.8
      vertex 103.661 9.95884 2.8
      vertex 103.661 9.95884 6.8
    endloop
  endfacet
  facet normal 0.321123 -0.947037 0
    outer loop
      vertex 107.641 7.66074 2.8
      vertex 108.044 7.79739 6.8
      vertex 107.641 7.66074 6.8
    endloop
  endfacet
  facet normal 0.321123 -0.947037 0
    outer loop
      vertex 108.044 7.79739 6.8
      vertex 107.641 7.66074 2.8
      vertex 108.044 7.79739 2.8
    endloop
  endfacet
  facet normal 0.752199 -0.658936 0
    outer loop
      vertex 109.098 8.5019 6.8
      vertex 109.378 8.82153 2.8
      vertex 109.378 8.82153 6.8
    endloop
  endfacet
  facet normal 0.752199 -0.658936 0
    outer loop
      vertex 109.378 8.82153 2.8
      vertex 109.098 8.5019 6.8
      vertex 109.098 8.5019 2.8
    endloop
  endfacet
  facet normal 0.55608 -0.831129 0
    outer loop
      vertex 108.425 7.98542 2.8
      vertex 108.778 8.2216 6.8
      vertex 108.425 7.98542 6.8
    endloop
  endfacet
  facet normal 0.55608 -0.831129 0
    outer loop
      vertex 108.778 8.2216 6.8
      vertex 108.425 7.98542 2.8
      vertex 108.778 8.2216 2.8
    endloop
  endfacet
  facet normal 0.980758 -0.195229 0
    outer loop
      vertex 109.939 9.95884 6.8
      vertex 110.022 10.3758 2.8
      vertex 110.022 10.3758 6.8
    endloop
  endfacet
  facet normal 0.980758 -0.195229 0
    outer loop
      vertex 110.022 10.3758 2.8
      vertex 109.939 9.95884 6.8
      vertex 109.939 9.95884 2.8
    endloop
  endfacet
  facet normal 0.896897 -0.442239 0
    outer loop
      vertex 109.615 9.175 6.8
      vertex 109.803 9.55628 2.8
      vertex 109.803 9.55628 6.8
    endloop
  endfacet
  facet normal 0.896897 -0.442239 0
    outer loop
      vertex 109.803 9.55628 2.8
      vertex 109.615 9.175 6.8
      vertex 109.615 9.175 2.8
    endloop
  endfacet
  facet normal -0.442557 -0.896741 0
    outer loop
      vertex 105.175 7.98542 2.8
      vertex 105.556 7.79739 6.8
      vertex 105.175 7.98542 6.8
    endloop
  endfacet
  facet normal -0.442557 -0.896741 -0
    outer loop
      vertex 105.556 7.79739 6.8
      vertex 105.175 7.98542 2.8
      vertex 105.556 7.79739 2.8
    endloop
  endfacet
  facet normal -0.195076 -0.980788 0
    outer loop
      vertex 105.959 7.66074 2.8
      vertex 106.376 7.5778 6.8
      vertex 105.959 7.66074 6.8
    endloop
  endfacet
  facet normal -0.195076 -0.980788 -0
    outer loop
      vertex 106.376 7.5778 6.8
      vertex 105.959 7.66074 2.8
      vertex 106.376 7.5778 2.8
    endloop
  endfacet
  facet normal -0.83058 -0.5569 0
    outer loop
      vertex 104.222 8.82153 2.8
      vertex 103.985 9.175 6.8
      vertex 103.985 9.175 2.8
    endloop
  endfacet
  facet normal -0.83058 -0.5569 0
    outer loop
      vertex 103.985 9.175 6.8
      vertex 104.222 8.82153 2.8
      vertex 104.222 8.82153 6.8
    endloop
  endfacet
  facet normal -0.947395 -0.320066 0
    outer loop
      vertex 103.797 9.55628 2.8
      vertex 103.661 9.95884 6.8
      vertex 103.661 9.95884 2.8
    endloop
  endfacet
  facet normal -0.947395 -0.320066 0
    outer loop
      vertex 103.661 9.95884 6.8
      vertex 103.797 9.55628 2.8
      vertex 103.797 9.55628 6.8
    endloop
  endfacet
  facet normal 0.997829 -0.0658633 0
    outer loop
      vertex 110.022 10.3758 6.8
      vertex 110.05 10.8 2.8
      vertex 110.05 10.8 6.8
    endloop
  endfacet
  facet normal 0.997829 -0.0658633 0
    outer loop
      vertex 110.05 10.8 2.8
      vertex 110.022 10.3758 6.8
      vertex 110.022 10.3758 2.8
    endloop
  endfacet
  facet normal -0.897939 -0.440119 0
    outer loop
      vertex 108.278 11.4123 2.8
      vertex 108.186 11.6 6.8
      vertex 108.186 11.6 2.8
    endloop
  endfacet
  facet normal -0.897939 -0.440119 0
    outer loop
      vertex 108.186 11.6 6.8
      vertex 108.278 11.4123 2.8
      vertex 108.278 11.4123 6.8
    endloop
  endfacet
  facet normal -0.829843 -0.557998 0
    outer loop
      vertex 108.186 11.6 2.8
      vertex 108.069 11.774 6.8
      vertex 108.069 11.774 2.8
    endloop
  endfacet
  facet normal -0.829843 -0.557998 0
    outer loop
      vertex 108.069 11.774 6.8
      vertex 108.186 11.6 2.8
      vertex 108.186 11.6 6.8
    endloop
  endfacet
  facet normal -0.321817 -0.946802 0
    outer loop
      vertex 107.214 12.3455 2.8
      vertex 107.412 12.2782 6.8
      vertex 107.214 12.3455 6.8
    endloop
  endfacet
  facet normal -0.321817 -0.946802 -0
    outer loop
      vertex 107.412 12.2782 6.8
      vertex 107.214 12.3455 2.8
      vertex 107.412 12.2782 2.8
    endloop
  endfacet
  facet normal 0.441861 -0.897083 0
    outer loop
      vertex 106 12.1856 2.8
      vertex 106.188 12.2782 6.8
      vertex 106 12.1856 6.8
    endloop
  endfacet
  facet normal 0.441861 -0.897083 0
    outer loop
      vertex 106.188 12.2782 6.8
      vertex 106 12.1856 2.8
      vertex 106.188 12.2782 2.8
    endloop
  endfacet
  facet normal 0.947336 -0.32024 0
    outer loop
      vertex 105.255 11.2141 6.8
      vertex 105.322 11.4123 2.8
      vertex 105.322 11.4123 6.8
    endloop
  endfacet
  facet normal 0.947336 -0.32024 0
    outer loop
      vertex 105.322 11.4123 2.8
      vertex 105.255 11.2141 6.8
      vertex 105.255 11.2141 2.8
    endloop
  endfacet
  facet normal -0.980636 0.195841 0
    outer loop
      vertex 108.345 10.3859 2.8
      vertex 108.386 10.5912 6.8
      vertex 108.386 10.5912 2.8
    endloop
  endfacet
  facet normal -0.980636 0.195841 0
    outer loop
      vertex 108.386 10.5912 6.8
      vertex 108.345 10.3859 2.8
      vertex 108.345 10.3859 6.8
    endloop
  endfacet
  facet normal -0.441861 -0.897083 0
    outer loop
      vertex 107.412 12.2782 2.8
      vertex 107.6 12.1856 6.8
      vertex 107.412 12.2782 6.8
    endloop
  endfacet
  facet normal -0.441861 -0.897083 -0
    outer loop
      vertex 107.6 12.1856 6.8
      vertex 107.412 12.2782 2.8
      vertex 107.6 12.1856 2.8
    endloop
  endfacet
  facet normal 0.99776 -0.0668996 0
    outer loop
      vertex 105.2 10.8 6.8
      vertex 105.214 11.0088 2.8
      vertex 105.214 11.0088 6.8
    endloop
  endfacet
  facet normal 0.99776 -0.0668996 0
    outer loop
      vertex 105.214 11.0088 2.8
      vertex 105.2 10.8 6.8
      vertex 105.2 10.8 2.8
    endloop
  endfacet
  facet normal 0.829843 -0.557998 0
    outer loop
      vertex 105.414 11.6 6.8
      vertex 105.531 11.774 2.8
      vertex 105.531 11.774 6.8
    endloop
  endfacet
  facet normal 0.829843 -0.557998 0
    outer loop
      vertex 105.531 11.774 2.8
      vertex 105.414 11.6 6.8
      vertex 105.414 11.6 2.8
    endloop
  endfacet
  facet normal 0.555362 -0.831609 0
    outer loop
      vertex 105.826 12.0694 2.8
      vertex 106 12.1856 6.8
      vertex 105.826 12.0694 6.8
    endloop
  endfacet
  facet normal 0.555362 -0.831609 0
    outer loop
      vertex 106 12.1856 6.8
      vertex 105.826 12.0694 2.8
      vertex 106 12.1856 2.8
    endloop
  endfacet
  facet normal 0.321817 -0.946802 0
    outer loop
      vertex 106.188 12.2782 2.8
      vertex 106.386 12.3455 6.8
      vertex 106.188 12.2782 6.8
    endloop
  endfacet
  facet normal 0.321817 -0.946802 0
    outer loop
      vertex 106.386 12.3455 6.8
      vertex 106.188 12.2782 2.8
      vertex 106.386 12.3455 2.8
    endloop
  endfacet
  facet normal -0.99776 0.0668996 0
    outer loop
      vertex 108.386 10.5912 2.8
      vertex 108.4 10.8 6.8
      vertex 108.4 10.8 2.8
    endloop
  endfacet
  facet normal -0.99776 0.0668996 0
    outer loop
      vertex 108.4 10.8 6.8
      vertex 108.386 10.5912 2.8
      vertex 108.386 10.5912 6.8
    endloop
  endfacet
  facet normal -0.947336 0.32024 0
    outer loop
      vertex 108.278 10.1877 2.8
      vertex 108.345 10.3859 6.8
      vertex 108.345 10.3859 2.8
    endloop
  endfacet
  facet normal -0.947336 0.32024 0
    outer loop
      vertex 108.345 10.3859 6.8
      vertex 108.278 10.1877 2.8
      vertex 108.278 10.1877 6.8
    endloop
  endfacet
  facet normal -0.555593 0.831454 0
    outer loop
      vertex 107.774 9.53063 2.8
      vertex 107.6 9.41436 6.8
      vertex 107.774 9.53063 6.8
    endloop
  endfacet
  facet normal -0.555593 0.831454 0
    outer loop
      vertex 107.6 9.41436 6.8
      vertex 107.774 9.53063 2.8
      vertex 107.6 9.41436 2.8
    endloop
  endfacet
  facet normal -0.947336 -0.32024 0
    outer loop
      vertex 108.345 11.2141 2.8
      vertex 108.278 11.4123 6.8
      vertex 108.278 11.4123 2.8
    endloop
  endfacet
  facet normal -0.947336 -0.32024 0
    outer loop
      vertex 108.278 11.4123 6.8
      vertex 108.345 11.2141 2.8
      vertex 108.345 11.2141 6.8
    endloop
  endfacet
  facet normal -0.660196 -0.751093 0
    outer loop
      vertex 107.774 12.0694 2.8
      vertex 107.931 11.9314 6.8
      vertex 107.774 12.0694 6.8
    endloop
  endfacet
  facet normal -0.660196 -0.751093 -0
    outer loop
      vertex 107.931 11.9314 6.8
      vertex 107.774 12.0694 2.8
      vertex 107.931 11.9314 2.8
    endloop
  endfacet
  facet normal -0.751925 -0.659248 0
    outer loop
      vertex 108.069 11.774 2.8
      vertex 107.931 11.9314 6.8
      vertex 107.931 11.9314 2.8
    endloop
  endfacet
  facet normal -0.751925 -0.659248 0
    outer loop
      vertex 107.931 11.9314 6.8
      vertex 108.069 11.774 2.8
      vertex 108.069 11.774 6.8
    endloop
  endfacet
  facet normal 0.0654099 -0.997858 0
    outer loop
      vertex 106.591 12.3863 2.8
      vertex 106.8 12.4 6.8
      vertex 106.591 12.3863 6.8
    endloop
  endfacet
  facet normal 0.0654099 -0.997858 0
    outer loop
      vertex 106.8 12.4 6.8
      vertex 106.591 12.3863 2.8
      vertex 106.8 12.4 2.8
    endloop
  endfacet
  facet normal -0.195196 -0.980764 0
    outer loop
      vertex 107.009 12.3863 2.8
      vertex 107.214 12.3455 6.8
      vertex 107.009 12.3863 6.8
    endloop
  endfacet
  facet normal -0.195196 -0.980764 -0
    outer loop
      vertex 107.214 12.3455 6.8
      vertex 107.009 12.3863 2.8
      vertex 107.214 12.3455 2.8
    endloop
  endfacet
  facet normal -0.555362 -0.831609 0
    outer loop
      vertex 107.6 12.1856 2.8
      vertex 107.774 12.0694 6.8
      vertex 107.6 12.1856 6.8
    endloop
  endfacet
  facet normal -0.555362 -0.831609 -0
    outer loop
      vertex 107.774 12.0694 6.8
      vertex 107.6 12.1856 2.8
      vertex 107.774 12.0694 2.8
    endloop
  endfacet
  facet normal 0.980636 -0.195841 0
    outer loop
      vertex 105.214 11.0088 6.8
      vertex 105.255 11.2141 2.8
      vertex 105.255 11.2141 6.8
    endloop
  endfacet
  facet normal 0.980636 -0.195841 0
    outer loop
      vertex 105.255 11.2141 2.8
      vertex 105.214 11.0088 6.8
      vertex 105.214 11.0088 2.8
    endloop
  endfacet
  facet normal 0.897939 -0.440119 0
    outer loop
      vertex 105.322 11.4123 6.8
      vertex 105.414 11.6 2.8
      vertex 105.414 11.6 6.8
    endloop
  endfacet
  facet normal 0.897939 -0.440119 0
    outer loop
      vertex 105.414 11.6 2.8
      vertex 105.322 11.4123 6.8
      vertex 105.322 11.4123 2.8
    endloop
  endfacet
  facet normal 0.195196 -0.980764 0
    outer loop
      vertex 106.386 12.3455 2.8
      vertex 106.591 12.3863 6.8
      vertex 106.386 12.3455 6.8
    endloop
  endfacet
  facet normal 0.195196 -0.980764 0
    outer loop
      vertex 106.591 12.3863 6.8
      vertex 106.386 12.3455 2.8
      vertex 106.591 12.3863 2.8
    endloop
  endfacet
  facet normal 0.660196 -0.751093 0
    outer loop
      vertex 105.669 11.9314 2.8
      vertex 105.826 12.0694 6.8
      vertex 105.669 11.9314 6.8
    endloop
  endfacet
  facet normal 0.660196 -0.751093 0
    outer loop
      vertex 105.826 12.0694 6.8
      vertex 105.669 11.9314 2.8
      vertex 105.826 12.0694 2.8
    endloop
  endfacet
  facet normal 0.751925 -0.659248 0
    outer loop
      vertex 105.531 11.774 6.8
      vertex 105.669 11.9314 2.8
      vertex 105.669 11.9314 6.8
    endloop
  endfacet
  facet normal 0.751925 -0.659248 0
    outer loop
      vertex 105.669 11.9314 2.8
      vertex 105.531 11.774 6.8
      vertex 105.531 11.774 2.8
    endloop
  endfacet
  facet normal -0.99776 -0.0668996 0
    outer loop
      vertex 108.4 10.8 2.8
      vertex 108.386 11.0088 6.8
      vertex 108.386 11.0088 2.8
    endloop
  endfacet
  facet normal -0.99776 -0.0668996 0
    outer loop
      vertex 108.386 11.0088 6.8
      vertex 108.4 10.8 2.8
      vertex 108.4 10.8 6.8
    endloop
  endfacet
  facet normal -0.829872 0.557953 0
    outer loop
      vertex 108.069 9.82598 2.8
      vertex 108.186 10 6.8
      vertex 108.186 10 2.8
    endloop
  endfacet
  facet normal -0.829872 0.557953 0
    outer loop
      vertex 108.186 10 6.8
      vertex 108.069 9.82598 2.8
      vertex 108.069 9.82598 6.8
    endloop
  endfacet
  facet normal 0.99776 0.0668996 0
    outer loop
      vertex 105.214 10.5912 6.8
      vertex 105.2 10.8 2.8
      vertex 105.2 10.8 6.8
    endloop
  endfacet
  facet normal 0.99776 0.0668996 0
    outer loop
      vertex 105.2 10.8 2.8
      vertex 105.214 10.5912 6.8
      vertex 105.214 10.5912 2.8
    endloop
  endfacet
  facet normal 0.897939 0.440119 0
    outer loop
      vertex 105.414 10 6.8
      vertex 105.322 10.1877 2.8
      vertex 105.322 10.1877 6.8
    endloop
  endfacet
  facet normal 0.897939 0.440119 0
    outer loop
      vertex 105.322 10.1877 2.8
      vertex 105.414 10 6.8
      vertex 105.414 10 2.8
    endloop
  endfacet
  facet normal -0.195334 0.980737 0
    outer loop
      vertex 107.214 9.25452 2.8
      vertex 107.009 9.21369 6.8
      vertex 107.214 9.25452 6.8
    endloop
  endfacet
  facet normal -0.195334 0.980737 0
    outer loop
      vertex 107.009 9.21369 6.8
      vertex 107.214 9.25452 2.8
      vertex 107.009 9.21369 2.8
    endloop
  endfacet
  facet normal -0.660196 0.751093 0
    outer loop
      vertex 107.931 9.66863 2.8
      vertex 107.774 9.53063 6.8
      vertex 107.931 9.66863 6.8
    endloop
  endfacet
  facet normal -0.660196 0.751093 0
    outer loop
      vertex 107.774 9.53063 6.8
      vertex 107.931 9.66863 2.8
      vertex 107.774 9.53063 2.8
    endloop
  endfacet
  facet normal -0.980636 -0.195841 0
    outer loop
      vertex 108.386 11.0088 2.8
      vertex 108.345 11.2141 6.8
      vertex 108.345 11.2141 2.8
    endloop
  endfacet
  facet normal -0.980636 -0.195841 0
    outer loop
      vertex 108.345 11.2141 6.8
      vertex 108.386 11.0088 2.8
      vertex 108.386 11.0088 6.8
    endloop
  endfacet
  facet normal -0.0654099 -0.997858 0
    outer loop
      vertex 106.8 12.4 2.8
      vertex 107.009 12.3863 6.8
      vertex 106.8 12.4 6.8
    endloop
  endfacet
  facet normal -0.0654099 -0.997858 -0
    outer loop
      vertex 107.009 12.3863 6.8
      vertex 106.8 12.4 2.8
      vertex 107.009 12.3863 2.8
    endloop
  endfacet
  facet normal -0.897939 0.440119 0
    outer loop
      vertex 108.186 10 2.8
      vertex 108.278 10.1877 6.8
      vertex 108.278 10.1877 2.8
    endloop
  endfacet
  facet normal -0.897939 0.440119 0
    outer loop
      vertex 108.278 10.1877 6.8
      vertex 108.186 10 2.8
      vertex 108.186 10 6.8
    endloop
  endfacet
  facet normal 0.0653623 0.997862 -0
    outer loop
      vertex 106.8 9.2 2.8
      vertex 106.591 9.21369 6.8
      vertex 106.8 9.2 6.8
    endloop
  endfacet
  facet normal 0.0653623 0.997862 0
    outer loop
      vertex 106.591 9.21369 6.8
      vertex 106.8 9.2 2.8
      vertex 106.591 9.21369 2.8
    endloop
  endfacet
  facet normal 0.947336 0.32024 0
    outer loop
      vertex 105.322 10.1877 6.8
      vertex 105.255 10.3859 2.8
      vertex 105.255 10.3859 6.8
    endloop
  endfacet
  facet normal 0.947336 0.32024 0
    outer loop
      vertex 105.255 10.3859 2.8
      vertex 105.322 10.1877 6.8
      vertex 105.322 10.1877 2.8
    endloop
  endfacet
  facet normal 0.980636 0.195841 0
    outer loop
      vertex 105.255 10.3859 6.8
      vertex 105.214 10.5912 2.8
      vertex 105.214 10.5912 6.8
    endloop
  endfacet
  facet normal 0.980636 0.195841 0
    outer loop
      vertex 105.214 10.5912 2.8
      vertex 105.255 10.3859 6.8
      vertex 105.255 10.3859 2.8
    endloop
  endfacet
  facet normal -0.441746 0.89714 0
    outer loop
      vertex 107.6 9.41436 2.8
      vertex 107.412 9.32179 6.8
      vertex 107.6 9.41436 6.8
    endloop
  endfacet
  facet normal -0.441746 0.89714 0
    outer loop
      vertex 107.412 9.32179 6.8
      vertex 107.6 9.41436 2.8
      vertex 107.412 9.32179 2.8
    endloop
  endfacet
  facet normal -0.321688 0.946846 0
    outer loop
      vertex 107.412 9.32179 2.8
      vertex 107.214 9.25452 6.8
      vertex 107.412 9.32179 6.8
    endloop
  endfacet
  facet normal -0.321688 0.946846 0
    outer loop
      vertex 107.214 9.25452 6.8
      vertex 107.412 9.32179 2.8
      vertex 107.214 9.25452 2.8
    endloop
  endfacet
  facet normal -0.751821 0.659367 0
    outer loop
      vertex 107.931 9.66863 2.8
      vertex 108.069 9.82598 6.8
      vertex 108.069 9.82598 2.8
    endloop
  endfacet
  facet normal -0.751821 0.659367 0
    outer loop
      vertex 108.069 9.82598 6.8
      vertex 107.931 9.66863 2.8
      vertex 107.931 9.66863 6.8
    endloop
  endfacet
  facet normal 0.321688 0.946846 -0
    outer loop
      vertex 106.386 9.25452 2.8
      vertex 106.188 9.32179 6.8
      vertex 106.386 9.25452 6.8
    endloop
  endfacet
  facet normal 0.321688 0.946846 0
    outer loop
      vertex 106.188 9.32179 6.8
      vertex 106.386 9.25452 2.8
      vertex 106.188 9.32179 2.8
    endloop
  endfacet
  facet normal -0.0653623 0.997862 0
    outer loop
      vertex 107.009 9.21369 2.8
      vertex 106.8 9.2 6.8
      vertex 107.009 9.21369 6.8
    endloop
  endfacet
  facet normal -0.0653623 0.997862 0
    outer loop
      vertex 106.8 9.2 6.8
      vertex 107.009 9.21369 2.8
      vertex 106.8 9.2 2.8
    endloop
  endfacet
  facet normal 0.195334 0.980737 -0
    outer loop
      vertex 106.591 9.21369 2.8
      vertex 106.386 9.25452 6.8
      vertex 106.591 9.21369 6.8
    endloop
  endfacet
  facet normal 0.195334 0.980737 0
    outer loop
      vertex 106.386 9.25452 6.8
      vertex 106.591 9.21369 2.8
      vertex 106.386 9.25452 2.8
    endloop
  endfacet
  facet normal 0.751821 0.659367 0
    outer loop
      vertex 105.669 9.66863 6.8
      vertex 105.531 9.82598 2.8
      vertex 105.531 9.82598 6.8
    endloop
  endfacet
  facet normal 0.751821 0.659367 0
    outer loop
      vertex 105.531 9.82598 2.8
      vertex 105.669 9.66863 6.8
      vertex 105.669 9.66863 2.8
    endloop
  endfacet
  facet normal 0.660196 0.751093 -0
    outer loop
      vertex 105.826 9.53063 2.8
      vertex 105.669 9.66863 6.8
      vertex 105.826 9.53063 6.8
    endloop
  endfacet
  facet normal 0.660196 0.751093 0
    outer loop
      vertex 105.669 9.66863 6.8
      vertex 105.826 9.53063 2.8
      vertex 105.669 9.66863 2.8
    endloop
  endfacet
  facet normal 0.555593 0.831454 -0
    outer loop
      vertex 106 9.41436 2.8
      vertex 105.826 9.53063 6.8
      vertex 106 9.41436 6.8
    endloop
  endfacet
  facet normal 0.555593 0.831454 0
    outer loop
      vertex 105.826 9.53063 6.8
      vertex 106 9.41436 2.8
      vertex 105.826 9.53063 2.8
    endloop
  endfacet
  facet normal 0.829872 0.557953 0
    outer loop
      vertex 105.531 9.82598 6.8
      vertex 105.414 10 2.8
      vertex 105.414 10 6.8
    endloop
  endfacet
  facet normal 0.829872 0.557953 0
    outer loop
      vertex 105.414 10 2.8
      vertex 105.531 9.82598 6.8
      vertex 105.531 9.82598 2.8
    endloop
  endfacet
  facet normal 0.441746 0.89714 -0
    outer loop
      vertex 106.188 9.32179 2.8
      vertex 106 9.41436 6.8
      vertex 106.188 9.32179 6.8
    endloop
  endfacet
  facet normal 0.441746 0.89714 0
    outer loop
      vertex 106 9.41436 6.8
      vertex 106.188 9.32179 2.8
      vertex 106 9.41436 2.8
    endloop
  endfacet
  facet normal 0.997859 0.0653948 0
    outer loop
      vertex 52.05 29.8 6.8
      vertex 52.0222 30.2242 2.8
      vertex 52.0222 30.2242 6.8
    endloop
  endfacet
  facet normal 0.997859 0.0653948 0
    outer loop
      vertex 52.0222 30.2242 2.8
      vertex 52.05 29.8 6.8
      vertex 52.05 29.8 2.8
    endloop
  endfacet
  facet normal -0.997859 0.0653948 0
    outer loop
      vertex 45.55 29.8 2.8
      vertex 45.5778 30.2242 6.8
      vertex 45.5778 30.2242 2.8
    endloop
  endfacet
  facet normal -0.997859 0.0653948 0
    outer loop
      vertex 45.5778 30.2242 6.8
      vertex 45.55 29.8 2.8
      vertex 45.55 29.8 6.8
    endloop
  endfacet
  facet normal 0.0653948 0.997859 -0
    outer loop
      vertex 49.2242 33.0222 2.8
      vertex 48.8 33.05 6.8
      vertex 49.2242 33.0222 6.8
    endloop
  endfacet
  facet normal 0.0653948 0.997859 0
    outer loop
      vertex 48.8 33.05 6.8
      vertex 49.2242 33.0222 2.8
      vertex 48.8 33.05 2.8
    endloop
  endfacet
  facet normal 0.65937 0.751818 -0
    outer loop
      vertex 51.0981 32.0981 2.8
      vertex 50.7785 32.3784 6.8
      vertex 51.0981 32.0981 6.8
    endloop
  endfacet
  facet normal 0.65937 0.751818 0
    outer loop
      vertex 50.7785 32.3784 6.8
      vertex 51.0981 32.0981 2.8
      vertex 50.7785 32.3784 2.8
    endloop
  endfacet
  facet normal -0.65937 0.751818 0
    outer loop
      vertex 46.8215 32.3784 2.8
      vertex 46.5019 32.0981 6.8
      vertex 46.8215 32.3784 6.8
    endloop
  endfacet
  facet normal -0.65937 0.751818 0
    outer loop
      vertex 46.5019 32.0981 6.8
      vertex 46.8215 32.3784 2.8
      vertex 46.5019 32.0981 2.8
    endloop
  endfacet
  facet normal -0.321586 0.94688 0
    outer loop
      vertex 47.9588 32.9393 2.8
      vertex 47.5563 32.8026 6.8
      vertex 47.9588 32.9393 6.8
    endloop
  endfacet
  facet normal -0.321586 0.94688 0
    outer loop
      vertex 47.5563 32.8026 6.8
      vertex 47.9588 32.9393 2.8
      vertex 47.5563 32.8026 2.8
    endloop
  endfacet
  facet normal 0 0 -1
    outer loop
      vertex 50.4 29.8 2.8
      vertex 52.05 29.8 2.8
      vertex 52.0222 29.3758 2.8
    endloop
  endfacet
  facet normal 0 0 -1
    outer loop
      vertex 50.3863 29.5912 2.8
      vertex 52.0222 29.3758 2.8
      vertex 51.9393 28.9588 2.8
    endloop
  endfacet
  facet normal 0 0 -1
    outer loop
      vertex 52.05 29.8 2.8
      vertex 50.4 29.8 2.8
      vertex 52.0222 30.2242 2.8
    endloop
  endfacet
  facet normal 0 0 -1
    outer loop
      vertex 50.3455 29.3859 2.8
      vertex 51.9393 28.9588 2.8
      vertex 51.8026 28.5563 2.8
    endloop
  endfacet
  facet normal 0 0 -1
    outer loop
      vertex 50.3863 30.0088 2.8
      vertex 52.0222 30.2242 2.8
      vertex 50.4 29.8 2.8
    endloop
  endfacet
  facet normal 0 0 -1
    outer loop
      vertex 50.2782 29.1877 2.8
      vertex 51.8026 28.5563 2.8
      vertex 51.6146 28.175 2.8
    endloop
  endfacet
  facet normal -0 0 -1
    outer loop
      vertex 52.0222 30.2242 2.8
      vertex 50.3863 30.0088 2.8
      vertex 51.9393 30.6412 2.8
    endloop
  endfacet
  facet normal 0 0 -1
    outer loop
      vertex 50.1856 29 2.8
      vertex 51.6146 28.175 2.8
      vertex 51.3784 27.8215 2.8
    endloop
  endfacet
  facet normal 0 0 -1
    outer loop
      vertex 50.3455 30.2141 2.8
      vertex 51.9393 30.6412 2.8
      vertex 50.3863 30.0088 2.8
    endloop
  endfacet
  facet normal 0 0 -1
    outer loop
      vertex 50.0694 28.826 2.8
      vertex 51.3784 27.8215 2.8
      vertex 51.0981 27.5019 2.8
    endloop
  endfacet
  facet normal -0 0 -1
    outer loop
      vertex 51.9393 30.6412 2.8
      vertex 50.3455 30.2141 2.8
      vertex 51.8026 31.0437 2.8
    endloop
  endfacet
  facet normal 0 0 -1
    outer loop
      vertex 49.9314 28.6686 2.8
      vertex 51.0981 27.5019 2.8
      vertex 50.7785 27.2216 2.8
    endloop
  endfacet
  facet normal 0 0 -1
    outer loop
      vertex 50.2782 30.4123 2.8
      vertex 51.8026 31.0437 2.8
      vertex 50.3455 30.2141 2.8
    endloop
  endfacet
  facet normal 0 0 -1
    outer loop
      vertex 49.774 28.5306 2.8
      vertex 50.7785 27.2216 2.8
      vertex 50.425 26.9854 2.8
    endloop
  endfacet
  facet normal -0 0 -1
    outer loop
      vertex 51.8026 31.0437 2.8
      vertex 50.2782 30.4123 2.8
      vertex 51.6146 31.425 2.8
    endloop
  endfacet
  facet normal 0 0 -1
    outer loop
      vertex 50.1856 30.6 2.8
      vertex 51.6146 31.425 2.8
      vertex 50.2782 30.4123 2.8
    endloop
  endfacet
  facet normal 0 0 -1
    outer loop
      vertex 52.0222 29.3758 2.8
      vertex 50.3863 29.5912 2.8
      vertex 50.4 29.8 2.8
    endloop
  endfacet
  facet normal 0 0 -1
    outer loop
      vertex 51.9393 28.9588 2.8
      vertex 50.3455 29.3859 2.8
      vertex 50.3863 29.5912 2.8
    endloop
  endfacet
  facet normal 0 0 -1
    outer loop
      vertex 51.8026 28.5563 2.8
      vertex 50.2782 29.1877 2.8
      vertex 50.3455 29.3859 2.8
    endloop
  endfacet
  facet normal 0 0 -1
    outer loop
      vertex 51.6146 28.175 2.8
      vertex 50.1856 29 2.8
      vertex 50.2782 29.1877 2.8
    endloop
  endfacet
  facet normal 0 0 -1
    outer loop
      vertex 51.3784 27.8215 2.8
      vertex 50.0694 28.826 2.8
      vertex 50.1856 29 2.8
    endloop
  endfacet
  facet normal 0 0 -1
    outer loop
      vertex 49.6 28.4144 2.8
      vertex 50.425 26.9854 2.8
      vertex 50.0437 26.7974 2.8
    endloop
  endfacet
  facet normal 0 0 -1
    outer loop
      vertex 51.0981 27.5019 2.8
      vertex 49.9314 28.6686 2.8
      vertex 50.0694 28.826 2.8
    endloop
  endfacet
  facet normal 0 0 -1
    outer loop
      vertex 50.7785 27.2216 2.8
      vertex 49.774 28.5306 2.8
      vertex 49.9314 28.6686 2.8
    endloop
  endfacet
  facet normal 0 0 -1
    outer loop
      vertex 49.4123 28.3218 2.8
      vertex 50.0437 26.7974 2.8
      vertex 49.6412 26.6607 2.8
    endloop
  endfacet
  facet normal 0 0 -1
    outer loop
      vertex 50.425 26.9854 2.8
      vertex 49.6 28.4144 2.8
      vertex 49.774 28.5306 2.8
    endloop
  endfacet
  facet normal 0 0 -1
    outer loop
      vertex 50.0437 26.7974 2.8
      vertex 49.4123 28.3218 2.8
      vertex 49.6 28.4144 2.8
    endloop
  endfacet
  facet normal 0 0 -1
    outer loop
      vertex 49.2141 28.2545 2.8
      vertex 49.6412 26.6607 2.8
      vertex 49.2242 26.5778 2.8
    endloop
  endfacet
  facet normal 0 0 -1
    outer loop
      vertex 49.6412 26.6607 2.8
      vertex 49.2141 28.2545 2.8
      vertex 49.4123 28.3218 2.8
    endloop
  endfacet
  facet normal 0 0 -1
    outer loop
      vertex 49.2242 26.5778 2.8
      vertex 49.0088 28.2137 2.8
      vertex 49.2141 28.2545 2.8
    endloop
  endfacet
  facet normal 0 0 -1
    outer loop
      vertex 48.8 26.55 2.8
      vertex 49.0088 28.2137 2.8
      vertex 49.2242 26.5778 2.8
    endloop
  endfacet
  facet normal 0 0 -1
    outer loop
      vertex 48.8 26.55 2.8
      vertex 48.8 28.2 2.8
      vertex 49.0088 28.2137 2.8
    endloop
  endfacet
  facet normal 0 0 -1
    outer loop
      vertex 48.8 26.55 2.8
      vertex 48.5912 28.2137 2.8
      vertex 48.8 28.2 2.8
    endloop
  endfacet
  facet normal 0 0 -1
    outer loop
      vertex 48.3758 26.5778 2.8
      vertex 48.5912 28.2137 2.8
      vertex 48.8 26.55 2.8
    endloop
  endfacet
  facet normal -0 0 -1
    outer loop
      vertex 48.5912 28.2137 2.8
      vertex 48.3758 26.5778 2.8
      vertex 48.3859 28.2545 2.8
    endloop
  endfacet
  facet normal 0 0 -1
    outer loop
      vertex 47.9588 26.6607 2.8
      vertex 48.3859 28.2545 2.8
      vertex 48.3758 26.5778 2.8
    endloop
  endfacet
  facet normal -0 0 -1
    outer loop
      vertex 48.3859 28.2545 2.8
      vertex 47.9588 26.6607 2.8
      vertex 48.1877 28.3218 2.8
    endloop
  endfacet
  facet normal 0 0 -1
    outer loop
      vertex 47.5563 26.7974 2.8
      vertex 48.1877 28.3218 2.8
      vertex 47.9588 26.6607 2.8
    endloop
  endfacet
  facet normal -0 0 -1
    outer loop
      vertex 48.1877 28.3218 2.8
      vertex 47.5563 26.7974 2.8
      vertex 48 28.4144 2.8
    endloop
  endfacet
  facet normal 0 0 -1
    outer loop
      vertex 47.175 26.9854 2.8
      vertex 48 28.4144 2.8
      vertex 47.5563 26.7974 2.8
    endloop
  endfacet
  facet normal -0 0 -1
    outer loop
      vertex 48 28.4144 2.8
      vertex 47.175 26.9854 2.8
      vertex 47.826 28.5306 2.8
    endloop
  endfacet
  facet normal 0 0 -1
    outer loop
      vertex 46.8215 27.2216 2.8
      vertex 47.826 28.5306 2.8
      vertex 47.175 26.9854 2.8
    endloop
  endfacet
  facet normal -0 0 -1
    outer loop
      vertex 47.826 28.5306 2.8
      vertex 46.8215 27.2216 2.8
      vertex 47.6686 28.6686 2.8
    endloop
  endfacet
  facet normal 0 0 -1
    outer loop
      vertex 46.5019 27.5019 2.8
      vertex 47.6686 28.6686 2.8
      vertex 46.8215 27.2216 2.8
    endloop
  endfacet
  facet normal -0 0 -1
    outer loop
      vertex 47.6686 28.6686 2.8
      vertex 46.5019 27.5019 2.8
      vertex 47.5306 28.826 2.8
    endloop
  endfacet
  facet normal 0 0 -1
    outer loop
      vertex 46.2216 27.8215 2.8
      vertex 47.5306 28.826 2.8
      vertex 46.5019 27.5019 2.8
    endloop
  endfacet
  facet normal 0 0 -1
    outer loop
      vertex 45.9854 28.175 2.8
      vertex 47.4144 29 2.8
      vertex 46.2216 27.8215 2.8
    endloop
  endfacet
  facet normal -0 0 -1
    outer loop
      vertex 47.5306 28.826 2.8
      vertex 46.2216 27.8215 2.8
      vertex 47.4144 29 2.8
    endloop
  endfacet
  facet normal -0 0 -1
    outer loop
      vertex 51.6146 31.425 2.8
      vertex 50.1856 30.6 2.8
      vertex 51.3784 31.7785 2.8
    endloop
  endfacet
  facet normal 0 0 -1
    outer loop
      vertex 50.0694 30.774 2.8
      vertex 51.3784 31.7785 2.8
      vertex 50.1856 30.6 2.8
    endloop
  endfacet
  facet normal -0 0 -1
    outer loop
      vertex 51.3784 31.7785 2.8
      vertex 50.0694 30.774 2.8
      vertex 51.0981 32.0981 2.8
    endloop
  endfacet
  facet normal 0 0 -1
    outer loop
      vertex 49.9314 30.9314 2.8
      vertex 51.0981 32.0981 2.8
      vertex 50.0694 30.774 2.8
    endloop
  endfacet
  facet normal -0 0 -1
    outer loop
      vertex 51.0981 32.0981 2.8
      vertex 49.9314 30.9314 2.8
      vertex 50.7785 32.3784 2.8
    endloop
  endfacet
  facet normal 0 0 -1
    outer loop
      vertex 49.774 31.0694 2.8
      vertex 50.7785 32.3784 2.8
      vertex 49.9314 30.9314 2.8
    endloop
  endfacet
  facet normal -0 0 -1
    outer loop
      vertex 50.7785 32.3784 2.8
      vertex 49.774 31.0694 2.8
      vertex 50.425 32.6146 2.8
    endloop
  endfacet
  facet normal 0 0 -1
    outer loop
      vertex 49.6 31.1856 2.8
      vertex 50.425 32.6146 2.8
      vertex 49.774 31.0694 2.8
    endloop
  endfacet
  facet normal -0 0 -1
    outer loop
      vertex 50.425 32.6146 2.8
      vertex 49.6 31.1856 2.8
      vertex 50.0437 32.8026 2.8
    endloop
  endfacet
  facet normal 0 0 -1
    outer loop
      vertex 49.4123 31.2782 2.8
      vertex 50.0437 32.8026 2.8
      vertex 49.6 31.1856 2.8
    endloop
  endfacet
  facet normal -0 0 -1
    outer loop
      vertex 50.0437 32.8026 2.8
      vertex 49.4123 31.2782 2.8
      vertex 49.6412 32.9393 2.8
    endloop
  endfacet
  facet normal 0 0 -1
    outer loop
      vertex 49.2141 31.3455 2.8
      vertex 49.6412 32.9393 2.8
      vertex 49.4123 31.2782 2.8
    endloop
  endfacet
  facet normal -0 0 -1
    outer loop
      vertex 49.6412 32.9393 2.8
      vertex 49.2141 31.3455 2.8
      vertex 49.2242 33.0222 2.8
    endloop
  endfacet
  facet normal 0 0 -1
    outer loop
      vertex 49.0088 31.3863 2.8
      vertex 49.2242 33.0222 2.8
      vertex 49.2141 31.3455 2.8
    endloop
  endfacet
  facet normal 0 0 -1
    outer loop
      vertex 48.8 31.4 2.8
      vertex 49.2242 33.0222 2.8
      vertex 49.0088 31.3863 2.8
    endloop
  endfacet
  facet normal 0 0 -1
    outer loop
      vertex 48.8 31.4 2.8
      vertex 48.8 33.05 2.8
      vertex 49.2242 33.0222 2.8
    endloop
  endfacet
  facet normal 0 0 -1
    outer loop
      vertex 48.5912 31.3863 2.8
      vertex 48.8 33.05 2.8
      vertex 48.8 31.4 2.8
    endloop
  endfacet
  facet normal 0 0 -1
    outer loop
      vertex 48.3758 33.0222 2.8
      vertex 48.5912 31.3863 2.8
      vertex 48.3859 31.3455 2.8
    endloop
  endfacet
  facet normal 0 0 -1
    outer loop
      vertex 48.5912 31.3863 2.8
      vertex 48.3758 33.0222 2.8
      vertex 48.8 33.05 2.8
    endloop
  endfacet
  facet normal 0 0 -1
    outer loop
      vertex 47.9588 32.9393 2.8
      vertex 48.3859 31.3455 2.8
      vertex 48.1877 31.2782 2.8
    endloop
  endfacet
  facet normal 0 0 -1
    outer loop
      vertex 47.5563 32.8026 2.8
      vertex 48.1877 31.2782 2.8
      vertex 48 31.1856 2.8
    endloop
  endfacet
  facet normal 0 0 -1
    outer loop
      vertex 48.3859 31.3455 2.8
      vertex 47.9588 32.9393 2.8
      vertex 48.3758 33.0222 2.8
    endloop
  endfacet
  facet normal 0 0 -1
    outer loop
      vertex 47.175 32.6146 2.8
      vertex 48 31.1856 2.8
      vertex 47.826 31.0694 2.8
    endloop
  endfacet
  facet normal 0 0 -1
    outer loop
      vertex 46.8215 32.3784 2.8
      vertex 47.826 31.0694 2.8
      vertex 47.6686 30.9314 2.8
    endloop
  endfacet
  facet normal 0 0 -1
    outer loop
      vertex 48.1877 31.2782 2.8
      vertex 47.5563 32.8026 2.8
      vertex 47.9588 32.9393 2.8
    endloop
  endfacet
  facet normal 0 0 -1
    outer loop
      vertex 46.5019 32.0981 2.8
      vertex 47.6686 30.9314 2.8
      vertex 47.5306 30.774 2.8
    endloop
  endfacet
  facet normal 0 0 -1
    outer loop
      vertex 46.2216 31.7785 2.8
      vertex 47.5306 30.774 2.8
      vertex 47.4144 30.6 2.8
    endloop
  endfacet
  facet normal 0 0 -1
    outer loop
      vertex 45.9854 31.425 2.8
      vertex 47.4144 30.6 2.8
      vertex 47.3218 30.4123 2.8
    endloop
  endfacet
  facet normal 0 0 -1
    outer loop
      vertex 45.7974 31.0437 2.8
      vertex 47.3218 30.4123 2.8
      vertex 47.2545 30.2141 2.8
    endloop
  endfacet
  facet normal 0 0 -1
    outer loop
      vertex 45.6607 30.6412 2.8
      vertex 47.2545 30.2141 2.8
      vertex 47.2137 30.0088 2.8
    endloop
  endfacet
  facet normal 0 0 -1
    outer loop
      vertex 48 31.1856 2.8
      vertex 47.175 32.6146 2.8
      vertex 47.5563 32.8026 2.8
    endloop
  endfacet
  facet normal 0 0 -1
    outer loop
      vertex 45.5778 30.2242 2.8
      vertex 47.2137 30.0088 2.8
      vertex 47.2 29.8 2.8
    endloop
  endfacet
  facet normal -0 0 -1
    outer loop
      vertex 47.4144 29 2.8
      vertex 45.9854 28.175 2.8
      vertex 47.3218 29.1877 2.8
    endloop
  endfacet
  facet normal 0 0 -1
    outer loop
      vertex 45.7974 28.5563 2.8
      vertex 47.3218 29.1877 2.8
      vertex 45.9854 28.175 2.8
    endloop
  endfacet
  facet normal 0 0 -1
    outer loop
      vertex 47.826 31.0694 2.8
      vertex 46.8215 32.3784 2.8
      vertex 47.175 32.6146 2.8
    endloop
  endfacet
  facet normal -0 0 -1
    outer loop
      vertex 47.3218 29.1877 2.8
      vertex 45.7974 28.5563 2.8
      vertex 47.2545 29.3859 2.8
    endloop
  endfacet
  facet normal 0 0 -1
    outer loop
      vertex 47.6686 30.9314 2.8
      vertex 46.5019 32.0981 2.8
      vertex 46.8215 32.3784 2.8
    endloop
  endfacet
  facet normal 0 0 -1
    outer loop
      vertex 45.6607 28.9588 2.8
      vertex 47.2545 29.3859 2.8
      vertex 45.7974 28.5563 2.8
    endloop
  endfacet
  facet normal 0 0 -1
    outer loop
      vertex 47.5306 30.774 2.8
      vertex 46.2216 31.7785 2.8
      vertex 46.5019 32.0981 2.8
    endloop
  endfacet
  facet normal -0 0 -1
    outer loop
      vertex 47.2545 29.3859 2.8
      vertex 45.6607 28.9588 2.8
      vertex 47.2137 29.5912 2.8
    endloop
  endfacet
  facet normal 0 0 -1
    outer loop
      vertex 47.4144 30.6 2.8
      vertex 45.9854 31.425 2.8
      vertex 46.2216 31.7785 2.8
    endloop
  endfacet
  facet normal 0 0 -1
    outer loop
      vertex 45.5778 29.3758 2.8
      vertex 47.2137 29.5912 2.8
      vertex 45.6607 28.9588 2.8
    endloop
  endfacet
  facet normal 0 0 -1
    outer loop
      vertex 47.3218 30.4123 2.8
      vertex 45.7974 31.0437 2.8
      vertex 45.9854 31.425 2.8
    endloop
  endfacet
  facet normal -0 0 -1
    outer loop
      vertex 47.2137 29.5912 2.8
      vertex 45.5778 29.3758 2.8
      vertex 47.2 29.8 2.8
    endloop
  endfacet
  facet normal 0 0 -1
    outer loop
      vertex 47.2545 30.2141 2.8
      vertex 45.6607 30.6412 2.8
      vertex 45.7974 31.0437 2.8
    endloop
  endfacet
  facet normal 0 0 -1
    outer loop
      vertex 45.55 29.8 2.8
      vertex 47.2 29.8 2.8
      vertex 45.5778 29.3758 2.8
    endloop
  endfacet
  facet normal 0 0 -1
    outer loop
      vertex 47.2137 30.0088 2.8
      vertex 45.5778 30.2242 2.8
      vertex 45.6607 30.6412 2.8
    endloop
  endfacet
  facet normal 0 0 -1
    outer loop
      vertex 47.2 29.8 2.8
      vertex 45.55 29.8 2.8
      vertex 45.5778 30.2242 2.8
    endloop
  endfacet
  facet normal 0.896907 0.44222 0
    outer loop
      vertex 51.8026 31.0437 6.8
      vertex 51.6146 31.425 2.8
      vertex 51.6146 31.425 6.8
    endloop
  endfacet
  facet normal 0.896907 0.44222 0
    outer loop
      vertex 51.6146 31.425 2.8
      vertex 51.8026 31.0437 6.8
      vertex 51.8026 31.0437 2.8
    endloop
  endfacet
  facet normal 0.831471 0.555568 0
    outer loop
      vertex 51.6146 31.425 6.8
      vertex 51.3784 31.7785 2.8
      vertex 51.3784 31.7785 6.8
    endloop
  endfacet
  facet normal 0.831471 0.555568 0
    outer loop
      vertex 51.3784 31.7785 2.8
      vertex 51.6146 31.425 6.8
      vertex 51.6146 31.425 2.8
    endloop
  endfacet
  facet normal 0.44222 0.896907 -0
    outer loop
      vertex 50.425 32.6146 2.8
      vertex 50.0437 32.8026 6.8
      vertex 50.425 32.6146 6.8
    endloop
  endfacet
  facet normal 0.44222 0.896907 0
    outer loop
      vertex 50.0437 32.8026 6.8
      vertex 50.425 32.6146 2.8
      vertex 50.0437 32.8026 2.8
    endloop
  endfacet
  facet normal 0.555568 0.831471 -0
    outer loop
      vertex 50.7785 32.3784 2.8
      vertex 50.425 32.6146 6.8
      vertex 50.7785 32.3784 6.8
    endloop
  endfacet
  facet normal 0.555568 0.831471 0
    outer loop
      vertex 50.425 32.6146 6.8
      vertex 50.7785 32.3784 2.8
      vertex 50.425 32.6146 2.8
    endloop
  endfacet
  facet normal -0.896907 0.44222 0
    outer loop
      vertex 45.7974 31.0437 2.8
      vertex 45.9854 31.425 6.8
      vertex 45.9854 31.425 2.8
    endloop
  endfacet
  facet normal -0.896907 0.44222 0
    outer loop
      vertex 45.9854 31.425 6.8
      vertex 45.7974 31.0437 2.8
      vertex 45.7974 31.0437 6.8
    endloop
  endfacet
  facet normal -0.751818 0.65937 0
    outer loop
      vertex 46.2216 31.7785 2.8
      vertex 46.5019 32.0981 6.8
      vertex 46.5019 32.0981 2.8
    endloop
  endfacet
  facet normal -0.751818 0.65937 0
    outer loop
      vertex 46.5019 32.0981 6.8
      vertex 46.2216 31.7785 2.8
      vertex 46.2216 31.7785 6.8
    endloop
  endfacet
  facet normal 0 0 1
    outer loop
      vertex 50.4 29.8 6.8
      vertex 52.05 29.8 6.8
      vertex 52.0222 30.2242 6.8
    endloop
  endfacet
  facet normal 0 0 1
    outer loop
      vertex 50.3863 30.0088 6.8
      vertex 52.0222 30.2242 6.8
      vertex 51.9393 30.6412 6.8
    endloop
  endfacet
  facet normal 0 0 1
    outer loop
      vertex 52.05 29.8 6.8
      vertex 50.4 29.8 6.8
      vertex 52.0222 29.3758 6.8
    endloop
  endfacet
  facet normal 0 0 1
    outer loop
      vertex 50.3455 30.2141 6.8
      vertex 51.9393 30.6412 6.8
      vertex 51.8026 31.0437 6.8
    endloop
  endfacet
  facet normal -0 0 1
    outer loop
      vertex 50.3863 29.5912 6.8
      vertex 52.0222 29.3758 6.8
      vertex 50.4 29.8 6.8
    endloop
  endfacet
  facet normal 0 0 1
    outer loop
      vertex 50.2782 30.4123 6.8
      vertex 51.8026 31.0437 6.8
      vertex 51.6146 31.425 6.8
    endloop
  endfacet
  facet normal 0 0 1
    outer loop
      vertex 52.0222 29.3758 6.8
      vertex 50.3863 29.5912 6.8
      vertex 51.9393 28.9588 6.8
    endloop
  endfacet
  facet normal 0 0 1
    outer loop
      vertex 50.1856 30.6 6.8
      vertex 51.6146 31.425 6.8
      vertex 51.3784 31.7785 6.8
    endloop
  endfacet
  facet normal -0 0 1
    outer loop
      vertex 50.3455 29.3859 6.8
      vertex 51.9393 28.9588 6.8
      vertex 50.3863 29.5912 6.8
    endloop
  endfacet
  facet normal 0 0 1
    outer loop
      vertex 50.0694 30.774 6.8
      vertex 51.3784 31.7785 6.8
      vertex 51.0981 32.0981 6.8
    endloop
  endfacet
  facet normal 0 0 1
    outer loop
      vertex 51.9393 28.9588 6.8
      vertex 50.3455 29.3859 6.8
      vertex 51.8026 28.5563 6.8
    endloop
  endfacet
  facet normal 0 0 1
    outer loop
      vertex 49.9314 30.9314 6.8
      vertex 51.0981 32.0981 6.8
      vertex 50.7785 32.3784 6.8
    endloop
  endfacet
  facet normal -0 0 1
    outer loop
      vertex 50.2782 29.1877 6.8
      vertex 51.8026 28.5563 6.8
      vertex 50.3455 29.3859 6.8
    endloop
  endfacet
  facet normal 0 0 1
    outer loop
      vertex 49.774 31.0694 6.8
      vertex 50.7785 32.3784 6.8
      vertex 50.425 32.6146 6.8
    endloop
  endfacet
  facet normal 0 0 1
    outer loop
      vertex 51.8026 28.5563 6.8
      vertex 50.2782 29.1877 6.8
      vertex 51.6146 28.175 6.8
    endloop
  endfacet
  facet normal -0 0 1
    outer loop
      vertex 50.1856 29 6.8
      vertex 51.6146 28.175 6.8
      vertex 50.2782 29.1877 6.8
    endloop
  endfacet
  facet normal 0 0 1
    outer loop
      vertex 52.0222 30.2242 6.8
      vertex 50.3863 30.0088 6.8
      vertex 50.4 29.8 6.8
    endloop
  endfacet
  facet normal 0 0 1
    outer loop
      vertex 51.9393 30.6412 6.8
      vertex 50.3455 30.2141 6.8
      vertex 50.3863 30.0088 6.8
    endloop
  endfacet
  facet normal 0 0 1
    outer loop
      vertex 51.8026 31.0437 6.8
      vertex 50.2782 30.4123 6.8
      vertex 50.3455 30.2141 6.8
    endloop
  endfacet
  facet normal 0 0 1
    outer loop
      vertex 51.6146 31.425 6.8
      vertex 50.1856 30.6 6.8
      vertex 50.2782 30.4123 6.8
    endloop
  endfacet
  facet normal 0 0 1
    outer loop
      vertex 51.3784 31.7785 6.8
      vertex 50.0694 30.774 6.8
      vertex 50.1856 30.6 6.8
    endloop
  endfacet
  facet normal 0 0 1
    outer loop
      vertex 49.6 31.1856 6.8
      vertex 50.425 32.6146 6.8
      vertex 50.0437 32.8026 6.8
    endloop
  endfacet
  facet normal 0 0 1
    outer loop
      vertex 51.0981 32.0981 6.8
      vertex 49.9314 30.9314 6.8
      vertex 50.0694 30.774 6.8
    endloop
  endfacet
  facet normal 0 0 1
    outer loop
      vertex 50.7785 32.3784 6.8
      vertex 49.774 31.0694 6.8
      vertex 49.9314 30.9314 6.8
    endloop
  endfacet
  facet normal 0 0 1
    outer loop
      vertex 49.4123 31.2782 6.8
      vertex 50.0437 32.8026 6.8
      vertex 49.6412 32.9393 6.8
    endloop
  endfacet
  facet normal 0 0 1
    outer loop
      vertex 50.425 32.6146 6.8
      vertex 49.6 31.1856 6.8
      vertex 49.774 31.0694 6.8
    endloop
  endfacet
  facet normal 0 0 1
    outer loop
      vertex 50.0437 32.8026 6.8
      vertex 49.4123 31.2782 6.8
      vertex 49.6 31.1856 6.8
    endloop
  endfacet
  facet normal 0 0 1
    outer loop
      vertex 49.2141 31.3455 6.8
      vertex 49.6412 32.9393 6.8
      vertex 49.2242 33.0222 6.8
    endloop
  endfacet
  facet normal 0 0 1
    outer loop
      vertex 49.6412 32.9393 6.8
      vertex 49.2141 31.3455 6.8
      vertex 49.4123 31.2782 6.8
    endloop
  endfacet
  facet normal 0 0 1
    outer loop
      vertex 49.2242 33.0222 6.8
      vertex 49.0088 31.3863 6.8
      vertex 49.2141 31.3455 6.8
    endloop
  endfacet
  facet normal 0 0 1
    outer loop
      vertex 48.8 33.05 6.8
      vertex 49.0088 31.3863 6.8
      vertex 49.2242 33.0222 6.8
    endloop
  endfacet
  facet normal 0 0 1
    outer loop
      vertex 48.8 33.05 6.8
      vertex 48.8 31.4 6.8
      vertex 49.0088 31.3863 6.8
    endloop
  endfacet
  facet normal 0 0 1
    outer loop
      vertex 48.8 33.05 6.8
      vertex 48.5912 31.3863 6.8
      vertex 48.8 31.4 6.8
    endloop
  endfacet
  facet normal -0 0 1
    outer loop
      vertex 48.3758 33.0222 6.8
      vertex 48.5912 31.3863 6.8
      vertex 48.8 33.05 6.8
    endloop
  endfacet
  facet normal 0 0 1
    outer loop
      vertex 48.5912 31.3863 6.8
      vertex 48.3758 33.0222 6.8
      vertex 48.3859 31.3455 6.8
    endloop
  endfacet
  facet normal -0 0 1
    outer loop
      vertex 47.9588 32.9393 6.8
      vertex 48.3859 31.3455 6.8
      vertex 48.3758 33.0222 6.8
    endloop
  endfacet
  facet normal 0 0 1
    outer loop
      vertex 48.3859 31.3455 6.8
      vertex 47.9588 32.9393 6.8
      vertex 48.1877 31.2782 6.8
    endloop
  endfacet
  facet normal -0 0 1
    outer loop
      vertex 47.5563 32.8026 6.8
      vertex 48.1877 31.2782 6.8
      vertex 47.9588 32.9393 6.8
    endloop
  endfacet
  facet normal 0 0 1
    outer loop
      vertex 48.1877 31.2782 6.8
      vertex 47.5563 32.8026 6.8
      vertex 48 31.1856 6.8
    endloop
  endfacet
  facet normal -0 0 1
    outer loop
      vertex 47.175 32.6146 6.8
      vertex 48 31.1856 6.8
      vertex 47.5563 32.8026 6.8
    endloop
  endfacet
  facet normal 0 0 1
    outer loop
      vertex 48 31.1856 6.8
      vertex 47.175 32.6146 6.8
      vertex 47.826 31.0694 6.8
    endloop
  endfacet
  facet normal -0 0 1
    outer loop
      vertex 46.8215 32.3784 6.8
      vertex 47.826 31.0694 6.8
      vertex 47.175 32.6146 6.8
    endloop
  endfacet
  facet normal 0 0 1
    outer loop
      vertex 47.826 31.0694 6.8
      vertex 46.8215 32.3784 6.8
      vertex 47.6686 30.9314 6.8
    endloop
  endfacet
  facet normal -0 0 1
    outer loop
      vertex 46.5019 32.0981 6.8
      vertex 47.6686 30.9314 6.8
      vertex 46.8215 32.3784 6.8
    endloop
  endfacet
  facet normal 0 0 1
    outer loop
      vertex 47.6686 30.9314 6.8
      vertex 46.5019 32.0981 6.8
      vertex 47.5306 30.774 6.8
    endloop
  endfacet
  facet normal -0 0 1
    outer loop
      vertex 46.2216 31.7785 6.8
      vertex 47.5306 30.774 6.8
      vertex 46.5019 32.0981 6.8
    endloop
  endfacet
  facet normal -0 0 1
    outer loop
      vertex 45.9854 31.425 6.8
      vertex 47.4144 30.6 6.8
      vertex 46.2216 31.7785 6.8
    endloop
  endfacet
  facet normal 0 0 1
    outer loop
      vertex 47.5306 30.774 6.8
      vertex 46.2216 31.7785 6.8
      vertex 47.4144 30.6 6.8
    endloop
  endfacet
  facet normal 0 0 1
    outer loop
      vertex 51.6146 28.175 6.8
      vertex 50.1856 29 6.8
      vertex 51.3784 27.8215 6.8
    endloop
  endfacet
  facet normal -0 0 1
    outer loop
      vertex 50.0694 28.826 6.8
      vertex 51.3784 27.8215 6.8
      vertex 50.1856 29 6.8
    endloop
  endfacet
  facet normal 0 0 1
    outer loop
      vertex 51.3784 27.8215 6.8
      vertex 50.0694 28.826 6.8
      vertex 51.0981 27.5019 6.8
    endloop
  endfacet
  facet normal -0 0 1
    outer loop
      vertex 49.9314 28.6686 6.8
      vertex 51.0981 27.5019 6.8
      vertex 50.0694 28.826 6.8
    endloop
  endfacet
  facet normal 0 0 1
    outer loop
      vertex 51.0981 27.5019 6.8
      vertex 49.9314 28.6686 6.8
      vertex 50.7785 27.2216 6.8
    endloop
  endfacet
  facet normal -0 0 1
    outer loop
      vertex 49.774 28.5306 6.8
      vertex 50.7785 27.2216 6.8
      vertex 49.9314 28.6686 6.8
    endloop
  endfacet
  facet normal 0 0 1
    outer loop
      vertex 50.7785 27.2216 6.8
      vertex 49.774 28.5306 6.8
      vertex 50.425 26.9854 6.8
    endloop
  endfacet
  facet normal -0 0 1
    outer loop
      vertex 49.6 28.4144 6.8
      vertex 50.425 26.9854 6.8
      vertex 49.774 28.5306 6.8
    endloop
  endfacet
  facet normal 0 0 1
    outer loop
      vertex 50.425 26.9854 6.8
      vertex 49.6 28.4144 6.8
      vertex 50.0437 26.7974 6.8
    endloop
  endfacet
  facet normal -0 0 1
    outer loop
      vertex 49.4123 28.3218 6.8
      vertex 50.0437 26.7974 6.8
      vertex 49.6 28.4144 6.8
    endloop
  endfacet
  facet normal 0 0 1
    outer loop
      vertex 50.0437 26.7974 6.8
      vertex 49.4123 28.3218 6.8
      vertex 49.6412 26.6607 6.8
    endloop
  endfacet
  facet normal -0 0 1
    outer loop
      vertex 49.2141 28.2545 6.8
      vertex 49.6412 26.6607 6.8
      vertex 49.4123 28.3218 6.8
    endloop
  endfacet
  facet normal 0 0 1
    outer loop
      vertex 49.6412 26.6607 6.8
      vertex 49.2141 28.2545 6.8
      vertex 49.2242 26.5778 6.8
    endloop
  endfacet
  facet normal -0 0 1
    outer loop
      vertex 49.0088 28.2137 6.8
      vertex 49.2242 26.5778 6.8
      vertex 49.2141 28.2545 6.8
    endloop
  endfacet
  facet normal -0 0 1
    outer loop
      vertex 48.8 28.2 6.8
      vertex 49.2242 26.5778 6.8
      vertex 49.0088 28.2137 6.8
    endloop
  endfacet
  facet normal 0 0 1
    outer loop
      vertex 48.8 28.2 6.8
      vertex 48.8 26.55 6.8
      vertex 49.2242 26.5778 6.8
    endloop
  endfacet
  facet normal 0 0 1
    outer loop
      vertex 48.5912 28.2137 6.8
      vertex 48.8 26.55 6.8
      vertex 48.8 28.2 6.8
    endloop
  endfacet
  facet normal 0 0 1
    outer loop
      vertex 48.3758 26.5778 6.8
      vertex 48.5912 28.2137 6.8
      vertex 48.3859 28.2545 6.8
    endloop
  endfacet
  facet normal 0 0 1
    outer loop
      vertex 48.5912 28.2137 6.8
      vertex 48.3758 26.5778 6.8
      vertex 48.8 26.55 6.8
    endloop
  endfacet
  facet normal 0 0 1
    outer loop
      vertex 47.9588 26.6607 6.8
      vertex 48.3859 28.2545 6.8
      vertex 48.1877 28.3218 6.8
    endloop
  endfacet
  facet normal 0 0 1
    outer loop
      vertex 47.5563 26.7974 6.8
      vertex 48.1877 28.3218 6.8
      vertex 48 28.4144 6.8
    endloop
  endfacet
  facet normal 0 0 1
    outer loop
      vertex 48.3859 28.2545 6.8
      vertex 47.9588 26.6607 6.8
      vertex 48.3758 26.5778 6.8
    endloop
  endfacet
  facet normal 0 0 1
    outer loop
      vertex 47.175 26.9854 6.8
      vertex 48 28.4144 6.8
      vertex 47.826 28.5306 6.8
    endloop
  endfacet
  facet normal 0 0 1
    outer loop
      vertex 46.8215 27.2216 6.8
      vertex 47.826 28.5306 6.8
      vertex 47.6686 28.6686 6.8
    endloop
  endfacet
  facet normal 0 0 1
    outer loop
      vertex 48.1877 28.3218 6.8
      vertex 47.5563 26.7974 6.8
      vertex 47.9588 26.6607 6.8
    endloop
  endfacet
  facet normal 0 0 1
    outer loop
      vertex 46.5019 27.5019 6.8
      vertex 47.6686 28.6686 6.8
      vertex 47.5306 28.826 6.8
    endloop
  endfacet
  facet normal 0 0 1
    outer loop
      vertex 46.2216 27.8215 6.8
      vertex 47.5306 28.826 6.8
      vertex 47.4144 29 6.8
    endloop
  endfacet
  facet normal 0 0 1
    outer loop
      vertex 45.9854 28.175 6.8
      vertex 47.4144 29 6.8
      vertex 47.3218 29.1877 6.8
    endloop
  endfacet
  facet normal 0 0 1
    outer loop
      vertex 45.7974 28.5563 6.8
      vertex 47.3218 29.1877 6.8
      vertex 47.2545 29.3859 6.8
    endloop
  endfacet
  facet normal 0 0 1
    outer loop
      vertex 45.6607 28.9588 6.8
      vertex 47.2545 29.3859 6.8
      vertex 47.2137 29.5912 6.8
    endloop
  endfacet
  facet normal 0 0 1
    outer loop
      vertex 48 28.4144 6.8
      vertex 47.175 26.9854 6.8
      vertex 47.5563 26.7974 6.8
    endloop
  endfacet
  facet normal 0 0 1
    outer loop
      vertex 45.5778 29.3758 6.8
      vertex 47.2137 29.5912 6.8
      vertex 47.2 29.8 6.8
    endloop
  endfacet
  facet normal 0 0 1
    outer loop
      vertex 47.4144 30.6 6.8
      vertex 45.9854 31.425 6.8
      vertex 47.3218 30.4123 6.8
    endloop
  endfacet
  facet normal -0 0 1
    outer loop
      vertex 45.7974 31.0437 6.8
      vertex 47.3218 30.4123 6.8
      vertex 45.9854 31.425 6.8
    endloop
  endfacet
  facet normal 0 0 1
    outer loop
      vertex 47.826 28.5306 6.8
      vertex 46.8215 27.2216 6.8
      vertex 47.175 26.9854 6.8
    endloop
  endfacet
  facet normal 0 0 1
    outer loop
      vertex 47.3218 30.4123 6.8
      vertex 45.7974 31.0437 6.8
      vertex 47.2545 30.2141 6.8
    endloop
  endfacet
  facet normal 0 0 1
    outer loop
      vertex 47.6686 28.6686 6.8
      vertex 46.5019 27.5019 6.8
      vertex 46.8215 27.2216 6.8
    endloop
  endfacet
  facet normal -0 0 1
    outer loop
      vertex 45.6607 30.6412 6.8
      vertex 47.2545 30.2141 6.8
      vertex 45.7974 31.0437 6.8
    endloop
  endfacet
  facet normal 0 0 1
    outer loop
      vertex 47.5306 28.826 6.8
      vertex 46.2216 27.8215 6.8
      vertex 46.5019 27.5019 6.8
    endloop
  endfacet
  facet normal 0 0 1
    outer loop
      vertex 47.2545 30.2141 6.8
      vertex 45.6607 30.6412 6.8
      vertex 47.2137 30.0088 6.8
    endloop
  endfacet
  facet normal 0 0 1
    outer loop
      vertex 47.4144 29 6.8
      vertex 45.9854 28.175 6.8
      vertex 46.2216 27.8215 6.8
    endloop
  endfacet
  facet normal -0 0 1
    outer loop
      vertex 45.5778 30.2242 6.8
      vertex 47.2137 30.0088 6.8
      vertex 45.6607 30.6412 6.8
    endloop
  endfacet
  facet normal 0 0 1
    outer loop
      vertex 47.3218 29.1877 6.8
      vertex 45.7974 28.5563 6.8
      vertex 45.9854 28.175 6.8
    endloop
  endfacet
  facet normal 0 0 1
    outer loop
      vertex 47.2137 30.0088 6.8
      vertex 45.5778 30.2242 6.8
      vertex 47.2 29.8 6.8
    endloop
  endfacet
  facet normal 0 0 1
    outer loop
      vertex 47.2545 29.3859 6.8
      vertex 45.6607 28.9588 6.8
      vertex 45.7974 28.5563 6.8
    endloop
  endfacet
  facet normal 0 0 1
    outer loop
      vertex 45.55 29.8 6.8
      vertex 47.2 29.8 6.8
      vertex 45.5778 30.2242 6.8
    endloop
  endfacet
  facet normal 0 0 1
    outer loop
      vertex 47.2137 29.5912 6.8
      vertex 45.5778 29.3758 6.8
      vertex 45.6607 28.9588 6.8
    endloop
  endfacet
  facet normal 0 0 1
    outer loop
      vertex 47.2 29.8 6.8
      vertex 45.55 29.8 6.8
      vertex 45.5778 29.3758 6.8
    endloop
  endfacet
  facet normal -0.0653948 0.997859 0
    outer loop
      vertex 48.8 33.05 2.8
      vertex 48.3758 33.0222 6.8
      vertex 48.8 33.05 6.8
    endloop
  endfacet
  facet normal -0.0653948 0.997859 0
    outer loop
      vertex 48.3758 33.0222 6.8
      vertex 48.8 33.05 2.8
      vertex 48.3758 33.0222 2.8
    endloop
  endfacet
  facet normal 0.94688 -0.321586 0
    outer loop
      vertex 51.8026 28.5563 6.8
      vertex 51.9393 28.9588 2.8
      vertex 51.9393 28.9588 6.8
    endloop
  endfacet
  facet normal 0.94688 -0.321586 0
    outer loop
      vertex 51.9393 28.9588 2.8
      vertex 51.8026 28.5563 6.8
      vertex 51.8026 28.5563 2.8
    endloop
  endfacet
  facet normal 0.0653948 -0.997859 0
    outer loop
      vertex 48.8 26.55 2.8
      vertex 49.2242 26.5778 6.8
      vertex 48.8 26.55 6.8
    endloop
  endfacet
  facet normal 0.0653948 -0.997859 0
    outer loop
      vertex 49.2242 26.5778 6.8
      vertex 48.8 26.55 2.8
      vertex 49.2242 26.5778 2.8
    endloop
  endfacet
  facet normal -0.65937 -0.751818 0
    outer loop
      vertex 46.5019 27.5019 2.8
      vertex 46.8215 27.2216 6.8
      vertex 46.5019 27.5019 6.8
    endloop
  endfacet
  facet normal -0.65937 -0.751818 -0
    outer loop
      vertex 46.8215 27.2216 6.8
      vertex 46.5019 27.5019 2.8
      vertex 46.8215 27.2216 2.8
    endloop
  endfacet
  facet normal -0.997859 -0.0653948 0
    outer loop
      vertex 45.5778 29.3758 2.8
      vertex 45.55 29.8 6.8
      vertex 45.55 29.8 2.8
    endloop
  endfacet
  facet normal -0.997859 -0.0653948 0
    outer loop
      vertex 45.55 29.8 6.8
      vertex 45.5778 29.3758 2.8
      vertex 45.5778 29.3758 6.8
    endloop
  endfacet
  facet normal 0.94688 0.321586 0
    outer loop
      vertex 51.9393 30.6412 6.8
      vertex 51.8026 31.0437 2.8
      vertex 51.8026 31.0437 6.8
    endloop
  endfacet
  facet normal 0.94688 0.321586 0
    outer loop
      vertex 51.8026 31.0437 2.8
      vertex 51.9393 30.6412 6.8
      vertex 51.9393 30.6412 2.8
    endloop
  endfacet
  facet normal 0.980806 0.194985 0
    outer loop
      vertex 52.0222 30.2242 6.8
      vertex 51.9393 30.6412 2.8
      vertex 51.9393 30.6412 6.8
    endloop
  endfacet
  facet normal 0.980806 0.194985 0
    outer loop
      vertex 51.9393 30.6412 2.8
      vertex 52.0222 30.2242 6.8
      vertex 52.0222 30.2242 2.8
    endloop
  endfacet
  facet normal 0.751818 0.65937 0
    outer loop
      vertex 51.3784 31.7785 6.8
      vertex 51.0981 32.0981 2.8
      vertex 51.0981 32.0981 6.8
    endloop
  endfacet
  facet normal 0.751818 0.65937 0
    outer loop
      vertex 51.0981 32.0981 2.8
      vertex 51.3784 31.7785 6.8
      vertex 51.3784 31.7785 2.8
    endloop
  endfacet
  facet normal 0.321586 0.94688 -0
    outer loop
      vertex 50.0437 32.8026 2.8
      vertex 49.6412 32.9393 6.8
      vertex 50.0437 32.8026 6.8
    endloop
  endfacet
  facet normal 0.321586 0.94688 0
    outer loop
      vertex 49.6412 32.9393 6.8
      vertex 50.0437 32.8026 2.8
      vertex 49.6412 32.9393 2.8
    endloop
  endfacet
  facet normal 0.194985 0.980806 -0
    outer loop
      vertex 49.6412 32.9393 2.8
      vertex 49.2242 33.0222 6.8
      vertex 49.6412 32.9393 6.8
    endloop
  endfacet
  facet normal 0.194985 0.980806 0
    outer loop
      vertex 49.2242 33.0222 6.8
      vertex 49.6412 32.9393 2.8
      vertex 49.2242 33.0222 2.8
    endloop
  endfacet
  facet normal -0.831471 0.555568 0
    outer loop
      vertex 45.9854 31.425 2.8
      vertex 46.2216 31.7785 6.8
      vertex 46.2216 31.7785 2.8
    endloop
  endfacet
  facet normal -0.831471 0.555568 0
    outer loop
      vertex 46.2216 31.7785 6.8
      vertex 45.9854 31.425 2.8
      vertex 45.9854 31.425 6.8
    endloop
  endfacet
  facet normal -0.94688 0.321586 0
    outer loop
      vertex 45.6607 30.6412 2.8
      vertex 45.7974 31.0437 6.8
      vertex 45.7974 31.0437 2.8
    endloop
  endfacet
  facet normal -0.94688 0.321586 0
    outer loop
      vertex 45.7974 31.0437 6.8
      vertex 45.6607 30.6412 2.8
      vertex 45.6607 30.6412 6.8
    endloop
  endfacet
  facet normal -0.980806 0.194985 0
    outer loop
      vertex 45.5778 30.2242 2.8
      vertex 45.6607 30.6412 6.8
      vertex 45.6607 30.6412 2.8
    endloop
  endfacet
  facet normal -0.980806 0.194985 0
    outer loop
      vertex 45.6607 30.6412 6.8
      vertex 45.5778 30.2242 2.8
      vertex 45.5778 30.2242 6.8
    endloop
  endfacet
  facet normal -0.44222 0.896907 0
    outer loop
      vertex 47.5563 32.8026 2.8
      vertex 47.175 32.6146 6.8
      vertex 47.5563 32.8026 6.8
    endloop
  endfacet
  facet normal -0.44222 0.896907 0
    outer loop
      vertex 47.175 32.6146 6.8
      vertex 47.5563 32.8026 2.8
      vertex 47.175 32.6146 2.8
    endloop
  endfacet
  facet normal -0.555568 0.831471 0
    outer loop
      vertex 47.175 32.6146 2.8
      vertex 46.8215 32.3784 6.8
      vertex 47.175 32.6146 6.8
    endloop
  endfacet
  facet normal -0.555568 0.831471 0
    outer loop
      vertex 46.8215 32.3784 6.8
      vertex 47.175 32.6146 2.8
      vertex 46.8215 32.3784 2.8
    endloop
  endfacet
  facet normal -0.194985 0.980806 0
    outer loop
      vertex 48.3758 33.0222 2.8
      vertex 47.9588 32.9393 6.8
      vertex 48.3758 33.0222 6.8
    endloop
  endfacet
  facet normal -0.194985 0.980806 0
    outer loop
      vertex 47.9588 32.9393 6.8
      vertex 48.3758 33.0222 2.8
      vertex 47.9588 32.9393 2.8
    endloop
  endfacet
  facet normal 0.194985 -0.980806 0
    outer loop
      vertex 49.2242 26.5778 2.8
      vertex 49.6412 26.6607 6.8
      vertex 49.2242 26.5778 6.8
    endloop
  endfacet
  facet normal 0.194985 -0.980806 0
    outer loop
      vertex 49.6412 26.6607 6.8
      vertex 49.2242 26.5778 2.8
      vertex 49.6412 26.6607 2.8
    endloop
  endfacet
  facet normal 0.65937 -0.751818 0
    outer loop
      vertex 50.7785 27.2216 2.8
      vertex 51.0981 27.5019 6.8
      vertex 50.7785 27.2216 6.8
    endloop
  endfacet
  facet normal 0.65937 -0.751818 0
    outer loop
      vertex 51.0981 27.5019 6.8
      vertex 50.7785 27.2216 2.8
      vertex 51.0981 27.5019 2.8
    endloop
  endfacet
  facet normal 0.44222 -0.896907 0
    outer loop
      vertex 50.0437 26.7974 2.8
      vertex 50.425 26.9854 6.8
      vertex 50.0437 26.7974 6.8
    endloop
  endfacet
  facet normal 0.44222 -0.896907 0
    outer loop
      vertex 50.425 26.9854 6.8
      vertex 50.0437 26.7974 2.8
      vertex 50.425 26.9854 2.8
    endloop
  endfacet
  facet normal 0.831471 -0.555568 0
    outer loop
      vertex 51.3784 27.8215 6.8
      vertex 51.6146 28.175 2.8
      vertex 51.6146 28.175 6.8
    endloop
  endfacet
  facet normal 0.831471 -0.555568 0
    outer loop
      vertex 51.6146 28.175 2.8
      vertex 51.3784 27.8215 6.8
      vertex 51.3784 27.8215 2.8
    endloop
  endfacet
  facet normal -0.555568 -0.831471 0
    outer loop
      vertex 46.8215 27.2216 2.8
      vertex 47.175 26.9854 6.8
      vertex 46.8215 27.2216 6.8
    endloop
  endfacet
  facet normal -0.555568 -0.831471 -0
    outer loop
      vertex 47.175 26.9854 6.8
      vertex 46.8215 27.2216 2.8
      vertex 47.175 26.9854 2.8
    endloop
  endfacet
  facet normal -0.321586 -0.94688 0
    outer loop
      vertex 47.5563 26.7974 2.8
      vertex 47.9588 26.6607 6.8
      vertex 47.5563 26.7974 6.8
    endloop
  endfacet
  facet normal -0.321586 -0.94688 -0
    outer loop
      vertex 47.9588 26.6607 6.8
      vertex 47.5563 26.7974 2.8
      vertex 47.9588 26.6607 2.8
    endloop
  endfacet
  facet normal -0.0653948 -0.997859 0
    outer loop
      vertex 48.3758 26.5778 2.8
      vertex 48.8 26.55 6.8
      vertex 48.3758 26.5778 6.8
    endloop
  endfacet
  facet normal -0.0653948 -0.997859 -0
    outer loop
      vertex 48.8 26.55 6.8
      vertex 48.3758 26.5778 2.8
      vertex 48.8 26.55 2.8
    endloop
  endfacet
  facet normal -0.896907 -0.44222 0
    outer loop
      vertex 45.9854 28.175 2.8
      vertex 45.7974 28.5563 6.8
      vertex 45.7974 28.5563 2.8
    endloop
  endfacet
  facet normal -0.896907 -0.44222 0
    outer loop
      vertex 45.7974 28.5563 6.8
      vertex 45.9854 28.175 2.8
      vertex 45.9854 28.175 6.8
    endloop
  endfacet
  facet normal -0.751818 -0.65937 0
    outer loop
      vertex 46.5019 27.5019 2.8
      vertex 46.2216 27.8215 6.8
      vertex 46.2216 27.8215 2.8
    endloop
  endfacet
  facet normal -0.751818 -0.65937 0
    outer loop
      vertex 46.2216 27.8215 6.8
      vertex 46.5019 27.5019 2.8
      vertex 46.5019 27.5019 6.8
    endloop
  endfacet
  facet normal -0.980806 -0.194985 0
    outer loop
      vertex 45.6607 28.9588 2.8
      vertex 45.5778 29.3758 6.8
      vertex 45.5778 29.3758 2.8
    endloop
  endfacet
  facet normal -0.980806 -0.194985 0
    outer loop
      vertex 45.5778 29.3758 6.8
      vertex 45.6607 28.9588 2.8
      vertex 45.6607 28.9588 6.8
    endloop
  endfacet
  facet normal 0.321586 -0.94688 0
    outer loop
      vertex 49.6412 26.6607 2.8
      vertex 50.0437 26.7974 6.8
      vertex 49.6412 26.6607 6.8
    endloop
  endfacet
  facet normal 0.321586 -0.94688 0
    outer loop
      vertex 50.0437 26.7974 6.8
      vertex 49.6412 26.6607 2.8
      vertex 50.0437 26.7974 2.8
    endloop
  endfacet
  facet normal 0.751818 -0.65937 0
    outer loop
      vertex 51.0981 27.5019 6.8
      vertex 51.3784 27.8215 2.8
      vertex 51.3784 27.8215 6.8
    endloop
  endfacet
  facet normal 0.751818 -0.65937 0
    outer loop
      vertex 51.3784 27.8215 2.8
      vertex 51.0981 27.5019 6.8
      vertex 51.0981 27.5019 2.8
    endloop
  endfacet
  facet normal 0.555568 -0.831471 0
    outer loop
      vertex 50.425 26.9854 2.8
      vertex 50.7785 27.2216 6.8
      vertex 50.425 26.9854 6.8
    endloop
  endfacet
  facet normal 0.555568 -0.831471 0
    outer loop
      vertex 50.7785 27.2216 6.8
      vertex 50.425 26.9854 2.8
      vertex 50.7785 27.2216 2.8
    endloop
  endfacet
  facet normal 0.980806 -0.194985 0
    outer loop
      vertex 51.9393 28.9588 6.8
      vertex 52.0222 29.3758 2.8
      vertex 52.0222 29.3758 6.8
    endloop
  endfacet
  facet normal 0.980806 -0.194985 0
    outer loop
      vertex 52.0222 29.3758 2.8
      vertex 51.9393 28.9588 6.8
      vertex 51.9393 28.9588 2.8
    endloop
  endfacet
  facet normal 0.896907 -0.44222 0
    outer loop
      vertex 51.6146 28.175 6.8
      vertex 51.8026 28.5563 2.8
      vertex 51.8026 28.5563 6.8
    endloop
  endfacet
  facet normal 0.896907 -0.44222 0
    outer loop
      vertex 51.8026 28.5563 2.8
      vertex 51.6146 28.175 6.8
      vertex 51.6146 28.175 2.8
    endloop
  endfacet
  facet normal -0.44222 -0.896907 0
    outer loop
      vertex 47.175 26.9854 2.8
      vertex 47.5563 26.7974 6.8
      vertex 47.175 26.9854 6.8
    endloop
  endfacet
  facet normal -0.44222 -0.896907 -0
    outer loop
      vertex 47.5563 26.7974 6.8
      vertex 47.175 26.9854 2.8
      vertex 47.5563 26.7974 2.8
    endloop
  endfacet
  facet normal -0.194985 -0.980806 0
    outer loop
      vertex 47.9588 26.6607 2.8
      vertex 48.3758 26.5778 6.8
      vertex 47.9588 26.6607 6.8
    endloop
  endfacet
  facet normal -0.194985 -0.980806 -0
    outer loop
      vertex 48.3758 26.5778 6.8
      vertex 47.9588 26.6607 2.8
      vertex 48.3758 26.5778 2.8
    endloop
  endfacet
  facet normal -0.831471 -0.555568 0
    outer loop
      vertex 46.2216 27.8215 2.8
      vertex 45.9854 28.175 6.8
      vertex 45.9854 28.175 2.8
    endloop
  endfacet
  facet normal -0.831471 -0.555568 0
    outer loop
      vertex 45.9854 28.175 6.8
      vertex 46.2216 27.8215 2.8
      vertex 46.2216 27.8215 6.8
    endloop
  endfacet
  facet normal -0.94688 -0.321586 0
    outer loop
      vertex 45.7974 28.5563 2.8
      vertex 45.6607 28.9588 6.8
      vertex 45.6607 28.9588 2.8
    endloop
  endfacet
  facet normal -0.94688 -0.321586 0
    outer loop
      vertex 45.6607 28.9588 6.8
      vertex 45.7974 28.5563 2.8
      vertex 45.7974 28.5563 6.8
    endloop
  endfacet
  facet normal 0.997859 -0.0653948 0
    outer loop
      vertex 52.0222 29.3758 6.8
      vertex 52.05 29.8 2.8
      vertex 52.05 29.8 6.8
    endloop
  endfacet
  facet normal 0.997859 -0.0653948 0
    outer loop
      vertex 52.05 29.8 2.8
      vertex 52.0222 29.3758 6.8
      vertex 52.0222 29.3758 2.8
    endloop
  endfacet
  facet normal -0.896803 -0.442429 0
    outer loop
      vertex 50.2782 30.4123 2.8
      vertex 50.1856 30.6 6.8
      vertex 50.1856 30.6 2.8
    endloop
  endfacet
  facet normal -0.896803 -0.442429 0
    outer loop
      vertex 50.1856 30.6 6.8
      vertex 50.2782 30.4123 2.8
      vertex 50.2782 30.4123 6.8
    endloop
  endfacet
  facet normal -0.831609 -0.555362 0
    outer loop
      vertex 50.1856 30.6 2.8
      vertex 50.0694 30.774 6.8
      vertex 50.0694 30.774 2.8
    endloop
  endfacet
  facet normal -0.831609 -0.555362 0
    outer loop
      vertex 50.0694 30.774 6.8
      vertex 50.1856 30.6 2.8
      vertex 50.1856 30.6 6.8
    endloop
  endfacet
  facet normal -0.321526 -0.946901 0
    outer loop
      vertex 49.2141 31.3455 2.8
      vertex 49.4123 31.2782 6.8
      vertex 49.2141 31.3455 6.8
    endloop
  endfacet
  facet normal -0.321526 -0.946901 -0
    outer loop
      vertex 49.4123 31.2782 6.8
      vertex 49.2141 31.3455 2.8
      vertex 49.4123 31.2782 2.8
    endloop
  endfacet
  facet normal 0.442429 -0.896803 0
    outer loop
      vertex 48 31.1856 2.8
      vertex 48.1877 31.2782 6.8
      vertex 48 31.1856 6.8
    endloop
  endfacet
  facet normal 0.442429 -0.896803 0
    outer loop
      vertex 48.1877 31.2782 6.8
      vertex 48 31.1856 2.8
      vertex 48.1877 31.2782 2.8
    endloop
  endfacet
  facet normal 0.946901 -0.321526 0
    outer loop
      vertex 47.2545 30.2141 6.8
      vertex 47.3218 30.4123 2.8
      vertex 47.3218 30.4123 6.8
    endloop
  endfacet
  facet normal 0.946901 -0.321526 0
    outer loop
      vertex 47.3218 30.4123 2.8
      vertex 47.2545 30.2141 6.8
      vertex 47.2545 30.2141 2.8
    endloop
  endfacet
  facet normal -0.980819 0.194922 0
    outer loop
      vertex 50.3455 29.3859 2.8
      vertex 50.3863 29.5912 6.8
      vertex 50.3863 29.5912 2.8
    endloop
  endfacet
  facet normal -0.980819 0.194922 0
    outer loop
      vertex 50.3863 29.5912 6.8
      vertex 50.3455 29.3859 2.8
      vertex 50.3455 29.3859 6.8
    endloop
  endfacet
  facet normal -0.442429 -0.896803 0
    outer loop
      vertex 49.4123 31.2782 2.8
      vertex 49.6 31.1856 6.8
      vertex 49.4123 31.2782 6.8
    endloop
  endfacet
  facet normal -0.442429 -0.896803 -0
    outer loop
      vertex 49.6 31.1856 6.8
      vertex 49.4123 31.2782 2.8
      vertex 49.6 31.1856 2.8
    endloop
  endfacet
  facet normal 0.997854 -0.0654722 0
    outer loop
      vertex 47.2 29.8 6.8
      vertex 47.2137 30.0088 2.8
      vertex 47.2137 30.0088 6.8
    endloop
  endfacet
  facet normal 0.997854 -0.0654722 0
    outer loop
      vertex 47.2137 30.0088 2.8
      vertex 47.2 29.8 6.8
      vertex 47.2 29.8 2.8
    endloop
  endfacet
  facet normal 0.831609 -0.555362 0
    outer loop
      vertex 47.4144 30.6 6.8
      vertex 47.5306 30.774 2.8
      vertex 47.5306 30.774 6.8
    endloop
  endfacet
  facet normal 0.831609 -0.555362 0
    outer loop
      vertex 47.5306 30.774 2.8
      vertex 47.4144 30.6 6.8
      vertex 47.4144 30.6 2.8
    endloop
  endfacet
  facet normal 0.555362 -0.831609 0
    outer loop
      vertex 47.826 31.0694 2.8
      vertex 48 31.1856 6.8
      vertex 47.826 31.0694 6.8
    endloop
  endfacet
  facet normal 0.555362 -0.831609 0
    outer loop
      vertex 48 31.1856 6.8
      vertex 47.826 31.0694 2.8
      vertex 48 31.1856 2.8
    endloop
  endfacet
  facet normal 0.321526 -0.946901 0
    outer loop
      vertex 48.1877 31.2782 2.8
      vertex 48.3859 31.3455 6.8
      vertex 48.1877 31.2782 6.8
    endloop
  endfacet
  facet normal 0.321526 -0.946901 0
    outer loop
      vertex 48.3859 31.3455 6.8
      vertex 48.1877 31.2782 2.8
      vertex 48.3859 31.3455 2.8
    endloop
  endfacet
  facet normal -0.997854 0.0654722 0
    outer loop
      vertex 50.3863 29.5912 2.8
      vertex 50.4 29.8 6.8
      vertex 50.4 29.8 2.8
    endloop
  endfacet
  facet normal -0.997854 0.0654722 0
    outer loop
      vertex 50.4 29.8 6.8
      vertex 50.3863 29.5912 2.8
      vertex 50.3863 29.5912 6.8
    endloop
  endfacet
  facet normal -0.946901 0.321526 0
    outer loop
      vertex 50.2782 29.1877 2.8
      vertex 50.3455 29.3859 6.8
      vertex 50.3455 29.3859 2.8
    endloop
  endfacet
  facet normal -0.946901 0.321526 0
    outer loop
      vertex 50.3455 29.3859 6.8
      vertex 50.2782 29.1877 2.8
      vertex 50.2782 29.1877 6.8
    endloop
  endfacet
  facet normal -0.555362 0.831609 0
    outer loop
      vertex 49.774 28.5306 2.8
      vertex 49.6 28.4144 6.8
      vertex 49.774 28.5306 6.8
    endloop
  endfacet
  facet normal -0.555362 0.831609 0
    outer loop
      vertex 49.6 28.4144 6.8
      vertex 49.774 28.5306 2.8
      vertex 49.6 28.4144 2.8
    endloop
  endfacet
  facet normal -0.946901 -0.321526 0
    outer loop
      vertex 50.3455 30.2141 2.8
      vertex 50.2782 30.4123 6.8
      vertex 50.2782 30.4123 2.8
    endloop
  endfacet
  facet normal -0.946901 -0.321526 0
    outer loop
      vertex 50.2782 30.4123 6.8
      vertex 50.3455 30.2141 2.8
      vertex 50.3455 30.2141 6.8
    endloop
  endfacet
  facet normal -0.659248 -0.751925 0
    outer loop
      vertex 49.774 31.0694 2.8
      vertex 49.9314 30.9314 6.8
      vertex 49.774 31.0694 6.8
    endloop
  endfacet
  facet normal -0.659248 -0.751925 -0
    outer loop
      vertex 49.9314 30.9314 6.8
      vertex 49.774 31.0694 2.8
      vertex 49.9314 30.9314 2.8
    endloop
  endfacet
  facet normal -0.751925 -0.659248 0
    outer loop
      vertex 50.0694 30.774 2.8
      vertex 49.9314 30.9314 6.8
      vertex 49.9314 30.9314 2.8
    endloop
  endfacet
  facet normal -0.751925 -0.659248 0
    outer loop
      vertex 49.9314 30.9314 6.8
      vertex 50.0694 30.774 2.8
      vertex 50.0694 30.774 6.8
    endloop
  endfacet
  facet normal 0.0654722 -0.997854 0
    outer loop
      vertex 48.5912 31.3863 2.8
      vertex 48.8 31.4 6.8
      vertex 48.5912 31.3863 6.8
    endloop
  endfacet
  facet normal 0.0654722 -0.997854 0
    outer loop
      vertex 48.8 31.4 6.8
      vertex 48.5912 31.3863 2.8
      vertex 48.8 31.4 2.8
    endloop
  endfacet
  facet normal -0.194922 -0.980819 0
    outer loop
      vertex 49.0088 31.3863 2.8
      vertex 49.2141 31.3455 6.8
      vertex 49.0088 31.3863 6.8
    endloop
  endfacet
  facet normal -0.194922 -0.980819 -0
    outer loop
      vertex 49.2141 31.3455 6.8
      vertex 49.0088 31.3863 2.8
      vertex 49.2141 31.3455 2.8
    endloop
  endfacet
  facet normal -0.555362 -0.831609 0
    outer loop
      vertex 49.6 31.1856 2.8
      vertex 49.774 31.0694 6.8
      vertex 49.6 31.1856 6.8
    endloop
  endfacet
  facet normal -0.555362 -0.831609 -0
    outer loop
      vertex 49.774 31.0694 6.8
      vertex 49.6 31.1856 2.8
      vertex 49.774 31.0694 2.8
    endloop
  endfacet
  facet normal 0.980819 -0.194922 0
    outer loop
      vertex 47.2137 30.0088 6.8
      vertex 47.2545 30.2141 2.8
      vertex 47.2545 30.2141 6.8
    endloop
  endfacet
  facet normal 0.980819 -0.194922 0
    outer loop
      vertex 47.2545 30.2141 2.8
      vertex 47.2137 30.0088 6.8
      vertex 47.2137 30.0088 2.8
    endloop
  endfacet
  facet normal 0.896803 -0.442429 0
    outer loop
      vertex 47.3218 30.4123 6.8
      vertex 47.4144 30.6 2.8
      vertex 47.4144 30.6 6.8
    endloop
  endfacet
  facet normal 0.896803 -0.442429 0
    outer loop
      vertex 47.4144 30.6 2.8
      vertex 47.3218 30.4123 6.8
      vertex 47.3218 30.4123 2.8
    endloop
  endfacet
  facet normal 0.194922 -0.980819 0
    outer loop
      vertex 48.3859 31.3455 2.8
      vertex 48.5912 31.3863 6.8
      vertex 48.3859 31.3455 6.8
    endloop
  endfacet
  facet normal 0.194922 -0.980819 0
    outer loop
      vertex 48.5912 31.3863 6.8
      vertex 48.3859 31.3455 2.8
      vertex 48.5912 31.3863 2.8
    endloop
  endfacet
  facet normal 0.659248 -0.751925 0
    outer loop
      vertex 47.6686 30.9314 2.8
      vertex 47.826 31.0694 6.8
      vertex 47.6686 30.9314 6.8
    endloop
  endfacet
  facet normal 0.659248 -0.751925 0
    outer loop
      vertex 47.826 31.0694 6.8
      vertex 47.6686 30.9314 2.8
      vertex 47.826 31.0694 2.8
    endloop
  endfacet
  facet normal 0.751925 -0.659248 0
    outer loop
      vertex 47.5306 30.774 6.8
      vertex 47.6686 30.9314 2.8
      vertex 47.6686 30.9314 6.8
    endloop
  endfacet
  facet normal 0.751925 -0.659248 0
    outer loop
      vertex 47.6686 30.9314 2.8
      vertex 47.5306 30.774 6.8
      vertex 47.5306 30.774 2.8
    endloop
  endfacet
  facet normal -0.997854 -0.0654722 0
    outer loop
      vertex 50.4 29.8 2.8
      vertex 50.3863 30.0088 6.8
      vertex 50.3863 30.0088 2.8
    endloop
  endfacet
  facet normal -0.997854 -0.0654722 0
    outer loop
      vertex 50.3863 30.0088 6.8
      vertex 50.4 29.8 2.8
      vertex 50.4 29.8 6.8
    endloop
  endfacet
  facet normal -0.831609 0.555362 0
    outer loop
      vertex 50.0694 28.826 2.8
      vertex 50.1856 29 6.8
      vertex 50.1856 29 2.8
    endloop
  endfacet
  facet normal -0.831609 0.555362 0
    outer loop
      vertex 50.1856 29 6.8
      vertex 50.0694 28.826 2.8
      vertex 50.0694 28.826 6.8
    endloop
  endfacet
  facet normal 0.997854 0.0654722 0
    outer loop
      vertex 47.2137 29.5912 6.8
      vertex 47.2 29.8 2.8
      vertex 47.2 29.8 6.8
    endloop
  endfacet
  facet normal 0.997854 0.0654722 0
    outer loop
      vertex 47.2 29.8 2.8
      vertex 47.2137 29.5912 6.8
      vertex 47.2137 29.5912 2.8
    endloop
  endfacet
  facet normal 0.896803 0.442429 0
    outer loop
      vertex 47.4144 29 6.8
      vertex 47.3218 29.1877 2.8
      vertex 47.3218 29.1877 6.8
    endloop
  endfacet
  facet normal 0.896803 0.442429 0
    outer loop
      vertex 47.3218 29.1877 2.8
      vertex 47.4144 29 6.8
      vertex 47.4144 29 2.8
    endloop
  endfacet
  facet normal -0.194922 0.980819 0
    outer loop
      vertex 49.2141 28.2545 2.8
      vertex 49.0088 28.2137 6.8
      vertex 49.2141 28.2545 6.8
    endloop
  endfacet
  facet normal -0.194922 0.980819 0
    outer loop
      vertex 49.0088 28.2137 6.8
      vertex 49.2141 28.2545 2.8
      vertex 49.0088 28.2137 2.8
    endloop
  endfacet
  facet normal -0.659248 0.751925 0
    outer loop
      vertex 49.9314 28.6686 2.8
      vertex 49.774 28.5306 6.8
      vertex 49.9314 28.6686 6.8
    endloop
  endfacet
  facet normal -0.659248 0.751925 0
    outer loop
      vertex 49.774 28.5306 6.8
      vertex 49.9314 28.6686 2.8
      vertex 49.774 28.5306 2.8
    endloop
  endfacet
  facet normal -0.980819 -0.194922 0
    outer loop
      vertex 50.3863 30.0088 2.8
      vertex 50.3455 30.2141 6.8
      vertex 50.3455 30.2141 2.8
    endloop
  endfacet
  facet normal -0.980819 -0.194922 0
    outer loop
      vertex 50.3455 30.2141 6.8
      vertex 50.3863 30.0088 2.8
      vertex 50.3863 30.0088 6.8
    endloop
  endfacet
  facet normal -0.0654722 -0.997854 0
    outer loop
      vertex 48.8 31.4 2.8
      vertex 49.0088 31.3863 6.8
      vertex 48.8 31.4 6.8
    endloop
  endfacet
  facet normal -0.0654722 -0.997854 -0
    outer loop
      vertex 49.0088 31.3863 6.8
      vertex 48.8 31.4 2.8
      vertex 49.0088 31.3863 2.8
    endloop
  endfacet
  facet normal -0.896803 0.442429 0
    outer loop
      vertex 50.1856 29 2.8
      vertex 50.2782 29.1877 6.8
      vertex 50.2782 29.1877 2.8
    endloop
  endfacet
  facet normal -0.896803 0.442429 0
    outer loop
      vertex 50.2782 29.1877 6.8
      vertex 50.1856 29 2.8
      vertex 50.1856 29 6.8
    endloop
  endfacet
  facet normal 0.0654722 0.997854 -0
    outer loop
      vertex 48.8 28.2 2.8
      vertex 48.5912 28.2137 6.8
      vertex 48.8 28.2 6.8
    endloop
  endfacet
  facet normal 0.0654722 0.997854 0
    outer loop
      vertex 48.5912 28.2137 6.8
      vertex 48.8 28.2 2.8
      vertex 48.5912 28.2137 2.8
    endloop
  endfacet
  facet normal 0.946901 0.321526 0
    outer loop
      vertex 47.3218 29.1877 6.8
      vertex 47.2545 29.3859 2.8
      vertex 47.2545 29.3859 6.8
    endloop
  endfacet
  facet normal 0.946901 0.321526 0
    outer loop
      vertex 47.2545 29.3859 2.8
      vertex 47.3218 29.1877 6.8
      vertex 47.3218 29.1877 2.8
    endloop
  endfacet
  facet normal 0.980819 0.194922 0
    outer loop
      vertex 47.2545 29.3859 6.8
      vertex 47.2137 29.5912 2.8
      vertex 47.2137 29.5912 6.8
    endloop
  endfacet
  facet normal 0.980819 0.194922 0
    outer loop
      vertex 47.2137 29.5912 2.8
      vertex 47.2545 29.3859 6.8
      vertex 47.2545 29.3859 2.8
    endloop
  endfacet
  facet normal -0.442429 0.896803 0
    outer loop
      vertex 49.6 28.4144 2.8
      vertex 49.4123 28.3218 6.8
      vertex 49.6 28.4144 6.8
    endloop
  endfacet
  facet normal -0.442429 0.896803 0
    outer loop
      vertex 49.4123 28.3218 6.8
      vertex 49.6 28.4144 2.8
      vertex 49.4123 28.3218 2.8
    endloop
  endfacet
  facet normal -0.321526 0.946901 0
    outer loop
      vertex 49.4123 28.3218 2.8
      vertex 49.2141 28.2545 6.8
      vertex 49.4123 28.3218 6.8
    endloop
  endfacet
  facet normal -0.321526 0.946901 0
    outer loop
      vertex 49.2141 28.2545 6.8
      vertex 49.4123 28.3218 2.8
      vertex 49.2141 28.2545 2.8
    endloop
  endfacet
  facet normal -0.751925 0.659248 0
    outer loop
      vertex 49.9314 28.6686 2.8
      vertex 50.0694 28.826 6.8
      vertex 50.0694 28.826 2.8
    endloop
  endfacet
  facet normal -0.751925 0.659248 0
    outer loop
      vertex 50.0694 28.826 6.8
      vertex 49.9314 28.6686 2.8
      vertex 49.9314 28.6686 6.8
    endloop
  endfacet
  facet normal 0.321526 0.946901 -0
    outer loop
      vertex 48.3859 28.2545 2.8
      vertex 48.1877 28.3218 6.8
      vertex 48.3859 28.2545 6.8
    endloop
  endfacet
  facet normal 0.321526 0.946901 0
    outer loop
      vertex 48.1877 28.3218 6.8
      vertex 48.3859 28.2545 2.8
      vertex 48.1877 28.3218 2.8
    endloop
  endfacet
  facet normal -0.0654722 0.997854 0
    outer loop
      vertex 49.0088 28.2137 2.8
      vertex 48.8 28.2 6.8
      vertex 49.0088 28.2137 6.8
    endloop
  endfacet
  facet normal -0.0654722 0.997854 0
    outer loop
      vertex 48.8 28.2 6.8
      vertex 49.0088 28.2137 2.8
      vertex 48.8 28.2 2.8
    endloop
  endfacet
  facet normal 0.194922 0.980819 -0
    outer loop
      vertex 48.5912 28.2137 2.8
      vertex 48.3859 28.2545 6.8
      vertex 48.5912 28.2137 6.8
    endloop
  endfacet
  facet normal 0.194922 0.980819 0
    outer loop
      vertex 48.3859 28.2545 6.8
      vertex 48.5912 28.2137 2.8
      vertex 48.3859 28.2545 2.8
    endloop
  endfacet
  facet normal 0.751925 0.659248 0
    outer loop
      vertex 47.6686 28.6686 6.8
      vertex 47.5306 28.826 2.8
      vertex 47.5306 28.826 6.8
    endloop
  endfacet
  facet normal 0.751925 0.659248 0
    outer loop
      vertex 47.5306 28.826 2.8
      vertex 47.6686 28.6686 6.8
      vertex 47.6686 28.6686 2.8
    endloop
  endfacet
  facet normal 0.659248 0.751925 -0
    outer loop
      vertex 47.826 28.5306 2.8
      vertex 47.6686 28.6686 6.8
      vertex 47.826 28.5306 6.8
    endloop
  endfacet
  facet normal 0.659248 0.751925 0
    outer loop
      vertex 47.6686 28.6686 6.8
      vertex 47.826 28.5306 2.8
      vertex 47.6686 28.6686 2.8
    endloop
  endfacet
  facet normal 0.555362 0.831609 -0
    outer loop
      vertex 48 28.4144 2.8
      vertex 47.826 28.5306 6.8
      vertex 48 28.4144 6.8
    endloop
  endfacet
  facet normal 0.555362 0.831609 0
    outer loop
      vertex 47.826 28.5306 6.8
      vertex 48 28.4144 2.8
      vertex 47.826 28.5306 2.8
    endloop
  endfacet
  facet normal 0.831609 0.555362 0
    outer loop
      vertex 47.5306 28.826 6.8
      vertex 47.4144 29 2.8
      vertex 47.4144 29 6.8
    endloop
  endfacet
  facet normal 0.831609 0.555362 0
    outer loop
      vertex 47.4144 29 2.8
      vertex 47.5306 28.826 6.8
      vertex 47.5306 28.826 2.8
    endloop
  endfacet
  facet normal 0.442429 0.896803 -0
    outer loop
      vertex 48.1877 28.3218 2.8
      vertex 48 28.4144 6.8
      vertex 48.1877 28.3218 6.8
    endloop
  endfacet
  facet normal 0.442429 0.896803 0
    outer loop
      vertex 48 28.4144 6.8
      vertex 48.1877 28.3218 2.8
      vertex 48 28.4144 2.8
    endloop
  endfacet
  facet normal 0.997829 0.0658633 0
    outer loop
      vertex 110.05 29.8 6.8
      vertex 110.022 30.2242 2.8
      vertex 110.022 30.2242 6.8
    endloop
  endfacet
  facet normal 0.997829 0.0658633 0
    outer loop
      vertex 110.022 30.2242 2.8
      vertex 110.05 29.8 6.8
      vertex 110.05 29.8 2.8
    endloop
  endfacet
  facet normal -0.997829 0.0658633 0
    outer loop
      vertex 103.55 29.8 2.8
      vertex 103.578 30.2242 6.8
      vertex 103.578 30.2242 2.8
    endloop
  endfacet
  facet normal -0.997829 0.0658633 0
    outer loop
      vertex 103.578 30.2242 6.8
      vertex 103.55 29.8 2.8
      vertex 103.55 29.8 6.8
    endloop
  endfacet
  facet normal 0.0654256 0.997857 -0
    outer loop
      vertex 107.224 33.0222 2.8
      vertex 106.8 33.05 6.8
      vertex 107.224 33.0222 6.8
    endloop
  endfacet
  facet normal 0.0654256 0.997857 0
    outer loop
      vertex 106.8 33.05 6.8
      vertex 107.224 33.0222 2.8
      vertex 106.8 33.05 2.8
    endloop
  endfacet
  facet normal 0.658904 0.752227 -0
    outer loop
      vertex 109.098 32.0981 2.8
      vertex 108.778 32.3784 6.8
      vertex 109.098 32.0981 6.8
    endloop
  endfacet
  facet normal 0.658904 0.752227 0
    outer loop
      vertex 108.778 32.3784 6.8
      vertex 109.098 32.0981 2.8
      vertex 108.778 32.3784 2.8
    endloop
  endfacet
  facet normal -0.658904 0.752227 0
    outer loop
      vertex 104.822 32.3784 2.8
      vertex 104.502 32.0981 6.8
      vertex 104.822 32.3784 6.8
    endloop
  endfacet
  facet normal -0.658904 0.752227 0
    outer loop
      vertex 104.502 32.0981 6.8
      vertex 104.822 32.3784 2.8
      vertex 104.502 32.0981 2.8
    endloop
  endfacet
  facet normal -0.321229 0.947002 0
    outer loop
      vertex 105.959 32.9393 2.8
      vertex 105.556 32.8026 6.8
      vertex 105.959 32.9393 6.8
    endloop
  endfacet
  facet normal -0.321229 0.947002 0
    outer loop
      vertex 105.556 32.8026 6.8
      vertex 105.959 32.9393 2.8
      vertex 105.556 32.8026 2.8
    endloop
  endfacet
  facet normal 0 0 -1
    outer loop
      vertex 108.4 29.8 2.8
      vertex 110.05 29.8 2.8
      vertex 110.022 29.3758 2.8
    endloop
  endfacet
  facet normal 0 0 -1
    outer loop
      vertex 108.386 29.5912 2.8
      vertex 110.022 29.3758 2.8
      vertex 109.939 28.9588 2.8
    endloop
  endfacet
  facet normal 0 0 -1
    outer loop
      vertex 110.05 29.8 2.8
      vertex 108.4 29.8 2.8
      vertex 110.022 30.2242 2.8
    endloop
  endfacet
  facet normal 0 0 -1
    outer loop
      vertex 108.345 29.3859 2.8
      vertex 109.939 28.9588 2.8
      vertex 109.803 28.5563 2.8
    endloop
  endfacet
  facet normal 0 0 -1
    outer loop
      vertex 108.386 30.0088 2.8
      vertex 110.022 30.2242 2.8
      vertex 108.4 29.8 2.8
    endloop
  endfacet
  facet normal 0 0 -1
    outer loop
      vertex 108.278 29.1877 2.8
      vertex 109.803 28.5563 2.8
      vertex 109.615 28.175 2.8
    endloop
  endfacet
  facet normal -0 0 -1
    outer loop
      vertex 110.022 30.2242 2.8
      vertex 108.386 30.0088 2.8
      vertex 109.939 30.6412 2.8
    endloop
  endfacet
  facet normal 0 0 -1
    outer loop
      vertex 108.186 29 2.8
      vertex 109.615 28.175 2.8
      vertex 109.378 27.8215 2.8
    endloop
  endfacet
  facet normal 0 0 -1
    outer loop
      vertex 108.345 30.2141 2.8
      vertex 109.939 30.6412 2.8
      vertex 108.386 30.0088 2.8
    endloop
  endfacet
  facet normal 0 0 -1
    outer loop
      vertex 108.069 28.826 2.8
      vertex 109.378 27.8215 2.8
      vertex 109.098 27.5019 2.8
    endloop
  endfacet
  facet normal -0 0 -1
    outer loop
      vertex 109.939 30.6412 2.8
      vertex 108.345 30.2141 2.8
      vertex 109.803 31.0437 2.8
    endloop
  endfacet
  facet normal 0 0 -1
    outer loop
      vertex 107.931 28.6686 2.8
      vertex 109.098 27.5019 2.8
      vertex 108.778 27.2216 2.8
    endloop
  endfacet
  facet normal 0 0 -1
    outer loop
      vertex 108.278 30.4123 2.8
      vertex 109.803 31.0437 2.8
      vertex 108.345 30.2141 2.8
    endloop
  endfacet
  facet normal 0 0 -1
    outer loop
      vertex 107.774 28.5306 2.8
      vertex 108.778 27.2216 2.8
      vertex 108.425 26.9854 2.8
    endloop
  endfacet
  facet normal -0 0 -1
    outer loop
      vertex 109.803 31.0437 2.8
      vertex 108.278 30.4123 2.8
      vertex 109.615 31.425 2.8
    endloop
  endfacet
  facet normal 0 0 -1
    outer loop
      vertex 108.186 30.6 2.8
      vertex 109.615 31.425 2.8
      vertex 108.278 30.4123 2.8
    endloop
  endfacet
  facet normal 0 0 -1
    outer loop
      vertex 110.022 29.3758 2.8
      vertex 108.386 29.5912 2.8
      vertex 108.4 29.8 2.8
    endloop
  endfacet
  facet normal 0 0 -1
    outer loop
      vertex 109.939 28.9588 2.8
      vertex 108.345 29.3859 2.8
      vertex 108.386 29.5912 2.8
    endloop
  endfacet
  facet normal 0 0 -1
    outer loop
      vertex 109.803 28.5563 2.8
      vertex 108.278 29.1877 2.8
      vertex 108.345 29.3859 2.8
    endloop
  endfacet
  facet normal 0 0 -1
    outer loop
      vertex 109.615 28.175 2.8
      vertex 108.186 29 2.8
      vertex 108.278 29.1877 2.8
    endloop
  endfacet
  facet normal 0 0 -1
    outer loop
      vertex 109.378 27.8215 2.8
      vertex 108.069 28.826 2.8
      vertex 108.186 29 2.8
    endloop
  endfacet
  facet normal 0 0 -1
    outer loop
      vertex 107.6 28.4144 2.8
      vertex 108.425 26.9854 2.8
      vertex 108.044 26.7974 2.8
    endloop
  endfacet
  facet normal 0 0 -1
    outer loop
      vertex 109.098 27.5019 2.8
      vertex 107.931 28.6686 2.8
      vertex 108.069 28.826 2.8
    endloop
  endfacet
  facet normal 0 0 -1
    outer loop
      vertex 108.778 27.2216 2.8
      vertex 107.774 28.5306 2.8
      vertex 107.931 28.6686 2.8
    endloop
  endfacet
  facet normal 0 0 -1
    outer loop
      vertex 107.412 28.3218 2.8
      vertex 108.044 26.7974 2.8
      vertex 107.641 26.6607 2.8
    endloop
  endfacet
  facet normal 0 0 -1
    outer loop
      vertex 108.425 26.9854 2.8
      vertex 107.6 28.4144 2.8
      vertex 107.774 28.5306 2.8
    endloop
  endfacet
  facet normal 0 0 -1
    outer loop
      vertex 108.044 26.7974 2.8
      vertex 107.412 28.3218 2.8
      vertex 107.6 28.4144 2.8
    endloop
  endfacet
  facet normal 0 0 -1
    outer loop
      vertex 107.214 28.2545 2.8
      vertex 107.641 26.6607 2.8
      vertex 107.224 26.5778 2.8
    endloop
  endfacet
  facet normal 0 0 -1
    outer loop
      vertex 107.641 26.6607 2.8
      vertex 107.214 28.2545 2.8
      vertex 107.412 28.3218 2.8
    endloop
  endfacet
  facet normal 0 0 -1
    outer loop
      vertex 107.224 26.5778 2.8
      vertex 107.009 28.2137 2.8
      vertex 107.214 28.2545 2.8
    endloop
  endfacet
  facet normal 0 0 -1
    outer loop
      vertex 106.8 26.55 2.8
      vertex 107.009 28.2137 2.8
      vertex 107.224 26.5778 2.8
    endloop
  endfacet
  facet normal 0 0 -1
    outer loop
      vertex 106.8 26.55 2.8
      vertex 106.8 28.2 2.8
      vertex 107.009 28.2137 2.8
    endloop
  endfacet
  facet normal 0 0 -1
    outer loop
      vertex 106.8 26.55 2.8
      vertex 106.591 28.2137 2.8
      vertex 106.8 28.2 2.8
    endloop
  endfacet
  facet normal 0 0 -1
    outer loop
      vertex 106.376 26.5778 2.8
      vertex 106.591 28.2137 2.8
      vertex 106.8 26.55 2.8
    endloop
  endfacet
  facet normal -0 0 -1
    outer loop
      vertex 106.591 28.2137 2.8
      vertex 106.376 26.5778 2.8
      vertex 106.386 28.2545 2.8
    endloop
  endfacet
  facet normal 0 0 -1
    outer loop
      vertex 105.959 26.6607 2.8
      vertex 106.386 28.2545 2.8
      vertex 106.376 26.5778 2.8
    endloop
  endfacet
  facet normal -0 0 -1
    outer loop
      vertex 106.386 28.2545 2.8
      vertex 105.959 26.6607 2.8
      vertex 106.188 28.3218 2.8
    endloop
  endfacet
  facet normal 0 0 -1
    outer loop
      vertex 105.556 26.7974 2.8
      vertex 106.188 28.3218 2.8
      vertex 105.959 26.6607 2.8
    endloop
  endfacet
  facet normal -0 0 -1
    outer loop
      vertex 106.188 28.3218 2.8
      vertex 105.556 26.7974 2.8
      vertex 106 28.4144 2.8
    endloop
  endfacet
  facet normal 0 0 -1
    outer loop
      vertex 105.175 26.9854 2.8
      vertex 106 28.4144 2.8
      vertex 105.556 26.7974 2.8
    endloop
  endfacet
  facet normal -0 0 -1
    outer loop
      vertex 106 28.4144 2.8
      vertex 105.175 26.9854 2.8
      vertex 105.826 28.5306 2.8
    endloop
  endfacet
  facet normal 0 0 -1
    outer loop
      vertex 104.822 27.2216 2.8
      vertex 105.826 28.5306 2.8
      vertex 105.175 26.9854 2.8
    endloop
  endfacet
  facet normal -0 0 -1
    outer loop
      vertex 105.826 28.5306 2.8
      vertex 104.822 27.2216 2.8
      vertex 105.669 28.6686 2.8
    endloop
  endfacet
  facet normal 0 0 -1
    outer loop
      vertex 104.502 27.5019 2.8
      vertex 105.669 28.6686 2.8
      vertex 104.822 27.2216 2.8
    endloop
  endfacet
  facet normal -0 0 -1
    outer loop
      vertex 105.669 28.6686 2.8
      vertex 104.502 27.5019 2.8
      vertex 105.531 28.826 2.8
    endloop
  endfacet
  facet normal 0 0 -1
    outer loop
      vertex 104.222 27.8215 2.8
      vertex 105.531 28.826 2.8
      vertex 104.502 27.5019 2.8
    endloop
  endfacet
  facet normal 0 0 -1
    outer loop
      vertex 103.985 28.175 2.8
      vertex 105.414 29 2.8
      vertex 104.222 27.8215 2.8
    endloop
  endfacet
  facet normal -0 0 -1
    outer loop
      vertex 105.531 28.826 2.8
      vertex 104.222 27.8215 2.8
      vertex 105.414 29 2.8
    endloop
  endfacet
  facet normal -0 0 -1
    outer loop
      vertex 109.615 31.425 2.8
      vertex 108.186 30.6 2.8
      vertex 109.378 31.7785 2.8
    endloop
  endfacet
  facet normal 0 0 -1
    outer loop
      vertex 108.069 30.774 2.8
      vertex 109.378 31.7785 2.8
      vertex 108.186 30.6 2.8
    endloop
  endfacet
  facet normal -0 0 -1
    outer loop
      vertex 109.378 31.7785 2.8
      vertex 108.069 30.774 2.8
      vertex 109.098 32.0981 2.8
    endloop
  endfacet
  facet normal 0 0 -1
    outer loop
      vertex 107.931 30.9314 2.8
      vertex 109.098 32.0981 2.8
      vertex 108.069 30.774 2.8
    endloop
  endfacet
  facet normal -0 0 -1
    outer loop
      vertex 109.098 32.0981 2.8
      vertex 107.931 30.9314 2.8
      vertex 108.778 32.3784 2.8
    endloop
  endfacet
  facet normal 0 0 -1
    outer loop
      vertex 107.774 31.0694 2.8
      vertex 108.778 32.3784 2.8
      vertex 107.931 30.9314 2.8
    endloop
  endfacet
  facet normal -0 0 -1
    outer loop
      vertex 108.778 32.3784 2.8
      vertex 107.774 31.0694 2.8
      vertex 108.425 32.6146 2.8
    endloop
  endfacet
  facet normal 0 0 -1
    outer loop
      vertex 107.6 31.1856 2.8
      vertex 108.425 32.6146 2.8
      vertex 107.774 31.0694 2.8
    endloop
  endfacet
  facet normal -0 0 -1
    outer loop
      vertex 108.425 32.6146 2.8
      vertex 107.6 31.1856 2.8
      vertex 108.044 32.8026 2.8
    endloop
  endfacet
  facet normal 0 0 -1
    outer loop
      vertex 107.412 31.2782 2.8
      vertex 108.044 32.8026 2.8
      vertex 107.6 31.1856 2.8
    endloop
  endfacet
  facet normal -0 0 -1
    outer loop
      vertex 108.044 32.8026 2.8
      vertex 107.412 31.2782 2.8
      vertex 107.641 32.9393 2.8
    endloop
  endfacet
  facet normal 0 0 -1
    outer loop
      vertex 107.214 31.3455 2.8
      vertex 107.641 32.9393 2.8
      vertex 107.412 31.2782 2.8
    endloop
  endfacet
  facet normal -0 0 -1
    outer loop
      vertex 107.641 32.9393 2.8
      vertex 107.214 31.3455 2.8
      vertex 107.224 33.0222 2.8
    endloop
  endfacet
  facet normal 0 0 -1
    outer loop
      vertex 107.009 31.3863 2.8
      vertex 107.224 33.0222 2.8
      vertex 107.214 31.3455 2.8
    endloop
  endfacet
  facet normal 0 0 -1
    outer loop
      vertex 106.8 31.4 2.8
      vertex 107.224 33.0222 2.8
      vertex 107.009 31.3863 2.8
    endloop
  endfacet
  facet normal 0 0 -1
    outer loop
      vertex 106.8 31.4 2.8
      vertex 106.8 33.05 2.8
      vertex 107.224 33.0222 2.8
    endloop
  endfacet
  facet normal 0 0 -1
    outer loop
      vertex 106.591 31.3863 2.8
      vertex 106.8 33.05 2.8
      vertex 106.8 31.4 2.8
    endloop
  endfacet
  facet normal 0 0 -1
    outer loop
      vertex 106.376 33.0222 2.8
      vertex 106.591 31.3863 2.8
      vertex 106.386 31.3455 2.8
    endloop
  endfacet
  facet normal 0 0 -1
    outer loop
      vertex 106.591 31.3863 2.8
      vertex 106.376 33.0222 2.8
      vertex 106.8 33.05 2.8
    endloop
  endfacet
  facet normal 0 0 -1
    outer loop
      vertex 105.959 32.9393 2.8
      vertex 106.386 31.3455 2.8
      vertex 106.188 31.2782 2.8
    endloop
  endfacet
  facet normal 0 0 -1
    outer loop
      vertex 105.556 32.8026 2.8
      vertex 106.188 31.2782 2.8
      vertex 106 31.1856 2.8
    endloop
  endfacet
  facet normal 0 0 -1
    outer loop
      vertex 106.386 31.3455 2.8
      vertex 105.959 32.9393 2.8
      vertex 106.376 33.0222 2.8
    endloop
  endfacet
  facet normal 0 0 -1
    outer loop
      vertex 105.175 32.6146 2.8
      vertex 106 31.1856 2.8
      vertex 105.826 31.0694 2.8
    endloop
  endfacet
  facet normal 0 0 -1
    outer loop
      vertex 104.822 32.3784 2.8
      vertex 105.826 31.0694 2.8
      vertex 105.669 30.9314 2.8
    endloop
  endfacet
  facet normal 0 0 -1
    outer loop
      vertex 106.188 31.2782 2.8
      vertex 105.556 32.8026 2.8
      vertex 105.959 32.9393 2.8
    endloop
  endfacet
  facet normal 0 0 -1
    outer loop
      vertex 104.502 32.0981 2.8
      vertex 105.669 30.9314 2.8
      vertex 105.531 30.774 2.8
    endloop
  endfacet
  facet normal 0 0 -1
    outer loop
      vertex 104.222 31.7785 2.8
      vertex 105.531 30.774 2.8
      vertex 105.414 30.6 2.8
    endloop
  endfacet
  facet normal 0 0 -1
    outer loop
      vertex 103.985 31.425 2.8
      vertex 105.414 30.6 2.8
      vertex 105.322 30.4123 2.8
    endloop
  endfacet
  facet normal 0 0 -1
    outer loop
      vertex 103.797 31.0437 2.8
      vertex 105.322 30.4123 2.8
      vertex 105.255 30.2141 2.8
    endloop
  endfacet
  facet normal 0 0 -1
    outer loop
      vertex 103.661 30.6412 2.8
      vertex 105.255 30.2141 2.8
      vertex 105.214 30.0088 2.8
    endloop
  endfacet
  facet normal 0 0 -1
    outer loop
      vertex 106 31.1856 2.8
      vertex 105.175 32.6146 2.8
      vertex 105.556 32.8026 2.8
    endloop
  endfacet
  facet normal 0 0 -1
    outer loop
      vertex 103.578 30.2242 2.8
      vertex 105.214 30.0088 2.8
      vertex 105.2 29.8 2.8
    endloop
  endfacet
  facet normal -0 0 -1
    outer loop
      vertex 105.414 29 2.8
      vertex 103.985 28.175 2.8
      vertex 105.322 29.1877 2.8
    endloop
  endfacet
  facet normal 0 0 -1
    outer loop
      vertex 103.797 28.5563 2.8
      vertex 105.322 29.1877 2.8
      vertex 103.985 28.175 2.8
    endloop
  endfacet
  facet normal 0 0 -1
    outer loop
      vertex 105.826 31.0694 2.8
      vertex 104.822 32.3784 2.8
      vertex 105.175 32.6146 2.8
    endloop
  endfacet
  facet normal -0 0 -1
    outer loop
      vertex 105.322 29.1877 2.8
      vertex 103.797 28.5563 2.8
      vertex 105.255 29.3859 2.8
    endloop
  endfacet
  facet normal 0 0 -1
    outer loop
      vertex 105.669 30.9314 2.8
      vertex 104.502 32.0981 2.8
      vertex 104.822 32.3784 2.8
    endloop
  endfacet
  facet normal 0 0 -1
    outer loop
      vertex 103.661 28.9588 2.8
      vertex 105.255 29.3859 2.8
      vertex 103.797 28.5563 2.8
    endloop
  endfacet
  facet normal 0 0 -1
    outer loop
      vertex 105.531 30.774 2.8
      vertex 104.222 31.7785 2.8
      vertex 104.502 32.0981 2.8
    endloop
  endfacet
  facet normal -0 0 -1
    outer loop
      vertex 105.255 29.3859 2.8
      vertex 103.661 28.9588 2.8
      vertex 105.214 29.5912 2.8
    endloop
  endfacet
  facet normal 0 0 -1
    outer loop
      vertex 105.414 30.6 2.8
      vertex 103.985 31.425 2.8
      vertex 104.222 31.7785 2.8
    endloop
  endfacet
  facet normal 0 0 -1
    outer loop
      vertex 103.578 29.3758 2.8
      vertex 105.214 29.5912 2.8
      vertex 103.661 28.9588 2.8
    endloop
  endfacet
  facet normal 0 0 -1
    outer loop
      vertex 105.322 30.4123 2.8
      vertex 103.797 31.0437 2.8
      vertex 103.985 31.425 2.8
    endloop
  endfacet
  facet normal -0 0 -1
    outer loop
      vertex 105.214 29.5912 2.8
      vertex 103.578 29.3758 2.8
      vertex 105.2 29.8 2.8
    endloop
  endfacet
  facet normal 0 0 -1
    outer loop
      vertex 105.255 30.2141 2.8
      vertex 103.661 30.6412 2.8
      vertex 103.797 31.0437 2.8
    endloop
  endfacet
  facet normal 0 0 -1
    outer loop
      vertex 103.55 29.8 2.8
      vertex 105.2 29.8 2.8
      vertex 103.578 29.3758 2.8
    endloop
  endfacet
  facet normal 0 0 -1
    outer loop
      vertex 105.214 30.0088 2.8
      vertex 103.578 30.2242 2.8
      vertex 103.661 30.6412 2.8
    endloop
  endfacet
  facet normal 0 0 -1
    outer loop
      vertex 105.2 29.8 2.8
      vertex 103.55 29.8 2.8
      vertex 103.578 30.2242 2.8
    endloop
  endfacet
  facet normal 0.896907 0.44222 0
    outer loop
      vertex 109.803 31.0437 6.8
      vertex 109.615 31.425 2.8
      vertex 109.615 31.425 6.8
    endloop
  endfacet
  facet normal 0.896907 0.44222 0
    outer loop
      vertex 109.615 31.425 2.8
      vertex 109.803 31.0437 6.8
      vertex 109.803 31.0437 2.8
    endloop
  endfacet
  facet normal 0.830602 0.556867 0
    outer loop
      vertex 109.615 31.425 6.8
      vertex 109.378 31.7785 2.8
      vertex 109.378 31.7785 6.8
    endloop
  endfacet
  facet normal 0.830602 0.556867 0
    outer loop
      vertex 109.378 31.7785 2.8
      vertex 109.615 31.425 6.8
      vertex 109.615 31.425 2.8
    endloop
  endfacet
  facet normal 0.4425 0.896769 -0
    outer loop
      vertex 108.425 32.6146 2.8
      vertex 108.044 32.8026 6.8
      vertex 108.425 32.6146 6.8
    endloop
  endfacet
  facet normal 0.4425 0.896769 0
    outer loop
      vertex 108.044 32.8026 6.8
      vertex 108.425 32.6146 2.8
      vertex 108.044 32.8026 2.8
    endloop
  endfacet
  facet normal 0.556112 0.831107 -0
    outer loop
      vertex 108.778 32.3784 2.8
      vertex 108.425 32.6146 6.8
      vertex 108.778 32.3784 6.8
    endloop
  endfacet
  facet normal 0.556112 0.831107 0
    outer loop
      vertex 108.425 32.6146 6.8
      vertex 108.778 32.3784 2.8
      vertex 108.425 32.6146 2.8
    endloop
  endfacet
  facet normal -0.896907 0.44222 0
    outer loop
      vertex 103.797 31.0437 2.8
      vertex 103.985 31.425 6.8
      vertex 103.985 31.425 2.8
    endloop
  endfacet
  facet normal -0.896907 0.44222 0
    outer loop
      vertex 103.985 31.425 6.8
      vertex 103.797 31.0437 2.8
      vertex 103.797 31.0437 6.8
    endloop
  endfacet
  facet normal -0.752168 0.658971 0
    outer loop
      vertex 104.222 31.7785 2.8
      vertex 104.502 32.0981 6.8
      vertex 104.502 32.0981 2.8
    endloop
  endfacet
  facet normal -0.752168 0.658971 0
    outer loop
      vertex 104.502 32.0981 6.8
      vertex 104.222 31.7785 2.8
      vertex 104.222 31.7785 6.8
    endloop
  endfacet
  facet normal 0 0 1
    outer loop
      vertex 108.4 29.8 6.8
      vertex 110.05 29.8 6.8
      vertex 110.022 30.2242 6.8
    endloop
  endfacet
  facet normal 0 0 1
    outer loop
      vertex 108.386 30.0088 6.8
      vertex 110.022 30.2242 6.8
      vertex 109.939 30.6412 6.8
    endloop
  endfacet
  facet normal 0 0 1
    outer loop
      vertex 110.05 29.8 6.8
      vertex 108.4 29.8 6.8
      vertex 110.022 29.3758 6.8
    endloop
  endfacet
  facet normal 0 0 1
    outer loop
      vertex 108.345 30.2141 6.8
      vertex 109.939 30.6412 6.8
      vertex 109.803 31.0437 6.8
    endloop
  endfacet
  facet normal -0 0 1
    outer loop
      vertex 108.386 29.5912 6.8
      vertex 110.022 29.3758 6.8
      vertex 108.4 29.8 6.8
    endloop
  endfacet
  facet normal 0 0 1
    outer loop
      vertex 108.278 30.4123 6.8
      vertex 109.803 31.0437 6.8
      vertex 109.615 31.425 6.8
    endloop
  endfacet
  facet normal 0 0 1
    outer loop
      vertex 110.022 29.3758 6.8
      vertex 108.386 29.5912 6.8
      vertex 109.939 28.9588 6.8
    endloop
  endfacet
  facet normal 0 0 1
    outer loop
      vertex 108.186 30.6 6.8
      vertex 109.615 31.425 6.8
      vertex 109.378 31.7785 6.8
    endloop
  endfacet
  facet normal -0 0 1
    outer loop
      vertex 108.345 29.3859 6.8
      vertex 109.939 28.9588 6.8
      vertex 108.386 29.5912 6.8
    endloop
  endfacet
  facet normal 0 0 1
    outer loop
      vertex 108.069 30.774 6.8
      vertex 109.378 31.7785 6.8
      vertex 109.098 32.0981 6.8
    endloop
  endfacet
  facet normal 0 0 1
    outer loop
      vertex 109.939 28.9588 6.8
      vertex 108.345 29.3859 6.8
      vertex 109.803 28.5563 6.8
    endloop
  endfacet
  facet normal 0 0 1
    outer loop
      vertex 107.931 30.9314 6.8
      vertex 109.098 32.0981 6.8
      vertex 108.778 32.3784 6.8
    endloop
  endfacet
  facet normal -0 0 1
    outer loop
      vertex 108.278 29.1877 6.8
      vertex 109.803 28.5563 6.8
      vertex 108.345 29.3859 6.8
    endloop
  endfacet
  facet normal 0 0 1
    outer loop
      vertex 107.774 31.0694 6.8
      vertex 108.778 32.3784 6.8
      vertex 108.425 32.6146 6.8
    endloop
  endfacet
  facet normal 0 0 1
    outer loop
      vertex 109.803 28.5563 6.8
      vertex 108.278 29.1877 6.8
      vertex 109.615 28.175 6.8
    endloop
  endfacet
  facet normal -0 0 1
    outer loop
      vertex 108.186 29 6.8
      vertex 109.615 28.175 6.8
      vertex 108.278 29.1877 6.8
    endloop
  endfacet
  facet normal 0 0 1
    outer loop
      vertex 110.022 30.2242 6.8
      vertex 108.386 30.0088 6.8
      vertex 108.4 29.8 6.8
    endloop
  endfacet
  facet normal 0 0 1
    outer loop
      vertex 109.939 30.6412 6.8
      vertex 108.345 30.2141 6.8
      vertex 108.386 30.0088 6.8
    endloop
  endfacet
  facet normal 0 0 1
    outer loop
      vertex 109.803 31.0437 6.8
      vertex 108.278 30.4123 6.8
      vertex 108.345 30.2141 6.8
    endloop
  endfacet
  facet normal 0 0 1
    outer loop
      vertex 109.615 31.425 6.8
      vertex 108.186 30.6 6.8
      vertex 108.278 30.4123 6.8
    endloop
  endfacet
  facet normal 0 0 1
    outer loop
      vertex 109.378 31.7785 6.8
      vertex 108.069 30.774 6.8
      vertex 108.186 30.6 6.8
    endloop
  endfacet
  facet normal 0 0 1
    outer loop
      vertex 107.6 31.1856 6.8
      vertex 108.425 32.6146 6.8
      vertex 108.044 32.8026 6.8
    endloop
  endfacet
  facet normal 0 0 1
    outer loop
      vertex 109.098 32.0981 6.8
      vertex 107.931 30.9314 6.8
      vertex 108.069 30.774 6.8
    endloop
  endfacet
  facet normal 0 0 1
    outer loop
      vertex 108.778 32.3784 6.8
      vertex 107.774 31.0694 6.8
      vertex 107.931 30.9314 6.8
    endloop
  endfacet
  facet normal 0 0 1
    outer loop
      vertex 107.412 31.2782 6.8
      vertex 108.044 32.8026 6.8
      vertex 107.641 32.9393 6.8
    endloop
  endfacet
  facet normal 0 0 1
    outer loop
      vertex 108.425 32.6146 6.8
      vertex 107.6 31.1856 6.8
      vertex 107.774 31.0694 6.8
    endloop
  endfacet
  facet normal 0 0 1
    outer loop
      vertex 108.044 32.8026 6.8
      vertex 107.412 31.2782 6.8
      vertex 107.6 31.1856 6.8
    endloop
  endfacet
  facet normal 0 0 1
    outer loop
      vertex 107.214 31.3455 6.8
      vertex 107.641 32.9393 6.8
      vertex 107.224 33.0222 6.8
    endloop
  endfacet
  facet normal 0 0 1
    outer loop
      vertex 107.641 32.9393 6.8
      vertex 107.214 31.3455 6.8
      vertex 107.412 31.2782 6.8
    endloop
  endfacet
  facet normal 0 0 1
    outer loop
      vertex 107.224 33.0222 6.8
      vertex 107.009 31.3863 6.8
      vertex 107.214 31.3455 6.8
    endloop
  endfacet
  facet normal 0 0 1
    outer loop
      vertex 106.8 33.05 6.8
      vertex 107.009 31.3863 6.8
      vertex 107.224 33.0222 6.8
    endloop
  endfacet
  facet normal 0 0 1
    outer loop
      vertex 106.8 33.05 6.8
      vertex 106.8 31.4 6.8
      vertex 107.009 31.3863 6.8
    endloop
  endfacet
  facet normal 0 0 1
    outer loop
      vertex 106.8 33.05 6.8
      vertex 106.591 31.3863 6.8
      vertex 106.8 31.4 6.8
    endloop
  endfacet
  facet normal -0 0 1
    outer loop
      vertex 106.376 33.0222 6.8
      vertex 106.591 31.3863 6.8
      vertex 106.8 33.05 6.8
    endloop
  endfacet
  facet normal 0 0 1
    outer loop
      vertex 106.591 31.3863 6.8
      vertex 106.376 33.0222 6.8
      vertex 106.386 31.3455 6.8
    endloop
  endfacet
  facet normal -0 0 1
    outer loop
      vertex 105.959 32.9393 6.8
      vertex 106.386 31.3455 6.8
      vertex 106.376 33.0222 6.8
    endloop
  endfacet
  facet normal 0 0 1
    outer loop
      vertex 106.386 31.3455 6.8
      vertex 105.959 32.9393 6.8
      vertex 106.188 31.2782 6.8
    endloop
  endfacet
  facet normal -0 0 1
    outer loop
      vertex 105.556 32.8026 6.8
      vertex 106.188 31.2782 6.8
      vertex 105.959 32.9393 6.8
    endloop
  endfacet
  facet normal 0 0 1
    outer loop
      vertex 106.188 31.2782 6.8
      vertex 105.556 32.8026 6.8
      vertex 106 31.1856 6.8
    endloop
  endfacet
  facet normal -0 0 1
    outer loop
      vertex 105.175 32.6146 6.8
      vertex 106 31.1856 6.8
      vertex 105.556 32.8026 6.8
    endloop
  endfacet
  facet normal 0 0 1
    outer loop
      vertex 106 31.1856 6.8
      vertex 105.175 32.6146 6.8
      vertex 105.826 31.0694 6.8
    endloop
  endfacet
  facet normal -0 0 1
    outer loop
      vertex 104.822 32.3784 6.8
      vertex 105.826 31.0694 6.8
      vertex 105.175 32.6146 6.8
    endloop
  endfacet
  facet normal 0 0 1
    outer loop
      vertex 105.826 31.0694 6.8
      vertex 104.822 32.3784 6.8
      vertex 105.669 30.9314 6.8
    endloop
  endfacet
  facet normal -0 0 1
    outer loop
      vertex 104.502 32.0981 6.8
      vertex 105.669 30.9314 6.8
      vertex 104.822 32.3784 6.8
    endloop
  endfacet
  facet normal 0 0 1
    outer loop
      vertex 105.669 30.9314 6.8
      vertex 104.502 32.0981 6.8
      vertex 105.531 30.774 6.8
    endloop
  endfacet
  facet normal -0 0 1
    outer loop
      vertex 104.222 31.7785 6.8
      vertex 105.531 30.774 6.8
      vertex 104.502 32.0981 6.8
    endloop
  endfacet
  facet normal -0 0 1
    outer loop
      vertex 103.985 31.425 6.8
      vertex 105.414 30.6 6.8
      vertex 104.222 31.7785 6.8
    endloop
  endfacet
  facet normal 0 0 1
    outer loop
      vertex 105.531 30.774 6.8
      vertex 104.222 31.7785 6.8
      vertex 105.414 30.6 6.8
    endloop
  endfacet
  facet normal 0 0 1
    outer loop
      vertex 109.615 28.175 6.8
      vertex 108.186 29 6.8
      vertex 109.378 27.8215 6.8
    endloop
  endfacet
  facet normal -0 0 1
    outer loop
      vertex 108.069 28.826 6.8
      vertex 109.378 27.8215 6.8
      vertex 108.186 29 6.8
    endloop
  endfacet
  facet normal 0 0 1
    outer loop
      vertex 109.378 27.8215 6.8
      vertex 108.069 28.826 6.8
      vertex 109.098 27.5019 6.8
    endloop
  endfacet
  facet normal -0 0 1
    outer loop
      vertex 107.931 28.6686 6.8
      vertex 109.098 27.5019 6.8
      vertex 108.069 28.826 6.8
    endloop
  endfacet
  facet normal 0 0 1
    outer loop
      vertex 109.098 27.5019 6.8
      vertex 107.931 28.6686 6.8
      vertex 108.778 27.2216 6.8
    endloop
  endfacet
  facet normal -0 0 1
    outer loop
      vertex 107.774 28.5306 6.8
      vertex 108.778 27.2216 6.8
      vertex 107.931 28.6686 6.8
    endloop
  endfacet
  facet normal 0 0 1
    outer loop
      vertex 108.778 27.2216 6.8
      vertex 107.774 28.5306 6.8
      vertex 108.425 26.9854 6.8
    endloop
  endfacet
  facet normal -0 0 1
    outer loop
      vertex 107.6 28.4144 6.8
      vertex 108.425 26.9854 6.8
      vertex 107.774 28.5306 6.8
    endloop
  endfacet
  facet normal 0 0 1
    outer loop
      vertex 108.425 26.9854 6.8
      vertex 107.6 28.4144 6.8
      vertex 108.044 26.7974 6.8
    endloop
  endfacet
  facet normal -0 0 1
    outer loop
      vertex 107.412 28.3218 6.8
      vertex 108.044 26.7974 6.8
      vertex 107.6 28.4144 6.8
    endloop
  endfacet
  facet normal 0 0 1
    outer loop
      vertex 108.044 26.7974 6.8
      vertex 107.412 28.3218 6.8
      vertex 107.641 26.6607 6.8
    endloop
  endfacet
  facet normal -0 0 1
    outer loop
      vertex 107.214 28.2545 6.8
      vertex 107.641 26.6607 6.8
      vertex 107.412 28.3218 6.8
    endloop
  endfacet
  facet normal 0 0 1
    outer loop
      vertex 107.641 26.6607 6.8
      vertex 107.214 28.2545 6.8
      vertex 107.224 26.5778 6.8
    endloop
  endfacet
  facet normal -0 0 1
    outer loop
      vertex 107.009 28.2137 6.8
      vertex 107.224 26.5778 6.8
      vertex 107.214 28.2545 6.8
    endloop
  endfacet
  facet normal -0 0 1
    outer loop
      vertex 106.8 28.2 6.8
      vertex 107.224 26.5778 6.8
      vertex 107.009 28.2137 6.8
    endloop
  endfacet
  facet normal 0 0 1
    outer loop
      vertex 106.8 28.2 6.8
      vertex 106.8 26.55 6.8
      vertex 107.224 26.5778 6.8
    endloop
  endfacet
  facet normal 0 0 1
    outer loop
      vertex 106.591 28.2137 6.8
      vertex 106.8 26.55 6.8
      vertex 106.8 28.2 6.8
    endloop
  endfacet
  facet normal 0 0 1
    outer loop
      vertex 106.376 26.5778 6.8
      vertex 106.591 28.2137 6.8
      vertex 106.386 28.2545 6.8
    endloop
  endfacet
  facet normal 0 0 1
    outer loop
      vertex 106.591 28.2137 6.8
      vertex 106.376 26.5778 6.8
      vertex 106.8 26.55 6.8
    endloop
  endfacet
  facet normal 0 0 1
    outer loop
      vertex 105.959 26.6607 6.8
      vertex 106.386 28.2545 6.8
      vertex 106.188 28.3218 6.8
    endloop
  endfacet
  facet normal 0 0 1
    outer loop
      vertex 105.556 26.7974 6.8
      vertex 106.188 28.3218 6.8
      vertex 106 28.4144 6.8
    endloop
  endfacet
  facet normal 0 0 1
    outer loop
      vertex 106.386 28.2545 6.8
      vertex 105.959 26.6607 6.8
      vertex 106.376 26.5778 6.8
    endloop
  endfacet
  facet normal 0 0 1
    outer loop
      vertex 105.175 26.9854 6.8
      vertex 106 28.4144 6.8
      vertex 105.826 28.5306 6.8
    endloop
  endfacet
  facet normal 0 0 1
    outer loop
      vertex 104.822 27.2216 6.8
      vertex 105.826 28.5306 6.8
      vertex 105.669 28.6686 6.8
    endloop
  endfacet
  facet normal 0 0 1
    outer loop
      vertex 106.188 28.3218 6.8
      vertex 105.556 26.7974 6.8
      vertex 105.959 26.6607 6.8
    endloop
  endfacet
  facet normal 0 0 1
    outer loop
      vertex 104.502 27.5019 6.8
      vertex 105.669 28.6686 6.8
      vertex 105.531 28.826 6.8
    endloop
  endfacet
  facet normal 0 0 1
    outer loop
      vertex 104.222 27.8215 6.8
      vertex 105.531 28.826 6.8
      vertex 105.414 29 6.8
    endloop
  endfacet
  facet normal 0 0 1
    outer loop
      vertex 103.985 28.175 6.8
      vertex 105.414 29 6.8
      vertex 105.322 29.1877 6.8
    endloop
  endfacet
  facet normal 0 0 1
    outer loop
      vertex 103.797 28.5563 6.8
      vertex 105.322 29.1877 6.8
      vertex 105.255 29.3859 6.8
    endloop
  endfacet
  facet normal 0 0 1
    outer loop
      vertex 103.661 28.9588 6.8
      vertex 105.255 29.3859 6.8
      vertex 105.214 29.5912 6.8
    endloop
  endfacet
  facet normal 0 0 1
    outer loop
      vertex 106 28.4144 6.8
      vertex 105.175 26.9854 6.8
      vertex 105.556 26.7974 6.8
    endloop
  endfacet
  facet normal 0 0 1
    outer loop
      vertex 103.578 29.3758 6.8
      vertex 105.214 29.5912 6.8
      vertex 105.2 29.8 6.8
    endloop
  endfacet
  facet normal 0 0 1
    outer loop
      vertex 105.414 30.6 6.8
      vertex 103.985 31.425 6.8
      vertex 105.322 30.4123 6.8
    endloop
  endfacet
  facet normal -0 0 1
    outer loop
      vertex 103.797 31.0437 6.8
      vertex 105.322 30.4123 6.8
      vertex 103.985 31.425 6.8
    endloop
  endfacet
  facet normal 0 0 1
    outer loop
      vertex 105.826 28.5306 6.8
      vertex 104.822 27.2216 6.8
      vertex 105.175 26.9854 6.8
    endloop
  endfacet
  facet normal 0 0 1
    outer loop
      vertex 105.322 30.4123 6.8
      vertex 103.797 31.0437 6.8
      vertex 105.255 30.2141 6.8
    endloop
  endfacet
  facet normal 0 0 1
    outer loop
      vertex 105.669 28.6686 6.8
      vertex 104.502 27.5019 6.8
      vertex 104.822 27.2216 6.8
    endloop
  endfacet
  facet normal -0 0 1
    outer loop
      vertex 103.661 30.6412 6.8
      vertex 105.255 30.2141 6.8
      vertex 103.797 31.0437 6.8
    endloop
  endfacet
  facet normal 0 0 1
    outer loop
      vertex 105.531 28.826 6.8
      vertex 104.222 27.8215 6.8
      vertex 104.502 27.5019 6.8
    endloop
  endfacet
  facet normal 0 0 1
    outer loop
      vertex 105.255 30.2141 6.8
      vertex 103.661 30.6412 6.8
      vertex 105.214 30.0088 6.8
    endloop
  endfacet
  facet normal 0 0 1
    outer loop
      vertex 105.414 29 6.8
      vertex 103.985 28.175 6.8
      vertex 104.222 27.8215 6.8
    endloop
  endfacet
  facet normal -0 0 1
    outer loop
      vertex 103.578 30.2242 6.8
      vertex 105.214 30.0088 6.8
      vertex 103.661 30.6412 6.8
    endloop
  endfacet
  facet normal 0 0 1
    outer loop
      vertex 105.322 29.1877 6.8
      vertex 103.797 28.5563 6.8
      vertex 103.985 28.175 6.8
    endloop
  endfacet
  facet normal 0 0 1
    outer loop
      vertex 105.214 30.0088 6.8
      vertex 103.578 30.2242 6.8
      vertex 105.2 29.8 6.8
    endloop
  endfacet
  facet normal 0 0 1
    outer loop
      vertex 105.255 29.3859 6.8
      vertex 103.661 28.9588 6.8
      vertex 103.797 28.5563 6.8
    endloop
  endfacet
  facet normal 0 0 1
    outer loop
      vertex 103.55 29.8 6.8
      vertex 105.2 29.8 6.8
      vertex 103.578 30.2242 6.8
    endloop
  endfacet
  facet normal 0 0 1
    outer loop
      vertex 105.214 29.5912 6.8
      vertex 103.578 29.3758 6.8
      vertex 103.661 28.9588 6.8
    endloop
  endfacet
  facet normal 0 0 1
    outer loop
      vertex 105.2 29.8 6.8
      vertex 103.55 29.8 6.8
      vertex 103.578 29.3758 6.8
    endloop
  endfacet
  facet normal -0.0654256 0.997857 0
    outer loop
      vertex 106.8 33.05 2.8
      vertex 106.376 33.0222 6.8
      vertex 106.8 33.05 6.8
    endloop
  endfacet
  facet normal -0.0654256 0.997857 0
    outer loop
      vertex 106.376 33.0222 6.8
      vertex 106.8 33.05 2.8
      vertex 106.376 33.0222 2.8
    endloop
  endfacet
  facet normal 0.947381 -0.320109 0
    outer loop
      vertex 109.803 28.5563 6.8
      vertex 109.939 28.9588 2.8
      vertex 109.939 28.9588 6.8
    endloop
  endfacet
  facet normal 0.947381 -0.320109 0
    outer loop
      vertex 109.939 28.9588 2.8
      vertex 109.803 28.5563 6.8
      vertex 109.803 28.5563 2.8
    endloop
  endfacet
  facet normal 0.0654256 -0.997857 0
    outer loop
      vertex 106.8 26.55 2.8
      vertex 107.224 26.5778 6.8
      vertex 106.8 26.55 6.8
    endloop
  endfacet
  facet normal 0.0654256 -0.997857 0
    outer loop
      vertex 107.224 26.5778 6.8
      vertex 106.8 26.55 2.8
      vertex 107.224 26.5778 2.8
    endloop
  endfacet
  facet normal -0.658904 -0.752227 0
    outer loop
      vertex 104.502 27.5019 2.8
      vertex 104.822 27.2216 6.8
      vertex 104.502 27.5019 6.8
    endloop
  endfacet
  facet normal -0.658904 -0.752227 -0
    outer loop
      vertex 104.822 27.2216 6.8
      vertex 104.502 27.5019 2.8
      vertex 104.822 27.2216 2.8
    endloop
  endfacet
  facet normal -0.997829 -0.0658633 0
    outer loop
      vertex 103.578 29.3758 2.8
      vertex 103.55 29.8 6.8
      vertex 103.55 29.8 2.8
    endloop
  endfacet
  facet normal -0.997829 -0.0658633 0
    outer loop
      vertex 103.55 29.8 6.8
      vertex 103.578 29.3758 2.8
      vertex 103.578 29.3758 6.8
    endloop
  endfacet
  facet normal 0.947381 0.320109 0
    outer loop
      vertex 109.939 30.6412 6.8
      vertex 109.803 31.0437 2.8
      vertex 109.803 31.0437 6.8
    endloop
  endfacet
  facet normal 0.947381 0.320109 0
    outer loop
      vertex 109.803 31.0437 2.8
      vertex 109.939 30.6412 6.8
      vertex 109.939 30.6412 2.8
    endloop
  endfacet
  facet normal 0.980761 0.195211 0
    outer loop
      vertex 110.022 30.2242 6.8
      vertex 109.939 30.6412 2.8
      vertex 109.939 30.6412 6.8
    endloop
  endfacet
  facet normal 0.980761 0.195211 0
    outer loop
      vertex 109.939 30.6412 2.8
      vertex 110.022 30.2242 6.8
      vertex 110.022 30.2242 2.8
    endloop
  endfacet
  facet normal 0.752168 0.658971 0
    outer loop
      vertex 109.378 31.7785 6.8
      vertex 109.098 32.0981 2.8
      vertex 109.098 32.0981 6.8
    endloop
  endfacet
  facet normal 0.752168 0.658971 0
    outer loop
      vertex 109.098 32.0981 2.8
      vertex 109.378 31.7785 6.8
      vertex 109.378 31.7785 2.8
    endloop
  endfacet
  facet normal 0.321229 0.947002 -0
    outer loop
      vertex 108.044 32.8026 2.8
      vertex 107.641 32.9393 6.8
      vertex 108.044 32.8026 6.8
    endloop
  endfacet
  facet normal 0.321229 0.947002 0
    outer loop
      vertex 107.641 32.9393 6.8
      vertex 108.044 32.8026 2.8
      vertex 107.641 32.9393 2.8
    endloop
  endfacet
  facet normal 0.194985 0.980806 -0
    outer loop
      vertex 107.641 32.9393 2.8
      vertex 107.224 33.0222 6.8
      vertex 107.641 32.9393 6.8
    endloop
  endfacet
  facet normal 0.194985 0.980806 0
    outer loop
      vertex 107.224 33.0222 6.8
      vertex 107.641 32.9393 2.8
      vertex 107.224 33.0222 2.8
    endloop
  endfacet
  facet normal -0.830602 0.556867 0
    outer loop
      vertex 103.985 31.425 2.8
      vertex 104.222 31.7785 6.8
      vertex 104.222 31.7785 2.8
    endloop
  endfacet
  facet normal -0.830602 0.556867 0
    outer loop
      vertex 104.222 31.7785 6.8
      vertex 103.985 31.425 2.8
      vertex 103.985 31.425 6.8
    endloop
  endfacet
  facet normal -0.947381 0.320109 0
    outer loop
      vertex 103.661 30.6412 2.8
      vertex 103.797 31.0437 6.8
      vertex 103.797 31.0437 2.8
    endloop
  endfacet
  facet normal -0.947381 0.320109 0
    outer loop
      vertex 103.797 31.0437 6.8
      vertex 103.661 30.6412 2.8
      vertex 103.661 30.6412 6.8
    endloop
  endfacet
  facet normal -0.980761 0.195211 0
    outer loop
      vertex 103.578 30.2242 2.8
      vertex 103.661 30.6412 6.8
      vertex 103.661 30.6412 2.8
    endloop
  endfacet
  facet normal -0.980761 0.195211 0
    outer loop
      vertex 103.661 30.6412 6.8
      vertex 103.578 30.2242 2.8
      vertex 103.578 30.2242 6.8
    endloop
  endfacet
  facet normal -0.4425 0.896769 0
    outer loop
      vertex 105.556 32.8026 2.8
      vertex 105.175 32.6146 6.8
      vertex 105.556 32.8026 6.8
    endloop
  endfacet
  facet normal -0.4425 0.896769 0
    outer loop
      vertex 105.175 32.6146 6.8
      vertex 105.556 32.8026 2.8
      vertex 105.175 32.6146 2.8
    endloop
  endfacet
  facet normal -0.556112 0.831107 0
    outer loop
      vertex 105.175 32.6146 2.8
      vertex 104.822 32.3784 6.8
      vertex 105.175 32.6146 6.8
    endloop
  endfacet
  facet normal -0.556112 0.831107 0
    outer loop
      vertex 104.822 32.3784 6.8
      vertex 105.175 32.6146 2.8
      vertex 104.822 32.3784 2.8
    endloop
  endfacet
  facet normal -0.194985 0.980806 0
    outer loop
      vertex 106.376 33.0222 2.8
      vertex 105.959 32.9393 6.8
      vertex 106.376 33.0222 6.8
    endloop
  endfacet
  facet normal -0.194985 0.980806 0
    outer loop
      vertex 105.959 32.9393 6.8
      vertex 106.376 33.0222 2.8
      vertex 105.959 32.9393 2.8
    endloop
  endfacet
  facet normal 0.194985 -0.980806 0
    outer loop
      vertex 107.224 26.5778 2.8
      vertex 107.641 26.6607 6.8
      vertex 107.224 26.5778 6.8
    endloop
  endfacet
  facet normal 0.194985 -0.980806 0
    outer loop
      vertex 107.641 26.6607 6.8
      vertex 107.224 26.5778 2.8
      vertex 107.641 26.6607 2.8
    endloop
  endfacet
  facet normal 0.658904 -0.752227 0
    outer loop
      vertex 108.778 27.2216 2.8
      vertex 109.098 27.5019 6.8
      vertex 108.778 27.2216 6.8
    endloop
  endfacet
  facet normal 0.658904 -0.752227 0
    outer loop
      vertex 109.098 27.5019 6.8
      vertex 108.778 27.2216 2.8
      vertex 109.098 27.5019 2.8
    endloop
  endfacet
  facet normal 0.4425 -0.896769 0
    outer loop
      vertex 108.044 26.7974 2.8
      vertex 108.425 26.9854 6.8
      vertex 108.044 26.7974 6.8
    endloop
  endfacet
  facet normal 0.4425 -0.896769 0
    outer loop
      vertex 108.425 26.9854 6.8
      vertex 108.044 26.7974 2.8
      vertex 108.425 26.9854 2.8
    endloop
  endfacet
  facet normal 0.830602 -0.556867 0
    outer loop
      vertex 109.378 27.8215 6.8
      vertex 109.615 28.175 2.8
      vertex 109.615 28.175 6.8
    endloop
  endfacet
  facet normal 0.830602 -0.556867 0
    outer loop
      vertex 109.615 28.175 2.8
      vertex 109.378 27.8215 6.8
      vertex 109.378 27.8215 2.8
    endloop
  endfacet
  facet normal -0.556112 -0.831107 0
    outer loop
      vertex 104.822 27.2216 2.8
      vertex 105.175 26.9854 6.8
      vertex 104.822 27.2216 6.8
    endloop
  endfacet
  facet normal -0.556112 -0.831107 -0
    outer loop
      vertex 105.175 26.9854 6.8
      vertex 104.822 27.2216 2.8
      vertex 105.175 26.9854 2.8
    endloop
  endfacet
  facet normal -0.321229 -0.947002 0
    outer loop
      vertex 105.556 26.7974 2.8
      vertex 105.959 26.6607 6.8
      vertex 105.556 26.7974 6.8
    endloop
  endfacet
  facet normal -0.321229 -0.947002 -0
    outer loop
      vertex 105.959 26.6607 6.8
      vertex 105.556 26.7974 2.8
      vertex 105.959 26.6607 2.8
    endloop
  endfacet
  facet normal -0.0654256 -0.997857 0
    outer loop
      vertex 106.376 26.5778 2.8
      vertex 106.8 26.55 6.8
      vertex 106.376 26.5778 6.8
    endloop
  endfacet
  facet normal -0.0654256 -0.997857 -0
    outer loop
      vertex 106.8 26.55 6.8
      vertex 106.376 26.5778 2.8
      vertex 106.8 26.55 2.8
    endloop
  endfacet
  facet normal -0.896907 -0.44222 0
    outer loop
      vertex 103.985 28.175 2.8
      vertex 103.797 28.5563 6.8
      vertex 103.797 28.5563 2.8
    endloop
  endfacet
  facet normal -0.896907 -0.44222 0
    outer loop
      vertex 103.797 28.5563 6.8
      vertex 103.985 28.175 2.8
      vertex 103.985 28.175 6.8
    endloop
  endfacet
  facet normal -0.752168 -0.658971 0
    outer loop
      vertex 104.502 27.5019 2.8
      vertex 104.222 27.8215 6.8
      vertex 104.222 27.8215 2.8
    endloop
  endfacet
  facet normal -0.752168 -0.658971 0
    outer loop
      vertex 104.222 27.8215 6.8
      vertex 104.502 27.5019 2.8
      vertex 104.502 27.5019 6.8
    endloop
  endfacet
  facet normal -0.980761 -0.195211 0
    outer loop
      vertex 103.661 28.9588 2.8
      vertex 103.578 29.3758 6.8
      vertex 103.578 29.3758 2.8
    endloop
  endfacet
  facet normal -0.980761 -0.195211 0
    outer loop
      vertex 103.578 29.3758 6.8
      vertex 103.661 28.9588 2.8
      vertex 103.661 28.9588 6.8
    endloop
  endfacet
  facet normal 0.321229 -0.947002 0
    outer loop
      vertex 107.641 26.6607 2.8
      vertex 108.044 26.7974 6.8
      vertex 107.641 26.6607 6.8
    endloop
  endfacet
  facet normal 0.321229 -0.947002 0
    outer loop
      vertex 108.044 26.7974 6.8
      vertex 107.641 26.6607 2.8
      vertex 108.044 26.7974 2.8
    endloop
  endfacet
  facet normal 0.752168 -0.658971 0
    outer loop
      vertex 109.098 27.5019 6.8
      vertex 109.378 27.8215 2.8
      vertex 109.378 27.8215 6.8
    endloop
  endfacet
  facet normal 0.752168 -0.658971 0
    outer loop
      vertex 109.378 27.8215 2.8
      vertex 109.098 27.5019 6.8
      vertex 109.098 27.5019 2.8
    endloop
  endfacet
  facet normal 0.556112 -0.831107 0
    outer loop
      vertex 108.425 26.9854 2.8
      vertex 108.778 27.2216 6.8
      vertex 108.425 26.9854 6.8
    endloop
  endfacet
  facet normal 0.556112 -0.831107 0
    outer loop
      vertex 108.778 27.2216 6.8
      vertex 108.425 26.9854 2.8
      vertex 108.778 27.2216 2.8
    endloop
  endfacet
  facet normal 0.980761 -0.195211 0
    outer loop
      vertex 109.939 28.9588 6.8
      vertex 110.022 29.3758 2.8
      vertex 110.022 29.3758 6.8
    endloop
  endfacet
  facet normal 0.980761 -0.195211 0
    outer loop
      vertex 110.022 29.3758 2.8
      vertex 109.939 28.9588 6.8
      vertex 109.939 28.9588 2.8
    endloop
  endfacet
  facet normal 0.896907 -0.44222 0
    outer loop
      vertex 109.615 28.175 6.8
      vertex 109.803 28.5563 2.8
      vertex 109.803 28.5563 6.8
    endloop
  endfacet
  facet normal 0.896907 -0.44222 0
    outer loop
      vertex 109.803 28.5563 2.8
      vertex 109.615 28.175 6.8
      vertex 109.615 28.175 2.8
    endloop
  endfacet
  facet normal -0.4425 -0.896769 0
    outer loop
      vertex 105.175 26.9854 2.8
      vertex 105.556 26.7974 6.8
      vertex 105.175 26.9854 6.8
    endloop
  endfacet
  facet normal -0.4425 -0.896769 -0
    outer loop
      vertex 105.556 26.7974 6.8
      vertex 105.175 26.9854 2.8
      vertex 105.556 26.7974 2.8
    endloop
  endfacet
  facet normal -0.194985 -0.980806 0
    outer loop
      vertex 105.959 26.6607 2.8
      vertex 106.376 26.5778 6.8
      vertex 105.959 26.6607 6.8
    endloop
  endfacet
  facet normal -0.194985 -0.980806 -0
    outer loop
      vertex 106.376 26.5778 6.8
      vertex 105.959 26.6607 2.8
      vertex 106.376 26.5778 2.8
    endloop
  endfacet
  facet normal -0.830602 -0.556867 0
    outer loop
      vertex 104.222 27.8215 2.8
      vertex 103.985 28.175 6.8
      vertex 103.985 28.175 2.8
    endloop
  endfacet
  facet normal -0.830602 -0.556867 0
    outer loop
      vertex 103.985 28.175 6.8
      vertex 104.222 27.8215 2.8
      vertex 104.222 27.8215 6.8
    endloop
  endfacet
  facet normal -0.947381 -0.320109 0
    outer loop
      vertex 103.797 28.5563 2.8
      vertex 103.661 28.9588 6.8
      vertex 103.661 28.9588 2.8
    endloop
  endfacet
  facet normal -0.947381 -0.320109 0
    outer loop
      vertex 103.661 28.9588 6.8
      vertex 103.797 28.5563 2.8
      vertex 103.797 28.5563 6.8
    endloop
  endfacet
  facet normal 0.997829 -0.0658633 0
    outer loop
      vertex 110.022 29.3758 6.8
      vertex 110.05 29.8 2.8
      vertex 110.05 29.8 6.8
    endloop
  endfacet
  facet normal 0.997829 -0.0658633 0
    outer loop
      vertex 110.05 29.8 2.8
      vertex 110.022 29.3758 6.8
      vertex 110.022 29.3758 2.8
    endloop
  endfacet
  facet normal -0.897939 -0.440119 0
    outer loop
      vertex 108.278 30.4123 2.8
      vertex 108.186 30.6 6.8
      vertex 108.186 30.6 2.8
    endloop
  endfacet
  facet normal -0.897939 -0.440119 0
    outer loop
      vertex 108.186 30.6 6.8
      vertex 108.278 30.4123 2.8
      vertex 108.278 30.4123 6.8
    endloop
  endfacet
  facet normal -0.829843 -0.557998 0
    outer loop
      vertex 108.186 30.6 2.8
      vertex 108.069 30.774 6.8
      vertex 108.069 30.774 2.8
    endloop
  endfacet
  facet normal -0.829843 -0.557998 0
    outer loop
      vertex 108.069 30.774 6.8
      vertex 108.186 30.6 2.8
      vertex 108.186 30.6 6.8
    endloop
  endfacet
  facet normal -0.321817 -0.946802 0
    outer loop
      vertex 107.214 31.3455 2.8
      vertex 107.412 31.2782 6.8
      vertex 107.214 31.3455 6.8
    endloop
  endfacet
  facet normal -0.321817 -0.946802 -0
    outer loop
      vertex 107.412 31.2782 6.8
      vertex 107.214 31.3455 2.8
      vertex 107.412 31.2782 2.8
    endloop
  endfacet
  facet normal 0.441861 -0.897083 0
    outer loop
      vertex 106 31.1856 2.8
      vertex 106.188 31.2782 6.8
      vertex 106 31.1856 6.8
    endloop
  endfacet
  facet normal 0.441861 -0.897083 0
    outer loop
      vertex 106.188 31.2782 6.8
      vertex 106 31.1856 2.8
      vertex 106.188 31.2782 2.8
    endloop
  endfacet
  facet normal 0.947336 -0.32024 0
    outer loop
      vertex 105.255 30.2141 6.8
      vertex 105.322 30.4123 2.8
      vertex 105.322 30.4123 6.8
    endloop
  endfacet
  facet normal 0.947336 -0.32024 0
    outer loop
      vertex 105.322 30.4123 2.8
      vertex 105.255 30.2141 6.8
      vertex 105.255 30.2141 2.8
    endloop
  endfacet
  facet normal -0.980636 0.195841 0
    outer loop
      vertex 108.345 29.3859 2.8
      vertex 108.386 29.5912 6.8
      vertex 108.386 29.5912 2.8
    endloop
  endfacet
  facet normal -0.980636 0.195841 0
    outer loop
      vertex 108.386 29.5912 6.8
      vertex 108.345 29.3859 2.8
      vertex 108.345 29.3859 6.8
    endloop
  endfacet
  facet normal -0.441861 -0.897083 0
    outer loop
      vertex 107.412 31.2782 2.8
      vertex 107.6 31.1856 6.8
      vertex 107.412 31.2782 6.8
    endloop
  endfacet
  facet normal -0.441861 -0.897083 -0
    outer loop
      vertex 107.6 31.1856 6.8
      vertex 107.412 31.2782 2.8
      vertex 107.6 31.1856 2.8
    endloop
  endfacet
  facet normal 0.99776 -0.0668996 0
    outer loop
      vertex 105.2 29.8 6.8
      vertex 105.214 30.0088 2.8
      vertex 105.214 30.0088 6.8
    endloop
  endfacet
  facet normal 0.99776 -0.0668996 0
    outer loop
      vertex 105.214 30.0088 2.8
      vertex 105.2 29.8 6.8
      vertex 105.2 29.8 2.8
    endloop
  endfacet
  facet normal 0.829843 -0.557998 0
    outer loop
      vertex 105.414 30.6 6.8
      vertex 105.531 30.774 2.8
      vertex 105.531 30.774 6.8
    endloop
  endfacet
  facet normal 0.829843 -0.557998 0
    outer loop
      vertex 105.531 30.774 2.8
      vertex 105.414 30.6 6.8
      vertex 105.414 30.6 2.8
    endloop
  endfacet
  facet normal 0.555362 -0.831609 0
    outer loop
      vertex 105.826 31.0694 2.8
      vertex 106 31.1856 6.8
      vertex 105.826 31.0694 6.8
    endloop
  endfacet
  facet normal 0.555362 -0.831609 0
    outer loop
      vertex 106 31.1856 6.8
      vertex 105.826 31.0694 2.8
      vertex 106 31.1856 2.8
    endloop
  endfacet
  facet normal 0.321817 -0.946802 0
    outer loop
      vertex 106.188 31.2782 2.8
      vertex 106.386 31.3455 6.8
      vertex 106.188 31.2782 6.8
    endloop
  endfacet
  facet normal 0.321817 -0.946802 0
    outer loop
      vertex 106.386 31.3455 6.8
      vertex 106.188 31.2782 2.8
      vertex 106.386 31.3455 2.8
    endloop
  endfacet
  facet normal -0.99776 0.0668996 0
    outer loop
      vertex 108.386 29.5912 2.8
      vertex 108.4 29.8 6.8
      vertex 108.4 29.8 2.8
    endloop
  endfacet
  facet normal -0.99776 0.0668996 0
    outer loop
      vertex 108.4 29.8 6.8
      vertex 108.386 29.5912 2.8
      vertex 108.386 29.5912 6.8
    endloop
  endfacet
  facet normal -0.947336 0.32024 0
    outer loop
      vertex 108.278 29.1877 2.8
      vertex 108.345 29.3859 6.8
      vertex 108.345 29.3859 2.8
    endloop
  endfacet
  facet normal -0.947336 0.32024 0
    outer loop
      vertex 108.345 29.3859 6.8
      vertex 108.278 29.1877 2.8
      vertex 108.278 29.1877 6.8
    endloop
  endfacet
  facet normal -0.555362 0.831609 0
    outer loop
      vertex 107.774 28.5306 2.8
      vertex 107.6 28.4144 6.8
      vertex 107.774 28.5306 6.8
    endloop
  endfacet
  facet normal -0.555362 0.831609 0
    outer loop
      vertex 107.6 28.4144 6.8
      vertex 107.774 28.5306 2.8
      vertex 107.6 28.4144 2.8
    endloop
  endfacet
  facet normal -0.947336 -0.32024 0
    outer loop
      vertex 108.345 30.2141 2.8
      vertex 108.278 30.4123 6.8
      vertex 108.278 30.4123 2.8
    endloop
  endfacet
  facet normal -0.947336 -0.32024 0
    outer loop
      vertex 108.278 30.4123 6.8
      vertex 108.345 30.2141 2.8
      vertex 108.345 30.2141 6.8
    endloop
  endfacet
  facet normal -0.660196 -0.751093 0
    outer loop
      vertex 107.774 31.0694 2.8
      vertex 107.931 30.9314 6.8
      vertex 107.774 31.0694 6.8
    endloop
  endfacet
  facet normal -0.660196 -0.751093 -0
    outer loop
      vertex 107.931 30.9314 6.8
      vertex 107.774 31.0694 2.8
      vertex 107.931 30.9314 2.8
    endloop
  endfacet
  facet normal -0.751925 -0.659248 0
    outer loop
      vertex 108.069 30.774 2.8
      vertex 107.931 30.9314 6.8
      vertex 107.931 30.9314 2.8
    endloop
  endfacet
  facet normal -0.751925 -0.659248 0
    outer loop
      vertex 107.931 30.9314 6.8
      vertex 108.069 30.774 2.8
      vertex 108.069 30.774 6.8
    endloop
  endfacet
  facet normal 0.0654099 -0.997858 0
    outer loop
      vertex 106.591 31.3863 2.8
      vertex 106.8 31.4 6.8
      vertex 106.591 31.3863 6.8
    endloop
  endfacet
  facet normal 0.0654099 -0.997858 0
    outer loop
      vertex 106.8 31.4 6.8
      vertex 106.591 31.3863 2.8
      vertex 106.8 31.4 2.8
    endloop
  endfacet
  facet normal -0.195196 -0.980764 0
    outer loop
      vertex 107.009 31.3863 2.8
      vertex 107.214 31.3455 6.8
      vertex 107.009 31.3863 6.8
    endloop
  endfacet
  facet normal -0.195196 -0.980764 -0
    outer loop
      vertex 107.214 31.3455 6.8
      vertex 107.009 31.3863 2.8
      vertex 107.214 31.3455 2.8
    endloop
  endfacet
  facet normal -0.555362 -0.831609 0
    outer loop
      vertex 107.6 31.1856 2.8
      vertex 107.774 31.0694 6.8
      vertex 107.6 31.1856 6.8
    endloop
  endfacet
  facet normal -0.555362 -0.831609 -0
    outer loop
      vertex 107.774 31.0694 6.8
      vertex 107.6 31.1856 2.8
      vertex 107.774 31.0694 2.8
    endloop
  endfacet
  facet normal 0.980636 -0.195841 0
    outer loop
      vertex 105.214 30.0088 6.8
      vertex 105.255 30.2141 2.8
      vertex 105.255 30.2141 6.8
    endloop
  endfacet
  facet normal 0.980636 -0.195841 0
    outer loop
      vertex 105.255 30.2141 2.8
      vertex 105.214 30.0088 6.8
      vertex 105.214 30.0088 2.8
    endloop
  endfacet
  facet normal 0.897939 -0.440119 0
    outer loop
      vertex 105.322 30.4123 6.8
      vertex 105.414 30.6 2.8
      vertex 105.414 30.6 6.8
    endloop
  endfacet
  facet normal 0.897939 -0.440119 0
    outer loop
      vertex 105.414 30.6 2.8
      vertex 105.322 30.4123 6.8
      vertex 105.322 30.4123 2.8
    endloop
  endfacet
  facet normal 0.195196 -0.980764 0
    outer loop
      vertex 106.386 31.3455 2.8
      vertex 106.591 31.3863 6.8
      vertex 106.386 31.3455 6.8
    endloop
  endfacet
  facet normal 0.195196 -0.980764 0
    outer loop
      vertex 106.591 31.3863 6.8
      vertex 106.386 31.3455 2.8
      vertex 106.591 31.3863 2.8
    endloop
  endfacet
  facet normal 0.660196 -0.751093 0
    outer loop
      vertex 105.669 30.9314 2.8
      vertex 105.826 31.0694 6.8
      vertex 105.669 30.9314 6.8
    endloop
  endfacet
  facet normal 0.660196 -0.751093 0
    outer loop
      vertex 105.826 31.0694 6.8
      vertex 105.669 30.9314 2.8
      vertex 105.826 31.0694 2.8
    endloop
  endfacet
  facet normal 0.751925 -0.659248 0
    outer loop
      vertex 105.531 30.774 6.8
      vertex 105.669 30.9314 2.8
      vertex 105.669 30.9314 6.8
    endloop
  endfacet
  facet normal 0.751925 -0.659248 0
    outer loop
      vertex 105.669 30.9314 2.8
      vertex 105.531 30.774 6.8
      vertex 105.531 30.774 2.8
    endloop
  endfacet
  facet normal -0.99776 -0.0668996 0
    outer loop
      vertex 108.4 29.8 2.8
      vertex 108.386 30.0088 6.8
      vertex 108.386 30.0088 2.8
    endloop
  endfacet
  facet normal -0.99776 -0.0668996 0
    outer loop
      vertex 108.386 30.0088 6.8
      vertex 108.4 29.8 2.8
      vertex 108.4 29.8 6.8
    endloop
  endfacet
  facet normal -0.829843 0.557998 0
    outer loop
      vertex 108.069 28.826 2.8
      vertex 108.186 29 6.8
      vertex 108.186 29 2.8
    endloop
  endfacet
  facet normal -0.829843 0.557998 0
    outer loop
      vertex 108.186 29 6.8
      vertex 108.069 28.826 2.8
      vertex 108.069 28.826 6.8
    endloop
  endfacet
  facet normal 0.99776 0.0668996 0
    outer loop
      vertex 105.214 29.5912 6.8
      vertex 105.2 29.8 2.8
      vertex 105.2 29.8 6.8
    endloop
  endfacet
  facet normal 0.99776 0.0668996 0
    outer loop
      vertex 105.2 29.8 2.8
      vertex 105.214 29.5912 6.8
      vertex 105.214 29.5912 2.8
    endloop
  endfacet
  facet normal 0.897939 0.440119 0
    outer loop
      vertex 105.414 29 6.8
      vertex 105.322 29.1877 2.8
      vertex 105.322 29.1877 6.8
    endloop
  endfacet
  facet normal 0.897939 0.440119 0
    outer loop
      vertex 105.322 29.1877 2.8
      vertex 105.414 29 6.8
      vertex 105.414 29 2.8
    endloop
  endfacet
  facet normal -0.195196 0.980764 0
    outer loop
      vertex 107.214 28.2545 2.8
      vertex 107.009 28.2137 6.8
      vertex 107.214 28.2545 6.8
    endloop
  endfacet
  facet normal -0.195196 0.980764 0
    outer loop
      vertex 107.009 28.2137 6.8
      vertex 107.214 28.2545 2.8
      vertex 107.009 28.2137 2.8
    endloop
  endfacet
  facet normal -0.660196 0.751093 0
    outer loop
      vertex 107.931 28.6686 2.8
      vertex 107.774 28.5306 6.8
      vertex 107.931 28.6686 6.8
    endloop
  endfacet
  facet normal -0.660196 0.751093 0
    outer loop
      vertex 107.774 28.5306 6.8
      vertex 107.931 28.6686 2.8
      vertex 107.774 28.5306 2.8
    endloop
  endfacet
  facet normal -0.980636 -0.195841 0
    outer loop
      vertex 108.386 30.0088 2.8
      vertex 108.345 30.2141 6.8
      vertex 108.345 30.2141 2.8
    endloop
  endfacet
  facet normal -0.980636 -0.195841 0
    outer loop
      vertex 108.345 30.2141 6.8
      vertex 108.386 30.0088 2.8
      vertex 108.386 30.0088 6.8
    endloop
  endfacet
  facet normal -0.0654099 -0.997858 0
    outer loop
      vertex 106.8 31.4 2.8
      vertex 107.009 31.3863 6.8
      vertex 106.8 31.4 6.8
    endloop
  endfacet
  facet normal -0.0654099 -0.997858 -0
    outer loop
      vertex 107.009 31.3863 6.8
      vertex 106.8 31.4 2.8
      vertex 107.009 31.3863 2.8
    endloop
  endfacet
  facet normal -0.897939 0.440119 0
    outer loop
      vertex 108.186 29 2.8
      vertex 108.278 29.1877 6.8
      vertex 108.278 29.1877 2.8
    endloop
  endfacet
  facet normal -0.897939 0.440119 0
    outer loop
      vertex 108.278 29.1877 6.8
      vertex 108.186 29 2.8
      vertex 108.186 29 6.8
    endloop
  endfacet
  facet normal 0.0654099 0.997858 -0
    outer loop
      vertex 106.8 28.2 2.8
      vertex 106.591 28.2137 6.8
      vertex 106.8 28.2 6.8
    endloop
  endfacet
  facet normal 0.0654099 0.997858 0
    outer loop
      vertex 106.591 28.2137 6.8
      vertex 106.8 28.2 2.8
      vertex 106.591 28.2137 2.8
    endloop
  endfacet
  facet normal 0.947336 0.32024 0
    outer loop
      vertex 105.322 29.1877 6.8
      vertex 105.255 29.3859 2.8
      vertex 105.255 29.3859 6.8
    endloop
  endfacet
  facet normal 0.947336 0.32024 0
    outer loop
      vertex 105.255 29.3859 2.8
      vertex 105.322 29.1877 6.8
      vertex 105.322 29.1877 2.8
    endloop
  endfacet
  facet normal 0.980636 0.195841 0
    outer loop
      vertex 105.255 29.3859 6.8
      vertex 105.214 29.5912 2.8
      vertex 105.214 29.5912 6.8
    endloop
  endfacet
  facet normal 0.980636 0.195841 0
    outer loop
      vertex 105.214 29.5912 2.8
      vertex 105.255 29.3859 6.8
      vertex 105.255 29.3859 2.8
    endloop
  endfacet
  facet normal -0.441861 0.897083 0
    outer loop
      vertex 107.6 28.4144 2.8
      vertex 107.412 28.3218 6.8
      vertex 107.6 28.4144 6.8
    endloop
  endfacet
  facet normal -0.441861 0.897083 0
    outer loop
      vertex 107.412 28.3218 6.8
      vertex 107.6 28.4144 2.8
      vertex 107.412 28.3218 2.8
    endloop
  endfacet
  facet normal -0.321817 0.946802 0
    outer loop
      vertex 107.412 28.3218 2.8
      vertex 107.214 28.2545 6.8
      vertex 107.412 28.3218 6.8
    endloop
  endfacet
  facet normal -0.321817 0.946802 0
    outer loop
      vertex 107.214 28.2545 6.8
      vertex 107.412 28.3218 2.8
      vertex 107.214 28.2545 2.8
    endloop
  endfacet
  facet normal -0.751925 0.659248 0
    outer loop
      vertex 107.931 28.6686 2.8
      vertex 108.069 28.826 6.8
      vertex 108.069 28.826 2.8
    endloop
  endfacet
  facet normal -0.751925 0.659248 0
    outer loop
      vertex 108.069 28.826 6.8
      vertex 107.931 28.6686 2.8
      vertex 107.931 28.6686 6.8
    endloop
  endfacet
  facet normal 0.321817 0.946802 -0
    outer loop
      vertex 106.386 28.2545 2.8
      vertex 106.188 28.3218 6.8
      vertex 106.386 28.2545 6.8
    endloop
  endfacet
  facet normal 0.321817 0.946802 0
    outer loop
      vertex 106.188 28.3218 6.8
      vertex 106.386 28.2545 2.8
      vertex 106.188 28.3218 2.8
    endloop
  endfacet
  facet normal -0.0654099 0.997858 0
    outer loop
      vertex 107.009 28.2137 2.8
      vertex 106.8 28.2 6.8
      vertex 107.009 28.2137 6.8
    endloop
  endfacet
  facet normal -0.0654099 0.997858 0
    outer loop
      vertex 106.8 28.2 6.8
      vertex 107.009 28.2137 2.8
      vertex 106.8 28.2 2.8
    endloop
  endfacet
  facet normal 0.195196 0.980764 -0
    outer loop
      vertex 106.591 28.2137 2.8
      vertex 106.386 28.2545 6.8
      vertex 106.591 28.2137 6.8
    endloop
  endfacet
  facet normal 0.195196 0.980764 0
    outer loop
      vertex 106.386 28.2545 6.8
      vertex 106.591 28.2137 2.8
      vertex 106.386 28.2545 2.8
    endloop
  endfacet
  facet normal 0.751925 0.659248 0
    outer loop
      vertex 105.669 28.6686 6.8
      vertex 105.531 28.826 2.8
      vertex 105.531 28.826 6.8
    endloop
  endfacet
  facet normal 0.751925 0.659248 0
    outer loop
      vertex 105.531 28.826 2.8
      vertex 105.669 28.6686 6.8
      vertex 105.669 28.6686 2.8
    endloop
  endfacet
  facet normal 0.660196 0.751093 -0
    outer loop
      vertex 105.826 28.5306 2.8
      vertex 105.669 28.6686 6.8
      vertex 105.826 28.5306 6.8
    endloop
  endfacet
  facet normal 0.660196 0.751093 0
    outer loop
      vertex 105.669 28.6686 6.8
      vertex 105.826 28.5306 2.8
      vertex 105.669 28.6686 2.8
    endloop
  endfacet
  facet normal 0.555362 0.831609 -0
    outer loop
      vertex 106 28.4144 2.8
      vertex 105.826 28.5306 6.8
      vertex 106 28.4144 6.8
    endloop
  endfacet
  facet normal 0.555362 0.831609 0
    outer loop
      vertex 105.826 28.5306 6.8
      vertex 106 28.4144 2.8
      vertex 105.826 28.5306 2.8
    endloop
  endfacet
  facet normal 0.829843 0.557998 0
    outer loop
      vertex 105.531 28.826 6.8
      vertex 105.414 29 2.8
      vertex 105.414 29 6.8
    endloop
  endfacet
  facet normal 0.829843 0.557998 0
    outer loop
      vertex 105.414 29 2.8
      vertex 105.531 28.826 6.8
      vertex 105.531 28.826 2.8
    endloop
  endfacet
  facet normal 0.441861 0.897083 -0
    outer loop
      vertex 106.188 28.3218 2.8
      vertex 106 28.4144 6.8
      vertex 106.188 28.3218 6.8
    endloop
  endfacet
  facet normal 0.441861 0.897083 0
    outer loop
      vertex 106 28.4144 6.8
      vertex 106.188 28.3218 2.8
      vertex 106 28.4144 2.8
    endloop
  endfacet
endsolid OpenSCAD_Model
