solid OpenSCAD_Model
  facet normal 0.997859 0.0653948 0
    outer loop
      vertex 30.05 43.8 12.8
      vertex 30.0222 44.2242 2.8
      vertex 30.0222 44.2242 12.8
    endloop
  endfacet
  facet normal 0.997859 0.0653948 0
    outer loop
      vertex 30.0222 44.2242 2.8
      vertex 30.05 43.8 12.8
      vertex 30.05 43.8 2.8
    endloop
  endfacet
  facet normal -0.997859 0.0653948 0
    outer loop
      vertex 23.55 43.8 2.8
      vertex 23.5778 44.2242 12.8
      vertex 23.5778 44.2242 2.8
    endloop
  endfacet
  facet normal -0.997859 0.0653948 0
    outer loop
      vertex 23.5778 44.2242 12.8
      vertex 23.55 43.8 2.8
      vertex 23.55 43.8 12.8
    endloop
  endfacet
  facet normal 0.0653948 0.997859 -0
    outer loop
      vertex 27.2242 47.0222 2.8
      vertex 26.8 47.05 12.8
      vertex 27.2242 47.0222 12.8
    endloop
  endfacet
  facet normal 0.0653948 0.997859 0
    outer loop
      vertex 26.8 47.05 12.8
      vertex 27.2242 47.0222 2.8
      vertex 26.8 47.05 2.8
    endloop
  endfacet
  facet normal 0.65937 0.751818 -0
    outer loop
      vertex 29.0981 46.0981 2.8
      vertex 28.7785 46.3784 12.8
      vertex 29.0981 46.0981 12.8
    endloop
  endfacet
  facet normal 0.65937 0.751818 0
    outer loop
      vertex 28.7785 46.3784 12.8
      vertex 29.0981 46.0981 2.8
      vertex 28.7785 46.3784 2.8
    endloop
  endfacet
  facet normal -0.65937 0.751818 0
    outer loop
      vertex 24.8215 46.3784 2.8
      vertex 24.5019 46.0981 12.8
      vertex 24.8215 46.3784 12.8
    endloop
  endfacet
  facet normal -0.65937 0.751818 0
    outer loop
      vertex 24.5019 46.0981 12.8
      vertex 24.8215 46.3784 2.8
      vertex 24.5019 46.0981 2.8
    endloop
  endfacet
  facet normal -0.321586 0.94688 0
    outer loop
      vertex 25.9588 46.9393 2.8
      vertex 25.5563 46.8026 12.8
      vertex 25.9588 46.9393 12.8
    endloop
  endfacet
  facet normal -0.321586 0.94688 0
    outer loop
      vertex 25.5563 46.8026 12.8
      vertex 25.9588 46.9393 2.8
      vertex 25.5563 46.8026 2.8
    endloop
  endfacet
  facet normal 0 0 -1
    outer loop
      vertex 28.4 43.8 2.8
      vertex 30.05 43.8 2.8
      vertex 30.0222 43.3758 2.8
    endloop
  endfacet
  facet normal 0 0 -1
    outer loop
      vertex 28.3863 43.5912 2.8
      vertex 30.0222 43.3758 2.8
      vertex 29.9393 42.9588 2.8
    endloop
  endfacet
  facet normal 0 0 -1
    outer loop
      vertex 30.05 43.8 2.8
      vertex 28.4 43.8 2.8
      vertex 30.0222 44.2242 2.8
    endloop
  endfacet
  facet normal 0 0 -1
    outer loop
      vertex 28.3455 43.3859 2.8
      vertex 29.9393 42.9588 2.8
      vertex 29.8026 42.5563 2.8
    endloop
  endfacet
  facet normal 0 0 -1
    outer loop
      vertex 28.3863 44.0088 2.8
      vertex 30.0222 44.2242 2.8
      vertex 28.4 43.8 2.8
    endloop
  endfacet
  facet normal 0 0 -1
    outer loop
      vertex 28.2782 43.1877 2.8
      vertex 29.8026 42.5563 2.8
      vertex 29.6146 42.175 2.8
    endloop
  endfacet
  facet normal -0 0 -1
    outer loop
      vertex 30.0222 44.2242 2.8
      vertex 28.3863 44.0088 2.8
      vertex 29.9393 44.6412 2.8
    endloop
  endfacet
  facet normal 0 0 -1
    outer loop
      vertex 28.1856 43 2.8
      vertex 29.6146 42.175 2.8
      vertex 29.3784 41.8215 2.8
    endloop
  endfacet
  facet normal 0 0 -1
    outer loop
      vertex 28.3455 44.2141 2.8
      vertex 29.9393 44.6412 2.8
      vertex 28.3863 44.0088 2.8
    endloop
  endfacet
  facet normal 0 0 -1
    outer loop
      vertex 28.0694 42.826 2.8
      vertex 29.3784 41.8215 2.8
      vertex 29.0981 41.5019 2.8
    endloop
  endfacet
  facet normal -0 0 -1
    outer loop
      vertex 29.9393 44.6412 2.8
      vertex 28.3455 44.2141 2.8
      vertex 29.8026 45.0437 2.8
    endloop
  endfacet
  facet normal 0 0 -1
    outer loop
      vertex 27.9314 42.6686 2.8
      vertex 29.0981 41.5019 2.8
      vertex 28.7785 41.2216 2.8
    endloop
  endfacet
  facet normal 0 0 -1
    outer loop
      vertex 28.2782 44.4123 2.8
      vertex 29.8026 45.0437 2.8
      vertex 28.3455 44.2141 2.8
    endloop
  endfacet
  facet normal 0 0 -1
    outer loop
      vertex 27.774 42.5306 2.8
      vertex 28.7785 41.2216 2.8
      vertex 28.425 40.9854 2.8
    endloop
  endfacet
  facet normal -0 0 -1
    outer loop
      vertex 29.8026 45.0437 2.8
      vertex 28.2782 44.4123 2.8
      vertex 29.6146 45.425 2.8
    endloop
  endfacet
  facet normal 0 0 -1
    outer loop
      vertex 28.1856 44.6 2.8
      vertex 29.6146 45.425 2.8
      vertex 28.2782 44.4123 2.8
    endloop
  endfacet
  facet normal 0 0 -1
    outer loop
      vertex 30.0222 43.3758 2.8
      vertex 28.3863 43.5912 2.8
      vertex 28.4 43.8 2.8
    endloop
  endfacet
  facet normal 0 0 -1
    outer loop
      vertex 29.9393 42.9588 2.8
      vertex 28.3455 43.3859 2.8
      vertex 28.3863 43.5912 2.8
    endloop
  endfacet
  facet normal 0 0 -1
    outer loop
      vertex 29.8026 42.5563 2.8
      vertex 28.2782 43.1877 2.8
      vertex 28.3455 43.3859 2.8
    endloop
  endfacet
  facet normal 0 0 -1
    outer loop
      vertex 29.6146 42.175 2.8
      vertex 28.1856 43 2.8
      vertex 28.2782 43.1877 2.8
    endloop
  endfacet
  facet normal 0 0 -1
    outer loop
      vertex 29.3784 41.8215 2.8
      vertex 28.0694 42.826 2.8
      vertex 28.1856 43 2.8
    endloop
  endfacet
  facet normal 0 0 -1
    outer loop
      vertex 27.6 42.4144 2.8
      vertex 28.425 40.9854 2.8
      vertex 28.0437 40.7974 2.8
    endloop
  endfacet
  facet normal 0 0 -1
    outer loop
      vertex 29.0981 41.5019 2.8
      vertex 27.9314 42.6686 2.8
      vertex 28.0694 42.826 2.8
    endloop
  endfacet
  facet normal 0 0 -1
    outer loop
      vertex 28.7785 41.2216 2.8
      vertex 27.774 42.5306 2.8
      vertex 27.9314 42.6686 2.8
    endloop
  endfacet
  facet normal 0 0 -1
    outer loop
      vertex 27.4123 42.3218 2.8
      vertex 28.0437 40.7974 2.8
      vertex 27.6412 40.6607 2.8
    endloop
  endfacet
  facet normal 0 0 -1
    outer loop
      vertex 28.425 40.9854 2.8
      vertex 27.6 42.4144 2.8
      vertex 27.774 42.5306 2.8
    endloop
  endfacet
  facet normal 0 0 -1
    outer loop
      vertex 28.0437 40.7974 2.8
      vertex 27.4123 42.3218 2.8
      vertex 27.6 42.4144 2.8
    endloop
  endfacet
  facet normal 0 0 -1
    outer loop
      vertex 27.2141 42.2545 2.8
      vertex 27.6412 40.6607 2.8
      vertex 27.2242 40.5778 2.8
    endloop
  endfacet
  facet normal 0 0 -1
    outer loop
      vertex 27.6412 40.6607 2.8
      vertex 27.2141 42.2545 2.8
      vertex 27.4123 42.3218 2.8
    endloop
  endfacet
  facet normal 0 0 -1
    outer loop
      vertex 27.2242 40.5778 2.8
      vertex 27.0088 42.2137 2.8
      vertex 27.2141 42.2545 2.8
    endloop
  endfacet
  facet normal 0 0 -1
    outer loop
      vertex 26.8 40.55 2.8
      vertex 27.0088 42.2137 2.8
      vertex 27.2242 40.5778 2.8
    endloop
  endfacet
  facet normal 0 0 -1
    outer loop
      vertex 26.8 40.55 2.8
      vertex 26.8 42.2 2.8
      vertex 27.0088 42.2137 2.8
    endloop
  endfacet
  facet normal 0 0 -1
    outer loop
      vertex 26.8 40.55 2.8
      vertex 26.5912 42.2137 2.8
      vertex 26.8 42.2 2.8
    endloop
  endfacet
  facet normal 0 0 -1
    outer loop
      vertex 26.3758 40.5778 2.8
      vertex 26.5912 42.2137 2.8
      vertex 26.8 40.55 2.8
    endloop
  endfacet
  facet normal -0 0 -1
    outer loop
      vertex 26.5912 42.2137 2.8
      vertex 26.3758 40.5778 2.8
      vertex 26.3859 42.2545 2.8
    endloop
  endfacet
  facet normal 0 0 -1
    outer loop
      vertex 25.9588 40.6607 2.8
      vertex 26.3859 42.2545 2.8
      vertex 26.3758 40.5778 2.8
    endloop
  endfacet
  facet normal -0 0 -1
    outer loop
      vertex 26.3859 42.2545 2.8
      vertex 25.9588 40.6607 2.8
      vertex 26.1877 42.3218 2.8
    endloop
  endfacet
  facet normal 0 0 -1
    outer loop
      vertex 25.5563 40.7974 2.8
      vertex 26.1877 42.3218 2.8
      vertex 25.9588 40.6607 2.8
    endloop
  endfacet
  facet normal -0 0 -1
    outer loop
      vertex 26.1877 42.3218 2.8
      vertex 25.5563 40.7974 2.8
      vertex 26 42.4144 2.8
    endloop
  endfacet
  facet normal 0 0 -1
    outer loop
      vertex 25.175 40.9854 2.8
      vertex 26 42.4144 2.8
      vertex 25.5563 40.7974 2.8
    endloop
  endfacet
  facet normal -0 0 -1
    outer loop
      vertex 26 42.4144 2.8
      vertex 25.175 40.9854 2.8
      vertex 25.826 42.5306 2.8
    endloop
  endfacet
  facet normal 0 0 -1
    outer loop
      vertex 24.8215 41.2216 2.8
      vertex 25.826 42.5306 2.8
      vertex 25.175 40.9854 2.8
    endloop
  endfacet
  facet normal -0 0 -1
    outer loop
      vertex 25.826 42.5306 2.8
      vertex 24.8215 41.2216 2.8
      vertex 25.6686 42.6686 2.8
    endloop
  endfacet
  facet normal 0 0 -1
    outer loop
      vertex 24.5019 41.5019 2.8
      vertex 25.6686 42.6686 2.8
      vertex 24.8215 41.2216 2.8
    endloop
  endfacet
  facet normal -0 0 -1
    outer loop
      vertex 25.6686 42.6686 2.8
      vertex 24.5019 41.5019 2.8
      vertex 25.5306 42.826 2.8
    endloop
  endfacet
  facet normal 0 0 -1
    outer loop
      vertex 24.2216 41.8215 2.8
      vertex 25.5306 42.826 2.8
      vertex 24.5019 41.5019 2.8
    endloop
  endfacet
  facet normal 0 0 -1
    outer loop
      vertex 23.9854 42.175 2.8
      vertex 25.4144 43 2.8
      vertex 24.2216 41.8215 2.8
    endloop
  endfacet
  facet normal -0 0 -1
    outer loop
      vertex 25.5306 42.826 2.8
      vertex 24.2216 41.8215 2.8
      vertex 25.4144 43 2.8
    endloop
  endfacet
  facet normal -0 0 -1
    outer loop
      vertex 29.6146 45.425 2.8
      vertex 28.1856 44.6 2.8
      vertex 29.3784 45.7785 2.8
    endloop
  endfacet
  facet normal 0 0 -1
    outer loop
      vertex 28.0694 44.774 2.8
      vertex 29.3784 45.7785 2.8
      vertex 28.1856 44.6 2.8
    endloop
  endfacet
  facet normal -0 0 -1
    outer loop
      vertex 29.3784 45.7785 2.8
      vertex 28.0694 44.774 2.8
      vertex 29.0981 46.0981 2.8
    endloop
  endfacet
  facet normal 0 0 -1
    outer loop
      vertex 27.9314 44.9314 2.8
      vertex 29.0981 46.0981 2.8
      vertex 28.0694 44.774 2.8
    endloop
  endfacet
  facet normal -0 0 -1
    outer loop
      vertex 29.0981 46.0981 2.8
      vertex 27.9314 44.9314 2.8
      vertex 28.7785 46.3784 2.8
    endloop
  endfacet
  facet normal 0 0 -1
    outer loop
      vertex 27.774 45.0694 2.8
      vertex 28.7785 46.3784 2.8
      vertex 27.9314 44.9314 2.8
    endloop
  endfacet
  facet normal -0 0 -1
    outer loop
      vertex 28.7785 46.3784 2.8
      vertex 27.774 45.0694 2.8
      vertex 28.425 46.6146 2.8
    endloop
  endfacet
  facet normal 0 0 -1
    outer loop
      vertex 27.6 45.1856 2.8
      vertex 28.425 46.6146 2.8
      vertex 27.774 45.0694 2.8
    endloop
  endfacet
  facet normal -0 0 -1
    outer loop
      vertex 28.425 46.6146 2.8
      vertex 27.6 45.1856 2.8
      vertex 28.0437 46.8026 2.8
    endloop
  endfacet
  facet normal 0 0 -1
    outer loop
      vertex 27.4123 45.2782 2.8
      vertex 28.0437 46.8026 2.8
      vertex 27.6 45.1856 2.8
    endloop
  endfacet
  facet normal -0 0 -1
    outer loop
      vertex 28.0437 46.8026 2.8
      vertex 27.4123 45.2782 2.8
      vertex 27.6412 46.9393 2.8
    endloop
  endfacet
  facet normal 0 0 -1
    outer loop
      vertex 27.2141 45.3455 2.8
      vertex 27.6412 46.9393 2.8
      vertex 27.4123 45.2782 2.8
    endloop
  endfacet
  facet normal -0 0 -1
    outer loop
      vertex 27.6412 46.9393 2.8
      vertex 27.2141 45.3455 2.8
      vertex 27.2242 47.0222 2.8
    endloop
  endfacet
  facet normal 0 0 -1
    outer loop
      vertex 27.0088 45.3863 2.8
      vertex 27.2242 47.0222 2.8
      vertex 27.2141 45.3455 2.8
    endloop
  endfacet
  facet normal 0 0 -1
    outer loop
      vertex 26.8 45.4 2.8
      vertex 27.2242 47.0222 2.8
      vertex 27.0088 45.3863 2.8
    endloop
  endfacet
  facet normal 0 0 -1
    outer loop
      vertex 26.8 45.4 2.8
      vertex 26.8 47.05 2.8
      vertex 27.2242 47.0222 2.8
    endloop
  endfacet
  facet normal 0 0 -1
    outer loop
      vertex 26.5912 45.3863 2.8
      vertex 26.8 47.05 2.8
      vertex 26.8 45.4 2.8
    endloop
  endfacet
  facet normal 0 0 -1
    outer loop
      vertex 26.3758 47.0222 2.8
      vertex 26.5912 45.3863 2.8
      vertex 26.3859 45.3455 2.8
    endloop
  endfacet
  facet normal 0 0 -1
    outer loop
      vertex 26.5912 45.3863 2.8
      vertex 26.3758 47.0222 2.8
      vertex 26.8 47.05 2.8
    endloop
  endfacet
  facet normal 0 0 -1
    outer loop
      vertex 25.9588 46.9393 2.8
      vertex 26.3859 45.3455 2.8
      vertex 26.1877 45.2782 2.8
    endloop
  endfacet
  facet normal 0 0 -1
    outer loop
      vertex 25.5563 46.8026 2.8
      vertex 26.1877 45.2782 2.8
      vertex 26 45.1856 2.8
    endloop
  endfacet
  facet normal 0 0 -1
    outer loop
      vertex 26.3859 45.3455 2.8
      vertex 25.9588 46.9393 2.8
      vertex 26.3758 47.0222 2.8
    endloop
  endfacet
  facet normal 0 0 -1
    outer loop
      vertex 25.175 46.6146 2.8
      vertex 26 45.1856 2.8
      vertex 25.826 45.0694 2.8
    endloop
  endfacet
  facet normal 0 0 -1
    outer loop
      vertex 24.8215 46.3784 2.8
      vertex 25.826 45.0694 2.8
      vertex 25.6686 44.9314 2.8
    endloop
  endfacet
  facet normal 0 0 -1
    outer loop
      vertex 26.1877 45.2782 2.8
      vertex 25.5563 46.8026 2.8
      vertex 25.9588 46.9393 2.8
    endloop
  endfacet
  facet normal 0 0 -1
    outer loop
      vertex 24.5019 46.0981 2.8
      vertex 25.6686 44.9314 2.8
      vertex 25.5306 44.774 2.8
    endloop
  endfacet
  facet normal 0 0 -1
    outer loop
      vertex 24.2216 45.7785 2.8
      vertex 25.5306 44.774 2.8
      vertex 25.4144 44.6 2.8
    endloop
  endfacet
  facet normal 0 0 -1
    outer loop
      vertex 23.9854 45.425 2.8
      vertex 25.4144 44.6 2.8
      vertex 25.3218 44.4123 2.8
    endloop
  endfacet
  facet normal 0 0 -1
    outer loop
      vertex 23.7974 45.0437 2.8
      vertex 25.3218 44.4123 2.8
      vertex 25.2545 44.2141 2.8
    endloop
  endfacet
  facet normal 0 0 -1
    outer loop
      vertex 23.6607 44.6412 2.8
      vertex 25.2545 44.2141 2.8
      vertex 25.2137 44.0088 2.8
    endloop
  endfacet
  facet normal 0 0 -1
    outer loop
      vertex 26 45.1856 2.8
      vertex 25.175 46.6146 2.8
      vertex 25.5563 46.8026 2.8
    endloop
  endfacet
  facet normal 0 0 -1
    outer loop
      vertex 23.5778 44.2242 2.8
      vertex 25.2137 44.0088 2.8
      vertex 25.2 43.8 2.8
    endloop
  endfacet
  facet normal -0 0 -1
    outer loop
      vertex 25.4144 43 2.8
      vertex 23.9854 42.175 2.8
      vertex 25.3218 43.1877 2.8
    endloop
  endfacet
  facet normal 0 0 -1
    outer loop
      vertex 23.7974 42.5563 2.8
      vertex 25.3218 43.1877 2.8
      vertex 23.9854 42.175 2.8
    endloop
  endfacet
  facet normal 0 0 -1
    outer loop
      vertex 25.826 45.0694 2.8
      vertex 24.8215 46.3784 2.8
      vertex 25.175 46.6146 2.8
    endloop
  endfacet
  facet normal -0 0 -1
    outer loop
      vertex 25.3218 43.1877 2.8
      vertex 23.7974 42.5563 2.8
      vertex 25.2545 43.3859 2.8
    endloop
  endfacet
  facet normal 0 0 -1
    outer loop
      vertex 25.6686 44.9314 2.8
      vertex 24.5019 46.0981 2.8
      vertex 24.8215 46.3784 2.8
    endloop
  endfacet
  facet normal 0 0 -1
    outer loop
      vertex 23.6607 42.9588 2.8
      vertex 25.2545 43.3859 2.8
      vertex 23.7974 42.5563 2.8
    endloop
  endfacet
  facet normal 0 0 -1
    outer loop
      vertex 25.5306 44.774 2.8
      vertex 24.2216 45.7785 2.8
      vertex 24.5019 46.0981 2.8
    endloop
  endfacet
  facet normal -0 0 -1
    outer loop
      vertex 25.2545 43.3859 2.8
      vertex 23.6607 42.9588 2.8
      vertex 25.2137 43.5912 2.8
    endloop
  endfacet
  facet normal 0 0 -1
    outer loop
      vertex 25.4144 44.6 2.8
      vertex 23.9854 45.425 2.8
      vertex 24.2216 45.7785 2.8
    endloop
  endfacet
  facet normal 0 0 -1
    outer loop
      vertex 23.5778 43.3758 2.8
      vertex 25.2137 43.5912 2.8
      vertex 23.6607 42.9588 2.8
    endloop
  endfacet
  facet normal 0 0 -1
    outer loop
      vertex 25.3218 44.4123 2.8
      vertex 23.7974 45.0437 2.8
      vertex 23.9854 45.425 2.8
    endloop
  endfacet
  facet normal -0 0 -1
    outer loop
      vertex 25.2137 43.5912 2.8
      vertex 23.5778 43.3758 2.8
      vertex 25.2 43.8 2.8
    endloop
  endfacet
  facet normal 0 0 -1
    outer loop
      vertex 25.2545 44.2141 2.8
      vertex 23.6607 44.6412 2.8
      vertex 23.7974 45.0437 2.8
    endloop
  endfacet
  facet normal 0 0 -1
    outer loop
      vertex 23.55 43.8 2.8
      vertex 25.2 43.8 2.8
      vertex 23.5778 43.3758 2.8
    endloop
  endfacet
  facet normal 0 0 -1
    outer loop
      vertex 25.2137 44.0088 2.8
      vertex 23.5778 44.2242 2.8
      vertex 23.6607 44.6412 2.8
    endloop
  endfacet
  facet normal 0 0 -1
    outer loop
      vertex 25.2 43.8 2.8
      vertex 23.55 43.8 2.8
      vertex 23.5778 44.2242 2.8
    endloop
  endfacet
  facet normal 0.896907 0.44222 0
    outer loop
      vertex 29.8026 45.0437 12.8
      vertex 29.6146 45.425 2.8
      vertex 29.6146 45.425 12.8
    endloop
  endfacet
  facet normal 0.896907 0.44222 0
    outer loop
      vertex 29.6146 45.425 2.8
      vertex 29.8026 45.0437 12.8
      vertex 29.8026 45.0437 2.8
    endloop
  endfacet
  facet normal 0.831471 0.555568 0
    outer loop
      vertex 29.6146 45.425 12.8
      vertex 29.3784 45.7785 2.8
      vertex 29.3784 45.7785 12.8
    endloop
  endfacet
  facet normal 0.831471 0.555568 0
    outer loop
      vertex 29.3784 45.7785 2.8
      vertex 29.6146 45.425 12.8
      vertex 29.6146 45.425 2.8
    endloop
  endfacet
  facet normal 0.44222 0.896907 -0
    outer loop
      vertex 28.425 46.6146 2.8
      vertex 28.0437 46.8026 12.8
      vertex 28.425 46.6146 12.8
    endloop
  endfacet
  facet normal 0.44222 0.896907 0
    outer loop
      vertex 28.0437 46.8026 12.8
      vertex 28.425 46.6146 2.8
      vertex 28.0437 46.8026 2.8
    endloop
  endfacet
  facet normal 0.555568 0.831471 -0
    outer loop
      vertex 28.7785 46.3784 2.8
      vertex 28.425 46.6146 12.8
      vertex 28.7785 46.3784 12.8
    endloop
  endfacet
  facet normal 0.555568 0.831471 0
    outer loop
      vertex 28.425 46.6146 12.8
      vertex 28.7785 46.3784 2.8
      vertex 28.425 46.6146 2.8
    endloop
  endfacet
  facet normal -0.896907 0.44222 0
    outer loop
      vertex 23.7974 45.0437 2.8
      vertex 23.9854 45.425 12.8
      vertex 23.9854 45.425 2.8
    endloop
  endfacet
  facet normal -0.896907 0.44222 0
    outer loop
      vertex 23.9854 45.425 12.8
      vertex 23.7974 45.0437 2.8
      vertex 23.7974 45.0437 12.8
    endloop
  endfacet
  facet normal -0.751818 0.65937 0
    outer loop
      vertex 24.2216 45.7785 2.8
      vertex 24.5019 46.0981 12.8
      vertex 24.5019 46.0981 2.8
    endloop
  endfacet
  facet normal -0.751818 0.65937 0
    outer loop
      vertex 24.5019 46.0981 12.8
      vertex 24.2216 45.7785 2.8
      vertex 24.2216 45.7785 12.8
    endloop
  endfacet
  facet normal 0 0 1
    outer loop
      vertex 28.4 43.8 12.8
      vertex 30.05 43.8 12.8
      vertex 30.0222 44.2242 12.8
    endloop
  endfacet
  facet normal 0 0 1
    outer loop
      vertex 28.3863 44.0088 12.8
      vertex 30.0222 44.2242 12.8
      vertex 29.9393 44.6412 12.8
    endloop
  endfacet
  facet normal 0 0 1
    outer loop
      vertex 30.05 43.8 12.8
      vertex 28.4 43.8 12.8
      vertex 30.0222 43.3758 12.8
    endloop
  endfacet
  facet normal 0 0 1
    outer loop
      vertex 28.3455 44.2141 12.8
      vertex 29.9393 44.6412 12.8
      vertex 29.8026 45.0437 12.8
    endloop
  endfacet
  facet normal -0 0 1
    outer loop
      vertex 28.3863 43.5912 12.8
      vertex 30.0222 43.3758 12.8
      vertex 28.4 43.8 12.8
    endloop
  endfacet
  facet normal 0 0 1
    outer loop
      vertex 28.2782 44.4123 12.8
      vertex 29.8026 45.0437 12.8
      vertex 29.6146 45.425 12.8
    endloop
  endfacet
  facet normal 0 0 1
    outer loop
      vertex 30.0222 43.3758 12.8
      vertex 28.3863 43.5912 12.8
      vertex 29.9393 42.9588 12.8
    endloop
  endfacet
  facet normal 0 0 1
    outer loop
      vertex 28.1856 44.6 12.8
      vertex 29.6146 45.425 12.8
      vertex 29.3784 45.7785 12.8
    endloop
  endfacet
  facet normal -0 0 1
    outer loop
      vertex 28.3455 43.3859 12.8
      vertex 29.9393 42.9588 12.8
      vertex 28.3863 43.5912 12.8
    endloop
  endfacet
  facet normal 0 0 1
    outer loop
      vertex 28.0694 44.774 12.8
      vertex 29.3784 45.7785 12.8
      vertex 29.0981 46.0981 12.8
    endloop
  endfacet
  facet normal 0 0 1
    outer loop
      vertex 29.9393 42.9588 12.8
      vertex 28.3455 43.3859 12.8
      vertex 29.8026 42.5563 12.8
    endloop
  endfacet
  facet normal 0 0 1
    outer loop
      vertex 27.9314 44.9314 12.8
      vertex 29.0981 46.0981 12.8
      vertex 28.7785 46.3784 12.8
    endloop
  endfacet
  facet normal -0 0 1
    outer loop
      vertex 28.2782 43.1877 12.8
      vertex 29.8026 42.5563 12.8
      vertex 28.3455 43.3859 12.8
    endloop
  endfacet
  facet normal 0 0 1
    outer loop
      vertex 27.774 45.0694 12.8
      vertex 28.7785 46.3784 12.8
      vertex 28.425 46.6146 12.8
    endloop
  endfacet
  facet normal 0 0 1
    outer loop
      vertex 29.8026 42.5563 12.8
      vertex 28.2782 43.1877 12.8
      vertex 29.6146 42.175 12.8
    endloop
  endfacet
  facet normal -0 0 1
    outer loop
      vertex 28.1856 43 12.8
      vertex 29.6146 42.175 12.8
      vertex 28.2782 43.1877 12.8
    endloop
  endfacet
  facet normal 0 0 1
    outer loop
      vertex 30.0222 44.2242 12.8
      vertex 28.3863 44.0088 12.8
      vertex 28.4 43.8 12.8
    endloop
  endfacet
  facet normal 0 0 1
    outer loop
      vertex 29.9393 44.6412 12.8
      vertex 28.3455 44.2141 12.8
      vertex 28.3863 44.0088 12.8
    endloop
  endfacet
  facet normal 0 0 1
    outer loop
      vertex 29.8026 45.0437 12.8
      vertex 28.2782 44.4123 12.8
      vertex 28.3455 44.2141 12.8
    endloop
  endfacet
  facet normal 0 0 1
    outer loop
      vertex 29.6146 45.425 12.8
      vertex 28.1856 44.6 12.8
      vertex 28.2782 44.4123 12.8
    endloop
  endfacet
  facet normal 0 0 1
    outer loop
      vertex 29.3784 45.7785 12.8
      vertex 28.0694 44.774 12.8
      vertex 28.1856 44.6 12.8
    endloop
  endfacet
  facet normal 0 0 1
    outer loop
      vertex 27.6 45.1856 12.8
      vertex 28.425 46.6146 12.8
      vertex 28.0437 46.8026 12.8
    endloop
  endfacet
  facet normal 0 0 1
    outer loop
      vertex 29.0981 46.0981 12.8
      vertex 27.9314 44.9314 12.8
      vertex 28.0694 44.774 12.8
    endloop
  endfacet
  facet normal 0 0 1
    outer loop
      vertex 28.7785 46.3784 12.8
      vertex 27.774 45.0694 12.8
      vertex 27.9314 44.9314 12.8
    endloop
  endfacet
  facet normal 0 0 1
    outer loop
      vertex 27.4123 45.2782 12.8
      vertex 28.0437 46.8026 12.8
      vertex 27.6412 46.9393 12.8
    endloop
  endfacet
  facet normal 0 0 1
    outer loop
      vertex 28.425 46.6146 12.8
      vertex 27.6 45.1856 12.8
      vertex 27.774 45.0694 12.8
    endloop
  endfacet
  facet normal 0 0 1
    outer loop
      vertex 28.0437 46.8026 12.8
      vertex 27.4123 45.2782 12.8
      vertex 27.6 45.1856 12.8
    endloop
  endfacet
  facet normal 0 0 1
    outer loop
      vertex 27.2141 45.3455 12.8
      vertex 27.6412 46.9393 12.8
      vertex 27.2242 47.0222 12.8
    endloop
  endfacet
  facet normal 0 0 1
    outer loop
      vertex 27.6412 46.9393 12.8
      vertex 27.2141 45.3455 12.8
      vertex 27.4123 45.2782 12.8
    endloop
  endfacet
  facet normal 0 0 1
    outer loop
      vertex 27.2242 47.0222 12.8
      vertex 27.0088 45.3863 12.8
      vertex 27.2141 45.3455 12.8
    endloop
  endfacet
  facet normal 0 0 1
    outer loop
      vertex 26.8 47.05 12.8
      vertex 27.0088 45.3863 12.8
      vertex 27.2242 47.0222 12.8
    endloop
  endfacet
  facet normal 0 0 1
    outer loop
      vertex 26.8 47.05 12.8
      vertex 26.8 45.4 12.8
      vertex 27.0088 45.3863 12.8
    endloop
  endfacet
  facet normal 0 0 1
    outer loop
      vertex 26.8 47.05 12.8
      vertex 26.5912 45.3863 12.8
      vertex 26.8 45.4 12.8
    endloop
  endfacet
  facet normal -0 0 1
    outer loop
      vertex 26.3758 47.0222 12.8
      vertex 26.5912 45.3863 12.8
      vertex 26.8 47.05 12.8
    endloop
  endfacet
  facet normal 0 0 1
    outer loop
      vertex 26.5912 45.3863 12.8
      vertex 26.3758 47.0222 12.8
      vertex 26.3859 45.3455 12.8
    endloop
  endfacet
  facet normal -0 0 1
    outer loop
      vertex 25.9588 46.9393 12.8
      vertex 26.3859 45.3455 12.8
      vertex 26.3758 47.0222 12.8
    endloop
  endfacet
  facet normal 0 0 1
    outer loop
      vertex 26.3859 45.3455 12.8
      vertex 25.9588 46.9393 12.8
      vertex 26.1877 45.2782 12.8
    endloop
  endfacet
  facet normal -0 0 1
    outer loop
      vertex 25.5563 46.8026 12.8
      vertex 26.1877 45.2782 12.8
      vertex 25.9588 46.9393 12.8
    endloop
  endfacet
  facet normal 0 0 1
    outer loop
      vertex 26.1877 45.2782 12.8
      vertex 25.5563 46.8026 12.8
      vertex 26 45.1856 12.8
    endloop
  endfacet
  facet normal -0 0 1
    outer loop
      vertex 25.175 46.6146 12.8
      vertex 26 45.1856 12.8
      vertex 25.5563 46.8026 12.8
    endloop
  endfacet
  facet normal 0 0 1
    outer loop
      vertex 26 45.1856 12.8
      vertex 25.175 46.6146 12.8
      vertex 25.826 45.0694 12.8
    endloop
  endfacet
  facet normal -0 0 1
    outer loop
      vertex 24.8215 46.3784 12.8
      vertex 25.826 45.0694 12.8
      vertex 25.175 46.6146 12.8
    endloop
  endfacet
  facet normal 0 0 1
    outer loop
      vertex 25.826 45.0694 12.8
      vertex 24.8215 46.3784 12.8
      vertex 25.6686 44.9314 12.8
    endloop
  endfacet
  facet normal -0 0 1
    outer loop
      vertex 24.5019 46.0981 12.8
      vertex 25.6686 44.9314 12.8
      vertex 24.8215 46.3784 12.8
    endloop
  endfacet
  facet normal 0 0 1
    outer loop
      vertex 25.6686 44.9314 12.8
      vertex 24.5019 46.0981 12.8
      vertex 25.5306 44.774 12.8
    endloop
  endfacet
  facet normal -0 0 1
    outer loop
      vertex 24.2216 45.7785 12.8
      vertex 25.5306 44.774 12.8
      vertex 24.5019 46.0981 12.8
    endloop
  endfacet
  facet normal -0 0 1
    outer loop
      vertex 23.9854 45.425 12.8
      vertex 25.4144 44.6 12.8
      vertex 24.2216 45.7785 12.8
    endloop
  endfacet
  facet normal 0 0 1
    outer loop
      vertex 25.5306 44.774 12.8
      vertex 24.2216 45.7785 12.8
      vertex 25.4144 44.6 12.8
    endloop
  endfacet
  facet normal 0 0 1
    outer loop
      vertex 29.6146 42.175 12.8
      vertex 28.1856 43 12.8
      vertex 29.3784 41.8215 12.8
    endloop
  endfacet
  facet normal -0 0 1
    outer loop
      vertex 28.0694 42.826 12.8
      vertex 29.3784 41.8215 12.8
      vertex 28.1856 43 12.8
    endloop
  endfacet
  facet normal 0 0 1
    outer loop
      vertex 29.3784 41.8215 12.8
      vertex 28.0694 42.826 12.8
      vertex 29.0981 41.5019 12.8
    endloop
  endfacet
  facet normal -0 0 1
    outer loop
      vertex 27.9314 42.6686 12.8
      vertex 29.0981 41.5019 12.8
      vertex 28.0694 42.826 12.8
    endloop
  endfacet
  facet normal 0 0 1
    outer loop
      vertex 29.0981 41.5019 12.8
      vertex 27.9314 42.6686 12.8
      vertex 28.7785 41.2216 12.8
    endloop
  endfacet
  facet normal -0 0 1
    outer loop
      vertex 27.774 42.5306 12.8
      vertex 28.7785 41.2216 12.8
      vertex 27.9314 42.6686 12.8
    endloop
  endfacet
  facet normal 0 0 1
    outer loop
      vertex 28.7785 41.2216 12.8
      vertex 27.774 42.5306 12.8
      vertex 28.425 40.9854 12.8
    endloop
  endfacet
  facet normal -0 0 1
    outer loop
      vertex 27.6 42.4144 12.8
      vertex 28.425 40.9854 12.8
      vertex 27.774 42.5306 12.8
    endloop
  endfacet
  facet normal 0 0 1
    outer loop
      vertex 28.425 40.9854 12.8
      vertex 27.6 42.4144 12.8
      vertex 28.0437 40.7974 12.8
    endloop
  endfacet
  facet normal -0 0 1
    outer loop
      vertex 27.4123 42.3218 12.8
      vertex 28.0437 40.7974 12.8
      vertex 27.6 42.4144 12.8
    endloop
  endfacet
  facet normal 0 0 1
    outer loop
      vertex 28.0437 40.7974 12.8
      vertex 27.4123 42.3218 12.8
      vertex 27.6412 40.6607 12.8
    endloop
  endfacet
  facet normal -0 0 1
    outer loop
      vertex 27.2141 42.2545 12.8
      vertex 27.6412 40.6607 12.8
      vertex 27.4123 42.3218 12.8
    endloop
  endfacet
  facet normal 0 0 1
    outer loop
      vertex 27.6412 40.6607 12.8
      vertex 27.2141 42.2545 12.8
      vertex 27.2242 40.5778 12.8
    endloop
  endfacet
  facet normal -0 0 1
    outer loop
      vertex 27.0088 42.2137 12.8
      vertex 27.2242 40.5778 12.8
      vertex 27.2141 42.2545 12.8
    endloop
  endfacet
  facet normal -0 0 1
    outer loop
      vertex 26.8 42.2 12.8
      vertex 27.2242 40.5778 12.8
      vertex 27.0088 42.2137 12.8
    endloop
  endfacet
  facet normal 0 0 1
    outer loop
      vertex 26.8 42.2 12.8
      vertex 26.8 40.55 12.8
      vertex 27.2242 40.5778 12.8
    endloop
  endfacet
  facet normal 0 0 1
    outer loop
      vertex 26.5912 42.2137 12.8
      vertex 26.8 40.55 12.8
      vertex 26.8 42.2 12.8
    endloop
  endfacet
  facet normal 0 0 1
    outer loop
      vertex 26.3758 40.5778 12.8
      vertex 26.5912 42.2137 12.8
      vertex 26.3859 42.2545 12.8
    endloop
  endfacet
  facet normal 0 0 1
    outer loop
      vertex 26.5912 42.2137 12.8
      vertex 26.3758 40.5778 12.8
      vertex 26.8 40.55 12.8
    endloop
  endfacet
  facet normal 0 0 1
    outer loop
      vertex 25.9588 40.6607 12.8
      vertex 26.3859 42.2545 12.8
      vertex 26.1877 42.3218 12.8
    endloop
  endfacet
  facet normal 0 0 1
    outer loop
      vertex 25.5563 40.7974 12.8
      vertex 26.1877 42.3218 12.8
      vertex 26 42.4144 12.8
    endloop
  endfacet
  facet normal 0 0 1
    outer loop
      vertex 26.3859 42.2545 12.8
      vertex 25.9588 40.6607 12.8
      vertex 26.3758 40.5778 12.8
    endloop
  endfacet
  facet normal 0 0 1
    outer loop
      vertex 25.175 40.9854 12.8
      vertex 26 42.4144 12.8
      vertex 25.826 42.5306 12.8
    endloop
  endfacet
  facet normal 0 0 1
    outer loop
      vertex 24.8215 41.2216 12.8
      vertex 25.826 42.5306 12.8
      vertex 25.6686 42.6686 12.8
    endloop
  endfacet
  facet normal 0 0 1
    outer loop
      vertex 26.1877 42.3218 12.8
      vertex 25.5563 40.7974 12.8
      vertex 25.9588 40.6607 12.8
    endloop
  endfacet
  facet normal 0 0 1
    outer loop
      vertex 24.5019 41.5019 12.8
      vertex 25.6686 42.6686 12.8
      vertex 25.5306 42.826 12.8
    endloop
  endfacet
  facet normal 0 0 1
    outer loop
      vertex 24.2216 41.8215 12.8
      vertex 25.5306 42.826 12.8
      vertex 25.4144 43 12.8
    endloop
  endfacet
  facet normal 0 0 1
    outer loop
      vertex 23.9854 42.175 12.8
      vertex 25.4144 43 12.8
      vertex 25.3218 43.1877 12.8
    endloop
  endfacet
  facet normal 0 0 1
    outer loop
      vertex 23.7974 42.5563 12.8
      vertex 25.3218 43.1877 12.8
      vertex 25.2545 43.3859 12.8
    endloop
  endfacet
  facet normal 0 0 1
    outer loop
      vertex 23.6607 42.9588 12.8
      vertex 25.2545 43.3859 12.8
      vertex 25.2137 43.5912 12.8
    endloop
  endfacet
  facet normal 0 0 1
    outer loop
      vertex 26 42.4144 12.8
      vertex 25.175 40.9854 12.8
      vertex 25.5563 40.7974 12.8
    endloop
  endfacet
  facet normal 0 0 1
    outer loop
      vertex 23.5778 43.3758 12.8
      vertex 25.2137 43.5912 12.8
      vertex 25.2 43.8 12.8
    endloop
  endfacet
  facet normal 0 0 1
    outer loop
      vertex 25.4144 44.6 12.8
      vertex 23.9854 45.425 12.8
      vertex 25.3218 44.4123 12.8
    endloop
  endfacet
  facet normal -0 0 1
    outer loop
      vertex 23.7974 45.0437 12.8
      vertex 25.3218 44.4123 12.8
      vertex 23.9854 45.425 12.8
    endloop
  endfacet
  facet normal 0 0 1
    outer loop
      vertex 25.826 42.5306 12.8
      vertex 24.8215 41.2216 12.8
      vertex 25.175 40.9854 12.8
    endloop
  endfacet
  facet normal 0 0 1
    outer loop
      vertex 25.3218 44.4123 12.8
      vertex 23.7974 45.0437 12.8
      vertex 25.2545 44.2141 12.8
    endloop
  endfacet
  facet normal 0 0 1
    outer loop
      vertex 25.6686 42.6686 12.8
      vertex 24.5019 41.5019 12.8
      vertex 24.8215 41.2216 12.8
    endloop
  endfacet
  facet normal -0 0 1
    outer loop
      vertex 23.6607 44.6412 12.8
      vertex 25.2545 44.2141 12.8
      vertex 23.7974 45.0437 12.8
    endloop
  endfacet
  facet normal 0 0 1
    outer loop
      vertex 25.5306 42.826 12.8
      vertex 24.2216 41.8215 12.8
      vertex 24.5019 41.5019 12.8
    endloop
  endfacet
  facet normal 0 0 1
    outer loop
      vertex 25.2545 44.2141 12.8
      vertex 23.6607 44.6412 12.8
      vertex 25.2137 44.0088 12.8
    endloop
  endfacet
  facet normal 0 0 1
    outer loop
      vertex 25.4144 43 12.8
      vertex 23.9854 42.175 12.8
      vertex 24.2216 41.8215 12.8
    endloop
  endfacet
  facet normal -0 0 1
    outer loop
      vertex 23.5778 44.2242 12.8
      vertex 25.2137 44.0088 12.8
      vertex 23.6607 44.6412 12.8
    endloop
  endfacet
  facet normal 0 0 1
    outer loop
      vertex 25.3218 43.1877 12.8
      vertex 23.7974 42.5563 12.8
      vertex 23.9854 42.175 12.8
    endloop
  endfacet
  facet normal 0 0 1
    outer loop
      vertex 25.2137 44.0088 12.8
      vertex 23.5778 44.2242 12.8
      vertex 25.2 43.8 12.8
    endloop
  endfacet
  facet normal 0 0 1
    outer loop
      vertex 25.2545 43.3859 12.8
      vertex 23.6607 42.9588 12.8
      vertex 23.7974 42.5563 12.8
    endloop
  endfacet
  facet normal 0 0 1
    outer loop
      vertex 23.55 43.8 12.8
      vertex 25.2 43.8 12.8
      vertex 23.5778 44.2242 12.8
    endloop
  endfacet
  facet normal 0 0 1
    outer loop
      vertex 25.2137 43.5912 12.8
      vertex 23.5778 43.3758 12.8
      vertex 23.6607 42.9588 12.8
    endloop
  endfacet
  facet normal 0 0 1
    outer loop
      vertex 25.2 43.8 12.8
      vertex 23.55 43.8 12.8
      vertex 23.5778 43.3758 12.8
    endloop
  endfacet
  facet normal -0.0653948 0.997859 0
    outer loop
      vertex 26.8 47.05 2.8
      vertex 26.3758 47.0222 12.8
      vertex 26.8 47.05 12.8
    endloop
  endfacet
  facet normal -0.0653948 0.997859 0
    outer loop
      vertex 26.3758 47.0222 12.8
      vertex 26.8 47.05 2.8
      vertex 26.3758 47.0222 2.8
    endloop
  endfacet
  facet normal 0.94688 -0.321586 0
    outer loop
      vertex 29.8026 42.5563 12.8
      vertex 29.9393 42.9588 2.8
      vertex 29.9393 42.9588 12.8
    endloop
  endfacet
  facet normal 0.94688 -0.321586 0
    outer loop
      vertex 29.9393 42.9588 2.8
      vertex 29.8026 42.5563 12.8
      vertex 29.8026 42.5563 2.8
    endloop
  endfacet
  facet normal 0.0653948 -0.997859 0
    outer loop
      vertex 26.8 40.55 2.8
      vertex 27.2242 40.5778 12.8
      vertex 26.8 40.55 12.8
    endloop
  endfacet
  facet normal 0.0653948 -0.997859 0
    outer loop
      vertex 27.2242 40.5778 12.8
      vertex 26.8 40.55 2.8
      vertex 27.2242 40.5778 2.8
    endloop
  endfacet
  facet normal -0.65937 -0.751818 0
    outer loop
      vertex 24.5019 41.5019 2.8
      vertex 24.8215 41.2216 12.8
      vertex 24.5019 41.5019 12.8
    endloop
  endfacet
  facet normal -0.65937 -0.751818 -0
    outer loop
      vertex 24.8215 41.2216 12.8
      vertex 24.5019 41.5019 2.8
      vertex 24.8215 41.2216 2.8
    endloop
  endfacet
  facet normal -0.997859 -0.0653948 0
    outer loop
      vertex 23.5778 43.3758 2.8
      vertex 23.55 43.8 12.8
      vertex 23.55 43.8 2.8
    endloop
  endfacet
  facet normal -0.997859 -0.0653948 0
    outer loop
      vertex 23.55 43.8 12.8
      vertex 23.5778 43.3758 2.8
      vertex 23.5778 43.3758 12.8
    endloop
  endfacet
  facet normal 0.94688 0.321586 0
    outer loop
      vertex 29.9393 44.6412 12.8
      vertex 29.8026 45.0437 2.8
      vertex 29.8026 45.0437 12.8
    endloop
  endfacet
  facet normal 0.94688 0.321586 0
    outer loop
      vertex 29.8026 45.0437 2.8
      vertex 29.9393 44.6412 12.8
      vertex 29.9393 44.6412 2.8
    endloop
  endfacet
  facet normal 0.980806 0.194985 0
    outer loop
      vertex 30.0222 44.2242 12.8
      vertex 29.9393 44.6412 2.8
      vertex 29.9393 44.6412 12.8
    endloop
  endfacet
  facet normal 0.980806 0.194985 0
    outer loop
      vertex 29.9393 44.6412 2.8
      vertex 30.0222 44.2242 12.8
      vertex 30.0222 44.2242 2.8
    endloop
  endfacet
  facet normal 0.751818 0.65937 0
    outer loop
      vertex 29.3784 45.7785 12.8
      vertex 29.0981 46.0981 2.8
      vertex 29.0981 46.0981 12.8
    endloop
  endfacet
  facet normal 0.751818 0.65937 0
    outer loop
      vertex 29.0981 46.0981 2.8
      vertex 29.3784 45.7785 12.8
      vertex 29.3784 45.7785 2.8
    endloop
  endfacet
  facet normal 0.321586 0.94688 -0
    outer loop
      vertex 28.0437 46.8026 2.8
      vertex 27.6412 46.9393 12.8
      vertex 28.0437 46.8026 12.8
    endloop
  endfacet
  facet normal 0.321586 0.94688 0
    outer loop
      vertex 27.6412 46.9393 12.8
      vertex 28.0437 46.8026 2.8
      vertex 27.6412 46.9393 2.8
    endloop
  endfacet
  facet normal 0.194985 0.980806 -0
    outer loop
      vertex 27.6412 46.9393 2.8
      vertex 27.2242 47.0222 12.8
      vertex 27.6412 46.9393 12.8
    endloop
  endfacet
  facet normal 0.194985 0.980806 0
    outer loop
      vertex 27.2242 47.0222 12.8
      vertex 27.6412 46.9393 2.8
      vertex 27.2242 47.0222 2.8
    endloop
  endfacet
  facet normal -0.831471 0.555568 0
    outer loop
      vertex 23.9854 45.425 2.8
      vertex 24.2216 45.7785 12.8
      vertex 24.2216 45.7785 2.8
    endloop
  endfacet
  facet normal -0.831471 0.555568 0
    outer loop
      vertex 24.2216 45.7785 12.8
      vertex 23.9854 45.425 2.8
      vertex 23.9854 45.425 12.8
    endloop
  endfacet
  facet normal -0.94688 0.321586 0
    outer loop
      vertex 23.6607 44.6412 2.8
      vertex 23.7974 45.0437 12.8
      vertex 23.7974 45.0437 2.8
    endloop
  endfacet
  facet normal -0.94688 0.321586 0
    outer loop
      vertex 23.7974 45.0437 12.8
      vertex 23.6607 44.6412 2.8
      vertex 23.6607 44.6412 12.8
    endloop
  endfacet
  facet normal -0.980806 0.194985 0
    outer loop
      vertex 23.5778 44.2242 2.8
      vertex 23.6607 44.6412 12.8
      vertex 23.6607 44.6412 2.8
    endloop
  endfacet
  facet normal -0.980806 0.194985 0
    outer loop
      vertex 23.6607 44.6412 12.8
      vertex 23.5778 44.2242 2.8
      vertex 23.5778 44.2242 12.8
    endloop
  endfacet
  facet normal -0.44222 0.896907 0
    outer loop
      vertex 25.5563 46.8026 2.8
      vertex 25.175 46.6146 12.8
      vertex 25.5563 46.8026 12.8
    endloop
  endfacet
  facet normal -0.44222 0.896907 0
    outer loop
      vertex 25.175 46.6146 12.8
      vertex 25.5563 46.8026 2.8
      vertex 25.175 46.6146 2.8
    endloop
  endfacet
  facet normal -0.555568 0.831471 0
    outer loop
      vertex 25.175 46.6146 2.8
      vertex 24.8215 46.3784 12.8
      vertex 25.175 46.6146 12.8
    endloop
  endfacet
  facet normal -0.555568 0.831471 0
    outer loop
      vertex 24.8215 46.3784 12.8
      vertex 25.175 46.6146 2.8
      vertex 24.8215 46.3784 2.8
    endloop
  endfacet
  facet normal -0.194985 0.980806 0
    outer loop
      vertex 26.3758 47.0222 2.8
      vertex 25.9588 46.9393 12.8
      vertex 26.3758 47.0222 12.8
    endloop
  endfacet
  facet normal -0.194985 0.980806 0
    outer loop
      vertex 25.9588 46.9393 12.8
      vertex 26.3758 47.0222 2.8
      vertex 25.9588 46.9393 2.8
    endloop
  endfacet
  facet normal 0.194985 -0.980806 0
    outer loop
      vertex 27.2242 40.5778 2.8
      vertex 27.6412 40.6607 12.8
      vertex 27.2242 40.5778 12.8
    endloop
  endfacet
  facet normal 0.194985 -0.980806 0
    outer loop
      vertex 27.6412 40.6607 12.8
      vertex 27.2242 40.5778 2.8
      vertex 27.6412 40.6607 2.8
    endloop
  endfacet
  facet normal 0.65937 -0.751818 0
    outer loop
      vertex 28.7785 41.2216 2.8
      vertex 29.0981 41.5019 12.8
      vertex 28.7785 41.2216 12.8
    endloop
  endfacet
  facet normal 0.65937 -0.751818 0
    outer loop
      vertex 29.0981 41.5019 12.8
      vertex 28.7785 41.2216 2.8
      vertex 29.0981 41.5019 2.8
    endloop
  endfacet
  facet normal 0.44222 -0.896907 0
    outer loop
      vertex 28.0437 40.7974 2.8
      vertex 28.425 40.9854 12.8
      vertex 28.0437 40.7974 12.8
    endloop
  endfacet
  facet normal 0.44222 -0.896907 0
    outer loop
      vertex 28.425 40.9854 12.8
      vertex 28.0437 40.7974 2.8
      vertex 28.425 40.9854 2.8
    endloop
  endfacet
  facet normal 0.831471 -0.555568 0
    outer loop
      vertex 29.3784 41.8215 12.8
      vertex 29.6146 42.175 2.8
      vertex 29.6146 42.175 12.8
    endloop
  endfacet
  facet normal 0.831471 -0.555568 0
    outer loop
      vertex 29.6146 42.175 2.8
      vertex 29.3784 41.8215 12.8
      vertex 29.3784 41.8215 2.8
    endloop
  endfacet
  facet normal -0.555568 -0.831471 0
    outer loop
      vertex 24.8215 41.2216 2.8
      vertex 25.175 40.9854 12.8
      vertex 24.8215 41.2216 12.8
    endloop
  endfacet
  facet normal -0.555568 -0.831471 -0
    outer loop
      vertex 25.175 40.9854 12.8
      vertex 24.8215 41.2216 2.8
      vertex 25.175 40.9854 2.8
    endloop
  endfacet
  facet normal -0.321586 -0.94688 0
    outer loop
      vertex 25.5563 40.7974 2.8
      vertex 25.9588 40.6607 12.8
      vertex 25.5563 40.7974 12.8
    endloop
  endfacet
  facet normal -0.321586 -0.94688 -0
    outer loop
      vertex 25.9588 40.6607 12.8
      vertex 25.5563 40.7974 2.8
      vertex 25.9588 40.6607 2.8
    endloop
  endfacet
  facet normal -0.0653948 -0.997859 0
    outer loop
      vertex 26.3758 40.5778 2.8
      vertex 26.8 40.55 12.8
      vertex 26.3758 40.5778 12.8
    endloop
  endfacet
  facet normal -0.0653948 -0.997859 -0
    outer loop
      vertex 26.8 40.55 12.8
      vertex 26.3758 40.5778 2.8
      vertex 26.8 40.55 2.8
    endloop
  endfacet
  facet normal -0.896907 -0.44222 0
    outer loop
      vertex 23.9854 42.175 2.8
      vertex 23.7974 42.5563 12.8
      vertex 23.7974 42.5563 2.8
    endloop
  endfacet
  facet normal -0.896907 -0.44222 0
    outer loop
      vertex 23.7974 42.5563 12.8
      vertex 23.9854 42.175 2.8
      vertex 23.9854 42.175 12.8
    endloop
  endfacet
  facet normal -0.751818 -0.65937 0
    outer loop
      vertex 24.5019 41.5019 2.8
      vertex 24.2216 41.8215 12.8
      vertex 24.2216 41.8215 2.8
    endloop
  endfacet
  facet normal -0.751818 -0.65937 0
    outer loop
      vertex 24.2216 41.8215 12.8
      vertex 24.5019 41.5019 2.8
      vertex 24.5019 41.5019 12.8
    endloop
  endfacet
  facet normal -0.980806 -0.194985 0
    outer loop
      vertex 23.6607 42.9588 2.8
      vertex 23.5778 43.3758 12.8
      vertex 23.5778 43.3758 2.8
    endloop
  endfacet
  facet normal -0.980806 -0.194985 0
    outer loop
      vertex 23.5778 43.3758 12.8
      vertex 23.6607 42.9588 2.8
      vertex 23.6607 42.9588 12.8
    endloop
  endfacet
  facet normal 0.321586 -0.94688 0
    outer loop
      vertex 27.6412 40.6607 2.8
      vertex 28.0437 40.7974 12.8
      vertex 27.6412 40.6607 12.8
    endloop
  endfacet
  facet normal 0.321586 -0.94688 0
    outer loop
      vertex 28.0437 40.7974 12.8
      vertex 27.6412 40.6607 2.8
      vertex 28.0437 40.7974 2.8
    endloop
  endfacet
  facet normal 0.751818 -0.65937 0
    outer loop
      vertex 29.0981 41.5019 12.8
      vertex 29.3784 41.8215 2.8
      vertex 29.3784 41.8215 12.8
    endloop
  endfacet
  facet normal 0.751818 -0.65937 0
    outer loop
      vertex 29.3784 41.8215 2.8
      vertex 29.0981 41.5019 12.8
      vertex 29.0981 41.5019 2.8
    endloop
  endfacet
  facet normal 0.555568 -0.831471 0
    outer loop
      vertex 28.425 40.9854 2.8
      vertex 28.7785 41.2216 12.8
      vertex 28.425 40.9854 12.8
    endloop
  endfacet
  facet normal 0.555568 -0.831471 0
    outer loop
      vertex 28.7785 41.2216 12.8
      vertex 28.425 40.9854 2.8
      vertex 28.7785 41.2216 2.8
    endloop
  endfacet
  facet normal 0.980806 -0.194985 0
    outer loop
      vertex 29.9393 42.9588 12.8
      vertex 30.0222 43.3758 2.8
      vertex 30.0222 43.3758 12.8
    endloop
  endfacet
  facet normal 0.980806 -0.194985 0
    outer loop
      vertex 30.0222 43.3758 2.8
      vertex 29.9393 42.9588 12.8
      vertex 29.9393 42.9588 2.8
    endloop
  endfacet
  facet normal 0.896907 -0.44222 0
    outer loop
      vertex 29.6146 42.175 12.8
      vertex 29.8026 42.5563 2.8
      vertex 29.8026 42.5563 12.8
    endloop
  endfacet
  facet normal 0.896907 -0.44222 0
    outer loop
      vertex 29.8026 42.5563 2.8
      vertex 29.6146 42.175 12.8
      vertex 29.6146 42.175 2.8
    endloop
  endfacet
  facet normal -0.44222 -0.896907 0
    outer loop
      vertex 25.175 40.9854 2.8
      vertex 25.5563 40.7974 12.8
      vertex 25.175 40.9854 12.8
    endloop
  endfacet
  facet normal -0.44222 -0.896907 -0
    outer loop
      vertex 25.5563 40.7974 12.8
      vertex 25.175 40.9854 2.8
      vertex 25.5563 40.7974 2.8
    endloop
  endfacet
  facet normal -0.194985 -0.980806 0
    outer loop
      vertex 25.9588 40.6607 2.8
      vertex 26.3758 40.5778 12.8
      vertex 25.9588 40.6607 12.8
    endloop
  endfacet
  facet normal -0.194985 -0.980806 -0
    outer loop
      vertex 26.3758 40.5778 12.8
      vertex 25.9588 40.6607 2.8
      vertex 26.3758 40.5778 2.8
    endloop
  endfacet
  facet normal -0.831471 -0.555568 0
    outer loop
      vertex 24.2216 41.8215 2.8
      vertex 23.9854 42.175 12.8
      vertex 23.9854 42.175 2.8
    endloop
  endfacet
  facet normal -0.831471 -0.555568 0
    outer loop
      vertex 23.9854 42.175 12.8
      vertex 24.2216 41.8215 2.8
      vertex 24.2216 41.8215 12.8
    endloop
  endfacet
  facet normal -0.94688 -0.321586 0
    outer loop
      vertex 23.7974 42.5563 2.8
      vertex 23.6607 42.9588 12.8
      vertex 23.6607 42.9588 2.8
    endloop
  endfacet
  facet normal -0.94688 -0.321586 0
    outer loop
      vertex 23.6607 42.9588 12.8
      vertex 23.7974 42.5563 2.8
      vertex 23.7974 42.5563 12.8
    endloop
  endfacet
  facet normal 0.997859 -0.0653948 0
    outer loop
      vertex 30.0222 43.3758 12.8
      vertex 30.05 43.8 2.8
      vertex 30.05 43.8 12.8
    endloop
  endfacet
  facet normal 0.997859 -0.0653948 0
    outer loop
      vertex 30.05 43.8 2.8
      vertex 30.0222 43.3758 12.8
      vertex 30.0222 43.3758 2.8
    endloop
  endfacet
  facet normal -0.896803 -0.442429 0
    outer loop
      vertex 28.2782 44.4123 2.8
      vertex 28.1856 44.6 12.8
      vertex 28.1856 44.6 2.8
    endloop
  endfacet
  facet normal -0.896803 -0.442429 0
    outer loop
      vertex 28.1856 44.6 12.8
      vertex 28.2782 44.4123 2.8
      vertex 28.2782 44.4123 12.8
    endloop
  endfacet
  facet normal -0.831609 -0.555362 0
    outer loop
      vertex 28.1856 44.6 2.8
      vertex 28.0694 44.774 12.8
      vertex 28.0694 44.774 2.8
    endloop
  endfacet
  facet normal -0.831609 -0.555362 0
    outer loop
      vertex 28.0694 44.774 12.8
      vertex 28.1856 44.6 2.8
      vertex 28.1856 44.6 12.8
    endloop
  endfacet
  facet normal -0.194922 -0.980819 0
    outer loop
      vertex 27.0088 45.3863 2.8
      vertex 27.2141 45.3455 12.8
      vertex 27.0088 45.3863 12.8
    endloop
  endfacet
  facet normal -0.194922 -0.980819 -0
    outer loop
      vertex 27.2141 45.3455 12.8
      vertex 27.0088 45.3863 2.8
      vertex 27.2141 45.3455 2.8
    endloop
  endfacet
  facet normal -0.321526 -0.946901 0
    outer loop
      vertex 27.2141 45.3455 2.8
      vertex 27.4123 45.2782 12.8
      vertex 27.2141 45.3455 12.8
    endloop
  endfacet
  facet normal -0.321526 -0.946901 -0
    outer loop
      vertex 27.4123 45.2782 12.8
      vertex 27.2141 45.3455 2.8
      vertex 27.4123 45.2782 2.8
    endloop
  endfacet
  facet normal 0.442429 -0.896803 0
    outer loop
      vertex 26 45.1856 2.8
      vertex 26.1877 45.2782 12.8
      vertex 26 45.1856 12.8
    endloop
  endfacet
  facet normal 0.442429 -0.896803 0
    outer loop
      vertex 26.1877 45.2782 12.8
      vertex 26 45.1856 2.8
      vertex 26.1877 45.2782 2.8
    endloop
  endfacet
  facet normal 0.946901 -0.321526 0
    outer loop
      vertex 25.2545 44.2141 12.8
      vertex 25.3218 44.4123 2.8
      vertex 25.3218 44.4123 12.8
    endloop
  endfacet
  facet normal 0.946901 -0.321526 0
    outer loop
      vertex 25.3218 44.4123 2.8
      vertex 25.2545 44.2141 12.8
      vertex 25.2545 44.2141 2.8
    endloop
  endfacet
  facet normal -0.980819 0.194922 0
    outer loop
      vertex 28.3455 43.3859 2.8
      vertex 28.3863 43.5912 12.8
      vertex 28.3863 43.5912 2.8
    endloop
  endfacet
  facet normal -0.980819 0.194922 0
    outer loop
      vertex 28.3863 43.5912 12.8
      vertex 28.3455 43.3859 2.8
      vertex 28.3455 43.3859 12.8
    endloop
  endfacet
  facet normal -0.442429 -0.896803 0
    outer loop
      vertex 27.4123 45.2782 2.8
      vertex 27.6 45.1856 12.8
      vertex 27.4123 45.2782 12.8
    endloop
  endfacet
  facet normal -0.442429 -0.896803 -0
    outer loop
      vertex 27.6 45.1856 12.8
      vertex 27.4123 45.2782 2.8
      vertex 27.6 45.1856 2.8
    endloop
  endfacet
  facet normal 0.997854 -0.0654722 0
    outer loop
      vertex 25.2 43.8 12.8
      vertex 25.2137 44.0088 2.8
      vertex 25.2137 44.0088 12.8
    endloop
  endfacet
  facet normal 0.997854 -0.0654722 0
    outer loop
      vertex 25.2137 44.0088 2.8
      vertex 25.2 43.8 12.8
      vertex 25.2 43.8 2.8
    endloop
  endfacet
  facet normal 0.831609 -0.555362 0
    outer loop
      vertex 25.4144 44.6 12.8
      vertex 25.5306 44.774 2.8
      vertex 25.5306 44.774 12.8
    endloop
  endfacet
  facet normal 0.831609 -0.555362 0
    outer loop
      vertex 25.5306 44.774 2.8
      vertex 25.4144 44.6 12.8
      vertex 25.4144 44.6 2.8
    endloop
  endfacet
  facet normal 0.555362 -0.831609 0
    outer loop
      vertex 25.826 45.0694 2.8
      vertex 26 45.1856 12.8
      vertex 25.826 45.0694 12.8
    endloop
  endfacet
  facet normal 0.555362 -0.831609 0
    outer loop
      vertex 26 45.1856 12.8
      vertex 25.826 45.0694 2.8
      vertex 26 45.1856 2.8
    endloop
  endfacet
  facet normal 0.321526 -0.946901 0
    outer loop
      vertex 26.1877 45.2782 2.8
      vertex 26.3859 45.3455 12.8
      vertex 26.1877 45.2782 12.8
    endloop
  endfacet
  facet normal 0.321526 -0.946901 0
    outer loop
      vertex 26.3859 45.3455 12.8
      vertex 26.1877 45.2782 2.8
      vertex 26.3859 45.3455 2.8
    endloop
  endfacet
  facet normal -0.997854 0.0654722 0
    outer loop
      vertex 28.3863 43.5912 2.8
      vertex 28.4 43.8 12.8
      vertex 28.4 43.8 2.8
    endloop
  endfacet
  facet normal -0.997854 0.0654722 0
    outer loop
      vertex 28.4 43.8 12.8
      vertex 28.3863 43.5912 2.8
      vertex 28.3863 43.5912 12.8
    endloop
  endfacet
  facet normal -0.946901 0.321526 0
    outer loop
      vertex 28.2782 43.1877 2.8
      vertex 28.3455 43.3859 12.8
      vertex 28.3455 43.3859 2.8
    endloop
  endfacet
  facet normal -0.946901 0.321526 0
    outer loop
      vertex 28.3455 43.3859 12.8
      vertex 28.2782 43.1877 2.8
      vertex 28.2782 43.1877 12.8
    endloop
  endfacet
  facet normal -0.555362 0.831609 0
    outer loop
      vertex 27.774 42.5306 2.8
      vertex 27.6 42.4144 12.8
      vertex 27.774 42.5306 12.8
    endloop
  endfacet
  facet normal -0.555362 0.831609 0
    outer loop
      vertex 27.6 42.4144 12.8
      vertex 27.774 42.5306 2.8
      vertex 27.6 42.4144 2.8
    endloop
  endfacet
  facet normal -0.946901 -0.321526 0
    outer loop
      vertex 28.3455 44.2141 2.8
      vertex 28.2782 44.4123 12.8
      vertex 28.2782 44.4123 2.8
    endloop
  endfacet
  facet normal -0.946901 -0.321526 0
    outer loop
      vertex 28.2782 44.4123 12.8
      vertex 28.3455 44.2141 2.8
      vertex 28.3455 44.2141 12.8
    endloop
  endfacet
  facet normal -0.659248 -0.751925 0
    outer loop
      vertex 27.774 45.0694 2.8
      vertex 27.9314 44.9314 12.8
      vertex 27.774 45.0694 12.8
    endloop
  endfacet
  facet normal -0.659248 -0.751925 -0
    outer loop
      vertex 27.9314 44.9314 12.8
      vertex 27.774 45.0694 2.8
      vertex 27.9314 44.9314 2.8
    endloop
  endfacet
  facet normal 0.0654722 -0.997854 0
    outer loop
      vertex 26.5912 45.3863 2.8
      vertex 26.8 45.4 12.8
      vertex 26.5912 45.3863 12.8
    endloop
  endfacet
  facet normal 0.0654722 -0.997854 0
    outer loop
      vertex 26.8 45.4 12.8
      vertex 26.5912 45.3863 2.8
      vertex 26.8 45.4 2.8
    endloop
  endfacet
  facet normal -0.555362 -0.831609 0
    outer loop
      vertex 27.6 45.1856 2.8
      vertex 27.774 45.0694 12.8
      vertex 27.6 45.1856 12.8
    endloop
  endfacet
  facet normal -0.555362 -0.831609 -0
    outer loop
      vertex 27.774 45.0694 12.8
      vertex 27.6 45.1856 2.8
      vertex 27.774 45.0694 2.8
    endloop
  endfacet
  facet normal 0.980819 -0.194922 0
    outer loop
      vertex 25.2137 44.0088 12.8
      vertex 25.2545 44.2141 2.8
      vertex 25.2545 44.2141 12.8
    endloop
  endfacet
  facet normal 0.980819 -0.194922 0
    outer loop
      vertex 25.2545 44.2141 2.8
      vertex 25.2137 44.0088 12.8
      vertex 25.2137 44.0088 2.8
    endloop
  endfacet
  facet normal 0.896803 -0.442429 0
    outer loop
      vertex 25.3218 44.4123 12.8
      vertex 25.4144 44.6 2.8
      vertex 25.4144 44.6 12.8
    endloop
  endfacet
  facet normal 0.896803 -0.442429 0
    outer loop
      vertex 25.4144 44.6 2.8
      vertex 25.3218 44.4123 12.8
      vertex 25.3218 44.4123 2.8
    endloop
  endfacet
  facet normal 0.194922 -0.980819 0
    outer loop
      vertex 26.3859 45.3455 2.8
      vertex 26.5912 45.3863 12.8
      vertex 26.3859 45.3455 12.8
    endloop
  endfacet
  facet normal 0.194922 -0.980819 0
    outer loop
      vertex 26.5912 45.3863 12.8
      vertex 26.3859 45.3455 2.8
      vertex 26.5912 45.3863 2.8
    endloop
  endfacet
  facet normal 0.659248 -0.751925 0
    outer loop
      vertex 25.6686 44.9314 2.8
      vertex 25.826 45.0694 12.8
      vertex 25.6686 44.9314 12.8
    endloop
  endfacet
  facet normal 0.659248 -0.751925 0
    outer loop
      vertex 25.826 45.0694 12.8
      vertex 25.6686 44.9314 2.8
      vertex 25.826 45.0694 2.8
    endloop
  endfacet
  facet normal 0.751925 -0.659248 0
    outer loop
      vertex 25.5306 44.774 12.8
      vertex 25.6686 44.9314 2.8
      vertex 25.6686 44.9314 12.8
    endloop
  endfacet
  facet normal 0.751925 -0.659248 0
    outer loop
      vertex 25.6686 44.9314 2.8
      vertex 25.5306 44.774 12.8
      vertex 25.5306 44.774 2.8
    endloop
  endfacet
  facet normal -0.997854 -0.0654722 0
    outer loop
      vertex 28.4 43.8 2.8
      vertex 28.3863 44.0088 12.8
      vertex 28.3863 44.0088 2.8
    endloop
  endfacet
  facet normal -0.997854 -0.0654722 0
    outer loop
      vertex 28.3863 44.0088 12.8
      vertex 28.4 43.8 2.8
      vertex 28.4 43.8 12.8
    endloop
  endfacet
  facet normal -0.831609 0.555362 0
    outer loop
      vertex 28.0694 42.826 2.8
      vertex 28.1856 43 12.8
      vertex 28.1856 43 2.8
    endloop
  endfacet
  facet normal -0.831609 0.555362 0
    outer loop
      vertex 28.1856 43 12.8
      vertex 28.0694 42.826 2.8
      vertex 28.0694 42.826 12.8
    endloop
  endfacet
  facet normal 0.997854 0.0654722 0
    outer loop
      vertex 25.2137 43.5912 12.8
      vertex 25.2 43.8 2.8
      vertex 25.2 43.8 12.8
    endloop
  endfacet
  facet normal 0.997854 0.0654722 0
    outer loop
      vertex 25.2 43.8 2.8
      vertex 25.2137 43.5912 12.8
      vertex 25.2137 43.5912 2.8
    endloop
  endfacet
  facet normal 0.896803 0.442429 0
    outer loop
      vertex 25.4144 43 12.8
      vertex 25.3218 43.1877 2.8
      vertex 25.3218 43.1877 12.8
    endloop
  endfacet
  facet normal 0.896803 0.442429 0
    outer loop
      vertex 25.3218 43.1877 2.8
      vertex 25.4144 43 12.8
      vertex 25.4144 43 2.8
    endloop
  endfacet
  facet normal -0.194922 0.980819 0
    outer loop
      vertex 27.2141 42.2545 2.8
      vertex 27.0088 42.2137 12.8
      vertex 27.2141 42.2545 12.8
    endloop
  endfacet
  facet normal -0.194922 0.980819 0
    outer loop
      vertex 27.0088 42.2137 12.8
      vertex 27.2141 42.2545 2.8
      vertex 27.0088 42.2137 2.8
    endloop
  endfacet
  facet normal -0.659248 0.751925 0
    outer loop
      vertex 27.9314 42.6686 2.8
      vertex 27.774 42.5306 12.8
      vertex 27.9314 42.6686 12.8
    endloop
  endfacet
  facet normal -0.659248 0.751925 0
    outer loop
      vertex 27.774 42.5306 12.8
      vertex 27.9314 42.6686 2.8
      vertex 27.774 42.5306 2.8
    endloop
  endfacet
  facet normal -0.980819 -0.194922 0
    outer loop
      vertex 28.3863 44.0088 2.8
      vertex 28.3455 44.2141 12.8
      vertex 28.3455 44.2141 2.8
    endloop
  endfacet
  facet normal -0.980819 -0.194922 0
    outer loop
      vertex 28.3455 44.2141 12.8
      vertex 28.3863 44.0088 2.8
      vertex 28.3863 44.0088 12.8
    endloop
  endfacet
  facet normal -0.751925 -0.659248 0
    outer loop
      vertex 28.0694 44.774 2.8
      vertex 27.9314 44.9314 12.8
      vertex 27.9314 44.9314 2.8
    endloop
  endfacet
  facet normal -0.751925 -0.659248 0
    outer loop
      vertex 27.9314 44.9314 12.8
      vertex 28.0694 44.774 2.8
      vertex 28.0694 44.774 12.8
    endloop
  endfacet
  facet normal -0.0654722 -0.997854 0
    outer loop
      vertex 26.8 45.4 2.8
      vertex 27.0088 45.3863 12.8
      vertex 26.8 45.4 12.8
    endloop
  endfacet
  facet normal -0.0654722 -0.997854 -0
    outer loop
      vertex 27.0088 45.3863 12.8
      vertex 26.8 45.4 2.8
      vertex 27.0088 45.3863 2.8
    endloop
  endfacet
  facet normal -0.896803 0.442429 0
    outer loop
      vertex 28.1856 43 2.8
      vertex 28.2782 43.1877 12.8
      vertex 28.2782 43.1877 2.8
    endloop
  endfacet
  facet normal -0.896803 0.442429 0
    outer loop
      vertex 28.2782 43.1877 12.8
      vertex 28.1856 43 2.8
      vertex 28.1856 43 12.8
    endloop
  endfacet
  facet normal 0.0654722 0.997854 -0
    outer loop
      vertex 26.8 42.2 2.8
      vertex 26.5912 42.2137 12.8
      vertex 26.8 42.2 12.8
    endloop
  endfacet
  facet normal 0.0654722 0.997854 0
    outer loop
      vertex 26.5912 42.2137 12.8
      vertex 26.8 42.2 2.8
      vertex 26.5912 42.2137 2.8
    endloop
  endfacet
  facet normal 0.946901 0.321526 0
    outer loop
      vertex 25.3218 43.1877 12.8
      vertex 25.2545 43.3859 2.8
      vertex 25.2545 43.3859 12.8
    endloop
  endfacet
  facet normal 0.946901 0.321526 0
    outer loop
      vertex 25.2545 43.3859 2.8
      vertex 25.3218 43.1877 12.8
      vertex 25.3218 43.1877 2.8
    endloop
  endfacet
  facet normal 0.980819 0.194922 0
    outer loop
      vertex 25.2545 43.3859 12.8
      vertex 25.2137 43.5912 2.8
      vertex 25.2137 43.5912 12.8
    endloop
  endfacet
  facet normal 0.980819 0.194922 0
    outer loop
      vertex 25.2137 43.5912 2.8
      vertex 25.2545 43.3859 12.8
      vertex 25.2545 43.3859 2.8
    endloop
  endfacet
  facet normal -0.442429 0.896803 0
    outer loop
      vertex 27.6 42.4144 2.8
      vertex 27.4123 42.3218 12.8
      vertex 27.6 42.4144 12.8
    endloop
  endfacet
  facet normal -0.442429 0.896803 0
    outer loop
      vertex 27.4123 42.3218 12.8
      vertex 27.6 42.4144 2.8
      vertex 27.4123 42.3218 2.8
    endloop
  endfacet
  facet normal -0.321526 0.946901 0
    outer loop
      vertex 27.4123 42.3218 2.8
      vertex 27.2141 42.2545 12.8
      vertex 27.4123 42.3218 12.8
    endloop
  endfacet
  facet normal -0.321526 0.946901 0
    outer loop
      vertex 27.2141 42.2545 12.8
      vertex 27.4123 42.3218 2.8
      vertex 27.2141 42.2545 2.8
    endloop
  endfacet
  facet normal -0.751925 0.659248 0
    outer loop
      vertex 27.9314 42.6686 2.8
      vertex 28.0694 42.826 12.8
      vertex 28.0694 42.826 2.8
    endloop
  endfacet
  facet normal -0.751925 0.659248 0
    outer loop
      vertex 28.0694 42.826 12.8
      vertex 27.9314 42.6686 2.8
      vertex 27.9314 42.6686 12.8
    endloop
  endfacet
  facet normal 0.321526 0.946901 -0
    outer loop
      vertex 26.3859 42.2545 2.8
      vertex 26.1877 42.3218 12.8
      vertex 26.3859 42.2545 12.8
    endloop
  endfacet
  facet normal 0.321526 0.946901 0
    outer loop
      vertex 26.1877 42.3218 12.8
      vertex 26.3859 42.2545 2.8
      vertex 26.1877 42.3218 2.8
    endloop
  endfacet
  facet normal -0.0654722 0.997854 0
    outer loop
      vertex 27.0088 42.2137 2.8
      vertex 26.8 42.2 12.8
      vertex 27.0088 42.2137 12.8
    endloop
  endfacet
  facet normal -0.0654722 0.997854 0
    outer loop
      vertex 26.8 42.2 12.8
      vertex 27.0088 42.2137 2.8
      vertex 26.8 42.2 2.8
    endloop
  endfacet
  facet normal 0.194922 0.980819 -0
    outer loop
      vertex 26.5912 42.2137 2.8
      vertex 26.3859 42.2545 12.8
      vertex 26.5912 42.2137 12.8
    endloop
  endfacet
  facet normal 0.194922 0.980819 0
    outer loop
      vertex 26.3859 42.2545 12.8
      vertex 26.5912 42.2137 2.8
      vertex 26.3859 42.2545 2.8
    endloop
  endfacet
  facet normal 0.751925 0.659248 0
    outer loop
      vertex 25.6686 42.6686 12.8
      vertex 25.5306 42.826 2.8
      vertex 25.5306 42.826 12.8
    endloop
  endfacet
  facet normal 0.751925 0.659248 0
    outer loop
      vertex 25.5306 42.826 2.8
      vertex 25.6686 42.6686 12.8
      vertex 25.6686 42.6686 2.8
    endloop
  endfacet
  facet normal 0.659248 0.751925 -0
    outer loop
      vertex 25.826 42.5306 2.8
      vertex 25.6686 42.6686 12.8
      vertex 25.826 42.5306 12.8
    endloop
  endfacet
  facet normal 0.659248 0.751925 0
    outer loop
      vertex 25.6686 42.6686 12.8
      vertex 25.826 42.5306 2.8
      vertex 25.6686 42.6686 2.8
    endloop
  endfacet
  facet normal 0.555362 0.831609 -0
    outer loop
      vertex 26 42.4144 2.8
      vertex 25.826 42.5306 12.8
      vertex 26 42.4144 12.8
    endloop
  endfacet
  facet normal 0.555362 0.831609 0
    outer loop
      vertex 25.826 42.5306 12.8
      vertex 26 42.4144 2.8
      vertex 25.826 42.5306 2.8
    endloop
  endfacet
  facet normal 0.831609 0.555362 0
    outer loop
      vertex 25.5306 42.826 12.8
      vertex 25.4144 43 2.8
      vertex 25.4144 43 12.8
    endloop
  endfacet
  facet normal 0.831609 0.555362 0
    outer loop
      vertex 25.4144 43 2.8
      vertex 25.5306 42.826 12.8
      vertex 25.5306 42.826 2.8
    endloop
  endfacet
  facet normal 0.442429 0.896803 -0
    outer loop
      vertex 26.1877 42.3218 2.8
      vertex 26 42.4144 12.8
      vertex 26.1877 42.3218 12.8
    endloop
  endfacet
  facet normal 0.442429 0.896803 0
    outer loop
      vertex 26 42.4144 12.8
      vertex 26.1877 42.3218 2.8
      vertex 26 42.4144 2.8
    endloop
  endfacet
  facet normal 0.997829 0.0658633 0
    outer loop
      vertex 132.05 43.8 12.8
      vertex 132.022 44.2242 2.8
      vertex 132.022 44.2242 12.8
    endloop
  endfacet
  facet normal 0.997829 0.0658633 0
    outer loop
      vertex 132.022 44.2242 2.8
      vertex 132.05 43.8 12.8
      vertex 132.05 43.8 2.8
    endloop
  endfacet
  facet normal -0.997829 0.0658633 0
    outer loop
      vertex 125.55 43.8 2.8
      vertex 125.578 44.2242 12.8
      vertex 125.578 44.2242 2.8
    endloop
  endfacet
  facet normal -0.997829 0.0658633 0
    outer loop
      vertex 125.578 44.2242 12.8
      vertex 125.55 43.8 2.8
      vertex 125.55 43.8 12.8
    endloop
  endfacet
  facet normal 0.0654256 0.997857 -0
    outer loop
      vertex 129.224 47.0222 2.8
      vertex 128.8 47.05 12.8
      vertex 129.224 47.0222 12.8
    endloop
  endfacet
  facet normal 0.0654256 0.997857 0
    outer loop
      vertex 128.8 47.05 12.8
      vertex 129.224 47.0222 2.8
      vertex 128.8 47.05 2.8
    endloop
  endfacet
  facet normal 0.658904 0.752227 -0
    outer loop
      vertex 131.098 46.0981 2.8
      vertex 130.778 46.3784 12.8
      vertex 131.098 46.0981 12.8
    endloop
  endfacet
  facet normal 0.658904 0.752227 0
    outer loop
      vertex 130.778 46.3784 12.8
      vertex 131.098 46.0981 2.8
      vertex 130.778 46.3784 2.8
    endloop
  endfacet
  facet normal -0.658904 0.752227 0
    outer loop
      vertex 126.822 46.3784 2.8
      vertex 126.502 46.0981 12.8
      vertex 126.822 46.3784 12.8
    endloop
  endfacet
  facet normal -0.658904 0.752227 0
    outer loop
      vertex 126.502 46.0981 12.8
      vertex 126.822 46.3784 2.8
      vertex 126.502 46.0981 2.8
    endloop
  endfacet
  facet normal -0.321229 0.947002 0
    outer loop
      vertex 127.959 46.9393 2.8
      vertex 127.556 46.8026 12.8
      vertex 127.959 46.9393 12.8
    endloop
  endfacet
  facet normal -0.321229 0.947002 0
    outer loop
      vertex 127.556 46.8026 12.8
      vertex 127.959 46.9393 2.8
      vertex 127.556 46.8026 2.8
    endloop
  endfacet
  facet normal 0 0 -1
    outer loop
      vertex 130.4 43.8 2.8
      vertex 132.05 43.8 2.8
      vertex 132.022 43.3758 2.8
    endloop
  endfacet
  facet normal 0 0 -1
    outer loop
      vertex 130.386 43.5912 2.8
      vertex 132.022 43.3758 2.8
      vertex 131.939 42.9588 2.8
    endloop
  endfacet
  facet normal 0 0 -1
    outer loop
      vertex 132.05 43.8 2.8
      vertex 130.4 43.8 2.8
      vertex 132.022 44.2242 2.8
    endloop
  endfacet
  facet normal 0 0 -1
    outer loop
      vertex 130.345 43.3859 2.8
      vertex 131.939 42.9588 2.8
      vertex 131.803 42.5563 2.8
    endloop
  endfacet
  facet normal 0 0 -1
    outer loop
      vertex 130.386 44.0088 2.8
      vertex 132.022 44.2242 2.8
      vertex 130.4 43.8 2.8
    endloop
  endfacet
  facet normal 0 0 -1
    outer loop
      vertex 130.278 43.1877 2.8
      vertex 131.803 42.5563 2.8
      vertex 131.615 42.175 2.8
    endloop
  endfacet
  facet normal -0 0 -1
    outer loop
      vertex 132.022 44.2242 2.8
      vertex 130.386 44.0088 2.8
      vertex 131.939 44.6412 2.8
    endloop
  endfacet
  facet normal 0 0 -1
    outer loop
      vertex 130.186 43 2.8
      vertex 131.615 42.175 2.8
      vertex 131.378 41.8215 2.8
    endloop
  endfacet
  facet normal 0 0 -1
    outer loop
      vertex 130.345 44.2141 2.8
      vertex 131.939 44.6412 2.8
      vertex 130.386 44.0088 2.8
    endloop
  endfacet
  facet normal 0 0 -1
    outer loop
      vertex 130.069 42.826 2.8
      vertex 131.378 41.8215 2.8
      vertex 131.098 41.5019 2.8
    endloop
  endfacet
  facet normal -0 0 -1
    outer loop
      vertex 131.939 44.6412 2.8
      vertex 130.345 44.2141 2.8
      vertex 131.803 45.0437 2.8
    endloop
  endfacet
  facet normal 0 0 -1
    outer loop
      vertex 129.931 42.6686 2.8
      vertex 131.098 41.5019 2.8
      vertex 130.778 41.2216 2.8
    endloop
  endfacet
  facet normal 0 0 -1
    outer loop
      vertex 130.278 44.4123 2.8
      vertex 131.803 45.0437 2.8
      vertex 130.345 44.2141 2.8
    endloop
  endfacet
  facet normal 0 0 -1
    outer loop
      vertex 129.774 42.5306 2.8
      vertex 130.778 41.2216 2.8
      vertex 130.425 40.9854 2.8
    endloop
  endfacet
  facet normal -0 0 -1
    outer loop
      vertex 131.803 45.0437 2.8
      vertex 130.278 44.4123 2.8
      vertex 131.615 45.425 2.8
    endloop
  endfacet
  facet normal 0 0 -1
    outer loop
      vertex 130.186 44.6 2.8
      vertex 131.615 45.425 2.8
      vertex 130.278 44.4123 2.8
    endloop
  endfacet
  facet normal 0 0 -1
    outer loop
      vertex 132.022 43.3758 2.8
      vertex 130.386 43.5912 2.8
      vertex 130.4 43.8 2.8
    endloop
  endfacet
  facet normal 0 0 -1
    outer loop
      vertex 131.939 42.9588 2.8
      vertex 130.345 43.3859 2.8
      vertex 130.386 43.5912 2.8
    endloop
  endfacet
  facet normal 0 0 -1
    outer loop
      vertex 131.803 42.5563 2.8
      vertex 130.278 43.1877 2.8
      vertex 130.345 43.3859 2.8
    endloop
  endfacet
  facet normal 0 0 -1
    outer loop
      vertex 131.615 42.175 2.8
      vertex 130.186 43 2.8
      vertex 130.278 43.1877 2.8
    endloop
  endfacet
  facet normal 0 0 -1
    outer loop
      vertex 131.378 41.8215 2.8
      vertex 130.069 42.826 2.8
      vertex 130.186 43 2.8
    endloop
  endfacet
  facet normal 0 0 -1
    outer loop
      vertex 129.6 42.4144 2.8
      vertex 130.425 40.9854 2.8
      vertex 130.044 40.7974 2.8
    endloop
  endfacet
  facet normal 0 0 -1
    outer loop
      vertex 131.098 41.5019 2.8
      vertex 129.931 42.6686 2.8
      vertex 130.069 42.826 2.8
    endloop
  endfacet
  facet normal 0 0 -1
    outer loop
      vertex 130.778 41.2216 2.8
      vertex 129.774 42.5306 2.8
      vertex 129.931 42.6686 2.8
    endloop
  endfacet
  facet normal 0 0 -1
    outer loop
      vertex 129.412 42.3218 2.8
      vertex 130.044 40.7974 2.8
      vertex 129.641 40.6607 2.8
    endloop
  endfacet
  facet normal 0 0 -1
    outer loop
      vertex 130.425 40.9854 2.8
      vertex 129.6 42.4144 2.8
      vertex 129.774 42.5306 2.8
    endloop
  endfacet
  facet normal 0 0 -1
    outer loop
      vertex 130.044 40.7974 2.8
      vertex 129.412 42.3218 2.8
      vertex 129.6 42.4144 2.8
    endloop
  endfacet
  facet normal 0 0 -1
    outer loop
      vertex 129.214 42.2545 2.8
      vertex 129.641 40.6607 2.8
      vertex 129.224 40.5778 2.8
    endloop
  endfacet
  facet normal 0 0 -1
    outer loop
      vertex 129.641 40.6607 2.8
      vertex 129.214 42.2545 2.8
      vertex 129.412 42.3218 2.8
    endloop
  endfacet
  facet normal 0 0 -1
    outer loop
      vertex 129.224 40.5778 2.8
      vertex 129.009 42.2137 2.8
      vertex 129.214 42.2545 2.8
    endloop
  endfacet
  facet normal 0 0 -1
    outer loop
      vertex 128.8 40.55 2.8
      vertex 129.009 42.2137 2.8
      vertex 129.224 40.5778 2.8
    endloop
  endfacet
  facet normal 0 0 -1
    outer loop
      vertex 128.8 40.55 2.8
      vertex 128.8 42.2 2.8
      vertex 129.009 42.2137 2.8
    endloop
  endfacet
  facet normal 0 0 -1
    outer loop
      vertex 128.8 40.55 2.8
      vertex 128.591 42.2137 2.8
      vertex 128.8 42.2 2.8
    endloop
  endfacet
  facet normal 0 0 -1
    outer loop
      vertex 128.376 40.5778 2.8
      vertex 128.591 42.2137 2.8
      vertex 128.8 40.55 2.8
    endloop
  endfacet
  facet normal -0 0 -1
    outer loop
      vertex 128.591 42.2137 2.8
      vertex 128.376 40.5778 2.8
      vertex 128.386 42.2545 2.8
    endloop
  endfacet
  facet normal 0 0 -1
    outer loop
      vertex 127.959 40.6607 2.8
      vertex 128.386 42.2545 2.8
      vertex 128.376 40.5778 2.8
    endloop
  endfacet
  facet normal -0 0 -1
    outer loop
      vertex 128.386 42.2545 2.8
      vertex 127.959 40.6607 2.8
      vertex 128.188 42.3218 2.8
    endloop
  endfacet
  facet normal 0 0 -1
    outer loop
      vertex 127.556 40.7974 2.8
      vertex 128.188 42.3218 2.8
      vertex 127.959 40.6607 2.8
    endloop
  endfacet
  facet normal -0 0 -1
    outer loop
      vertex 128.188 42.3218 2.8
      vertex 127.556 40.7974 2.8
      vertex 128 42.4144 2.8
    endloop
  endfacet
  facet normal 0 0 -1
    outer loop
      vertex 127.175 40.9854 2.8
      vertex 128 42.4144 2.8
      vertex 127.556 40.7974 2.8
    endloop
  endfacet
  facet normal -0 0 -1
    outer loop
      vertex 128 42.4144 2.8
      vertex 127.175 40.9854 2.8
      vertex 127.826 42.5306 2.8
    endloop
  endfacet
  facet normal 0 0 -1
    outer loop
      vertex 126.822 41.2216 2.8
      vertex 127.826 42.5306 2.8
      vertex 127.175 40.9854 2.8
    endloop
  endfacet
  facet normal -0 0 -1
    outer loop
      vertex 127.826 42.5306 2.8
      vertex 126.822 41.2216 2.8
      vertex 127.669 42.6686 2.8
    endloop
  endfacet
  facet normal 0 0 -1
    outer loop
      vertex 126.502 41.5019 2.8
      vertex 127.669 42.6686 2.8
      vertex 126.822 41.2216 2.8
    endloop
  endfacet
  facet normal -0 0 -1
    outer loop
      vertex 127.669 42.6686 2.8
      vertex 126.502 41.5019 2.8
      vertex 127.531 42.826 2.8
    endloop
  endfacet
  facet normal 0 0 -1
    outer loop
      vertex 126.222 41.8215 2.8
      vertex 127.531 42.826 2.8
      vertex 126.502 41.5019 2.8
    endloop
  endfacet
  facet normal 0 0 -1
    outer loop
      vertex 125.985 42.175 2.8
      vertex 127.414 43 2.8
      vertex 126.222 41.8215 2.8
    endloop
  endfacet
  facet normal -0 0 -1
    outer loop
      vertex 127.531 42.826 2.8
      vertex 126.222 41.8215 2.8
      vertex 127.414 43 2.8
    endloop
  endfacet
  facet normal -0 0 -1
    outer loop
      vertex 131.615 45.425 2.8
      vertex 130.186 44.6 2.8
      vertex 131.378 45.7785 2.8
    endloop
  endfacet
  facet normal 0 0 -1
    outer loop
      vertex 130.069 44.774 2.8
      vertex 131.378 45.7785 2.8
      vertex 130.186 44.6 2.8
    endloop
  endfacet
  facet normal -0 0 -1
    outer loop
      vertex 131.378 45.7785 2.8
      vertex 130.069 44.774 2.8
      vertex 131.098 46.0981 2.8
    endloop
  endfacet
  facet normal 0 0 -1
    outer loop
      vertex 129.931 44.9314 2.8
      vertex 131.098 46.0981 2.8
      vertex 130.069 44.774 2.8
    endloop
  endfacet
  facet normal -0 0 -1
    outer loop
      vertex 131.098 46.0981 2.8
      vertex 129.931 44.9314 2.8
      vertex 130.778 46.3784 2.8
    endloop
  endfacet
  facet normal 0 0 -1
    outer loop
      vertex 129.774 45.0694 2.8
      vertex 130.778 46.3784 2.8
      vertex 129.931 44.9314 2.8
    endloop
  endfacet
  facet normal -0 0 -1
    outer loop
      vertex 130.778 46.3784 2.8
      vertex 129.774 45.0694 2.8
      vertex 130.425 46.6146 2.8
    endloop
  endfacet
  facet normal 0 0 -1
    outer loop
      vertex 129.6 45.1856 2.8
      vertex 130.425 46.6146 2.8
      vertex 129.774 45.0694 2.8
    endloop
  endfacet
  facet normal -0 0 -1
    outer loop
      vertex 130.425 46.6146 2.8
      vertex 129.6 45.1856 2.8
      vertex 130.044 46.8026 2.8
    endloop
  endfacet
  facet normal 0 0 -1
    outer loop
      vertex 129.412 45.2782 2.8
      vertex 130.044 46.8026 2.8
      vertex 129.6 45.1856 2.8
    endloop
  endfacet
  facet normal -0 0 -1
    outer loop
      vertex 130.044 46.8026 2.8
      vertex 129.412 45.2782 2.8
      vertex 129.641 46.9393 2.8
    endloop
  endfacet
  facet normal 0 0 -1
    outer loop
      vertex 129.214 45.3455 2.8
      vertex 129.641 46.9393 2.8
      vertex 129.412 45.2782 2.8
    endloop
  endfacet
  facet normal -0 0 -1
    outer loop
      vertex 129.641 46.9393 2.8
      vertex 129.214 45.3455 2.8
      vertex 129.224 47.0222 2.8
    endloop
  endfacet
  facet normal 0 0 -1
    outer loop
      vertex 129.009 45.3863 2.8
      vertex 129.224 47.0222 2.8
      vertex 129.214 45.3455 2.8
    endloop
  endfacet
  facet normal 0 0 -1
    outer loop
      vertex 128.8 45.4 2.8
      vertex 129.224 47.0222 2.8
      vertex 129.009 45.3863 2.8
    endloop
  endfacet
  facet normal 0 0 -1
    outer loop
      vertex 128.8 45.4 2.8
      vertex 128.8 47.05 2.8
      vertex 129.224 47.0222 2.8
    endloop
  endfacet
  facet normal 0 0 -1
    outer loop
      vertex 128.591 45.3863 2.8
      vertex 128.8 47.05 2.8
      vertex 128.8 45.4 2.8
    endloop
  endfacet
  facet normal 0 0 -1
    outer loop
      vertex 128.376 47.0222 2.8
      vertex 128.591 45.3863 2.8
      vertex 128.386 45.3455 2.8
    endloop
  endfacet
  facet normal 0 0 -1
    outer loop
      vertex 128.591 45.3863 2.8
      vertex 128.376 47.0222 2.8
      vertex 128.8 47.05 2.8
    endloop
  endfacet
  facet normal 0 0 -1
    outer loop
      vertex 127.959 46.9393 2.8
      vertex 128.386 45.3455 2.8
      vertex 128.188 45.2782 2.8
    endloop
  endfacet
  facet normal 0 0 -1
    outer loop
      vertex 127.556 46.8026 2.8
      vertex 128.188 45.2782 2.8
      vertex 128 45.1856 2.8
    endloop
  endfacet
  facet normal 0 0 -1
    outer loop
      vertex 128.386 45.3455 2.8
      vertex 127.959 46.9393 2.8
      vertex 128.376 47.0222 2.8
    endloop
  endfacet
  facet normal 0 0 -1
    outer loop
      vertex 127.175 46.6146 2.8
      vertex 128 45.1856 2.8
      vertex 127.826 45.0694 2.8
    endloop
  endfacet
  facet normal 0 0 -1
    outer loop
      vertex 126.822 46.3784 2.8
      vertex 127.826 45.0694 2.8
      vertex 127.669 44.9314 2.8
    endloop
  endfacet
  facet normal 0 0 -1
    outer loop
      vertex 128.188 45.2782 2.8
      vertex 127.556 46.8026 2.8
      vertex 127.959 46.9393 2.8
    endloop
  endfacet
  facet normal 0 0 -1
    outer loop
      vertex 126.502 46.0981 2.8
      vertex 127.669 44.9314 2.8
      vertex 127.531 44.774 2.8
    endloop
  endfacet
  facet normal 0 0 -1
    outer loop
      vertex 126.222 45.7785 2.8
      vertex 127.531 44.774 2.8
      vertex 127.414 44.6 2.8
    endloop
  endfacet
  facet normal 0 0 -1
    outer loop
      vertex 125.985 45.425 2.8
      vertex 127.414 44.6 2.8
      vertex 127.322 44.4123 2.8
    endloop
  endfacet
  facet normal 0 0 -1
    outer loop
      vertex 125.797 45.0437 2.8
      vertex 127.322 44.4123 2.8
      vertex 127.255 44.2141 2.8
    endloop
  endfacet
  facet normal 0 0 -1
    outer loop
      vertex 125.661 44.6412 2.8
      vertex 127.255 44.2141 2.8
      vertex 127.214 44.0088 2.8
    endloop
  endfacet
  facet normal 0 0 -1
    outer loop
      vertex 128 45.1856 2.8
      vertex 127.175 46.6146 2.8
      vertex 127.556 46.8026 2.8
    endloop
  endfacet
  facet normal 0 0 -1
    outer loop
      vertex 125.578 44.2242 2.8
      vertex 127.214 44.0088 2.8
      vertex 127.2 43.8 2.8
    endloop
  endfacet
  facet normal -0 0 -1
    outer loop
      vertex 127.414 43 2.8
      vertex 125.985 42.175 2.8
      vertex 127.322 43.1877 2.8
    endloop
  endfacet
  facet normal 0 0 -1
    outer loop
      vertex 125.797 42.5563 2.8
      vertex 127.322 43.1877 2.8
      vertex 125.985 42.175 2.8
    endloop
  endfacet
  facet normal 0 0 -1
    outer loop
      vertex 127.826 45.0694 2.8
      vertex 126.822 46.3784 2.8
      vertex 127.175 46.6146 2.8
    endloop
  endfacet
  facet normal -0 0 -1
    outer loop
      vertex 127.322 43.1877 2.8
      vertex 125.797 42.5563 2.8
      vertex 127.255 43.3859 2.8
    endloop
  endfacet
  facet normal 0 0 -1
    outer loop
      vertex 127.669 44.9314 2.8
      vertex 126.502 46.0981 2.8
      vertex 126.822 46.3784 2.8
    endloop
  endfacet
  facet normal 0 0 -1
    outer loop
      vertex 125.661 42.9588 2.8
      vertex 127.255 43.3859 2.8
      vertex 125.797 42.5563 2.8
    endloop
  endfacet
  facet normal 0 0 -1
    outer loop
      vertex 127.531 44.774 2.8
      vertex 126.222 45.7785 2.8
      vertex 126.502 46.0981 2.8
    endloop
  endfacet
  facet normal -0 0 -1
    outer loop
      vertex 127.255 43.3859 2.8
      vertex 125.661 42.9588 2.8
      vertex 127.214 43.5912 2.8
    endloop
  endfacet
  facet normal 0 0 -1
    outer loop
      vertex 127.414 44.6 2.8
      vertex 125.985 45.425 2.8
      vertex 126.222 45.7785 2.8
    endloop
  endfacet
  facet normal 0 0 -1
    outer loop
      vertex 125.578 43.3758 2.8
      vertex 127.214 43.5912 2.8
      vertex 125.661 42.9588 2.8
    endloop
  endfacet
  facet normal 0 0 -1
    outer loop
      vertex 127.322 44.4123 2.8
      vertex 125.797 45.0437 2.8
      vertex 125.985 45.425 2.8
    endloop
  endfacet
  facet normal -0 0 -1
    outer loop
      vertex 127.214 43.5912 2.8
      vertex 125.578 43.3758 2.8
      vertex 127.2 43.8 2.8
    endloop
  endfacet
  facet normal 0 0 -1
    outer loop
      vertex 127.255 44.2141 2.8
      vertex 125.661 44.6412 2.8
      vertex 125.797 45.0437 2.8
    endloop
  endfacet
  facet normal 0 0 -1
    outer loop
      vertex 125.55 43.8 2.8
      vertex 127.2 43.8 2.8
      vertex 125.578 43.3758 2.8
    endloop
  endfacet
  facet normal 0 0 -1
    outer loop
      vertex 127.214 44.0088 2.8
      vertex 125.578 44.2242 2.8
      vertex 125.661 44.6412 2.8
    endloop
  endfacet
  facet normal 0 0 -1
    outer loop
      vertex 127.2 43.8 2.8
      vertex 125.55 43.8 2.8
      vertex 125.578 44.2242 2.8
    endloop
  endfacet
  facet normal 0.896907 0.44222 0
    outer loop
      vertex 131.803 45.0437 12.8
      vertex 131.615 45.425 2.8
      vertex 131.615 45.425 12.8
    endloop
  endfacet
  facet normal 0.896907 0.44222 0
    outer loop
      vertex 131.615 45.425 2.8
      vertex 131.803 45.0437 12.8
      vertex 131.803 45.0437 2.8
    endloop
  endfacet
  facet normal 0.830602 0.556867 0
    outer loop
      vertex 131.615 45.425 12.8
      vertex 131.378 45.7785 2.8
      vertex 131.378 45.7785 12.8
    endloop
  endfacet
  facet normal 0.830602 0.556867 0
    outer loop
      vertex 131.378 45.7785 2.8
      vertex 131.615 45.425 12.8
      vertex 131.615 45.425 2.8
    endloop
  endfacet
  facet normal 0.4425 0.896769 -0
    outer loop
      vertex 130.425 46.6146 2.8
      vertex 130.044 46.8026 12.8
      vertex 130.425 46.6146 12.8
    endloop
  endfacet
  facet normal 0.4425 0.896769 0
    outer loop
      vertex 130.044 46.8026 12.8
      vertex 130.425 46.6146 2.8
      vertex 130.044 46.8026 2.8
    endloop
  endfacet
  facet normal 0.556112 0.831107 -0
    outer loop
      vertex 130.778 46.3784 2.8
      vertex 130.425 46.6146 12.8
      vertex 130.778 46.3784 12.8
    endloop
  endfacet
  facet normal 0.556112 0.831107 0
    outer loop
      vertex 130.425 46.6146 12.8
      vertex 130.778 46.3784 2.8
      vertex 130.425 46.6146 2.8
    endloop
  endfacet
  facet normal -0.896907 0.44222 0
    outer loop
      vertex 125.797 45.0437 2.8
      vertex 125.985 45.425 12.8
      vertex 125.985 45.425 2.8
    endloop
  endfacet
  facet normal -0.896907 0.44222 0
    outer loop
      vertex 125.985 45.425 12.8
      vertex 125.797 45.0437 2.8
      vertex 125.797 45.0437 12.8
    endloop
  endfacet
  facet normal -0.752168 0.658971 0
    outer loop
      vertex 126.222 45.7785 2.8
      vertex 126.502 46.0981 12.8
      vertex 126.502 46.0981 2.8
    endloop
  endfacet
  facet normal -0.752168 0.658971 0
    outer loop
      vertex 126.502 46.0981 12.8
      vertex 126.222 45.7785 2.8
      vertex 126.222 45.7785 12.8
    endloop
  endfacet
  facet normal 0 0 1
    outer loop
      vertex 130.4 43.8 12.8
      vertex 132.05 43.8 12.8
      vertex 132.022 44.2242 12.8
    endloop
  endfacet
  facet normal 0 0 1
    outer loop
      vertex 130.386 44.0088 12.8
      vertex 132.022 44.2242 12.8
      vertex 131.939 44.6412 12.8
    endloop
  endfacet
  facet normal 0 0 1
    outer loop
      vertex 132.05 43.8 12.8
      vertex 130.4 43.8 12.8
      vertex 132.022 43.3758 12.8
    endloop
  endfacet
  facet normal 0 0 1
    outer loop
      vertex 130.345 44.2141 12.8
      vertex 131.939 44.6412 12.8
      vertex 131.803 45.0437 12.8
    endloop
  endfacet
  facet normal -0 0 1
    outer loop
      vertex 130.386 43.5912 12.8
      vertex 132.022 43.3758 12.8
      vertex 130.4 43.8 12.8
    endloop
  endfacet
  facet normal 0 0 1
    outer loop
      vertex 130.278 44.4123 12.8
      vertex 131.803 45.0437 12.8
      vertex 131.615 45.425 12.8
    endloop
  endfacet
  facet normal 0 0 1
    outer loop
      vertex 132.022 43.3758 12.8
      vertex 130.386 43.5912 12.8
      vertex 131.939 42.9588 12.8
    endloop
  endfacet
  facet normal 0 0 1
    outer loop
      vertex 130.186 44.6 12.8
      vertex 131.615 45.425 12.8
      vertex 131.378 45.7785 12.8
    endloop
  endfacet
  facet normal -0 0 1
    outer loop
      vertex 130.345 43.3859 12.8
      vertex 131.939 42.9588 12.8
      vertex 130.386 43.5912 12.8
    endloop
  endfacet
  facet normal 0 0 1
    outer loop
      vertex 130.069 44.774 12.8
      vertex 131.378 45.7785 12.8
      vertex 131.098 46.0981 12.8
    endloop
  endfacet
  facet normal 0 0 1
    outer loop
      vertex 131.939 42.9588 12.8
      vertex 130.345 43.3859 12.8
      vertex 131.803 42.5563 12.8
    endloop
  endfacet
  facet normal 0 0 1
    outer loop
      vertex 129.931 44.9314 12.8
      vertex 131.098 46.0981 12.8
      vertex 130.778 46.3784 12.8
    endloop
  endfacet
  facet normal -0 0 1
    outer loop
      vertex 130.278 43.1877 12.8
      vertex 131.803 42.5563 12.8
      vertex 130.345 43.3859 12.8
    endloop
  endfacet
  facet normal 0 0 1
    outer loop
      vertex 129.774 45.0694 12.8
      vertex 130.778 46.3784 12.8
      vertex 130.425 46.6146 12.8
    endloop
  endfacet
  facet normal 0 0 1
    outer loop
      vertex 131.803 42.5563 12.8
      vertex 130.278 43.1877 12.8
      vertex 131.615 42.175 12.8
    endloop
  endfacet
  facet normal -0 0 1
    outer loop
      vertex 130.186 43 12.8
      vertex 131.615 42.175 12.8
      vertex 130.278 43.1877 12.8
    endloop
  endfacet
  facet normal 0 0 1
    outer loop
      vertex 132.022 44.2242 12.8
      vertex 130.386 44.0088 12.8
      vertex 130.4 43.8 12.8
    endloop
  endfacet
  facet normal 0 0 1
    outer loop
      vertex 131.939 44.6412 12.8
      vertex 130.345 44.2141 12.8
      vertex 130.386 44.0088 12.8
    endloop
  endfacet
  facet normal 0 0 1
    outer loop
      vertex 131.803 45.0437 12.8
      vertex 130.278 44.4123 12.8
      vertex 130.345 44.2141 12.8
    endloop
  endfacet
  facet normal 0 0 1
    outer loop
      vertex 131.615 45.425 12.8
      vertex 130.186 44.6 12.8
      vertex 130.278 44.4123 12.8
    endloop
  endfacet
  facet normal 0 0 1
    outer loop
      vertex 131.378 45.7785 12.8
      vertex 130.069 44.774 12.8
      vertex 130.186 44.6 12.8
    endloop
  endfacet
  facet normal 0 0 1
    outer loop
      vertex 129.6 45.1856 12.8
      vertex 130.425 46.6146 12.8
      vertex 130.044 46.8026 12.8
    endloop
  endfacet
  facet normal 0 0 1
    outer loop
      vertex 131.098 46.0981 12.8
      vertex 129.931 44.9314 12.8
      vertex 130.069 44.774 12.8
    endloop
  endfacet
  facet normal 0 0 1
    outer loop
      vertex 130.778 46.3784 12.8
      vertex 129.774 45.0694 12.8
      vertex 129.931 44.9314 12.8
    endloop
  endfacet
  facet normal 0 0 1
    outer loop
      vertex 129.412 45.2782 12.8
      vertex 130.044 46.8026 12.8
      vertex 129.641 46.9393 12.8
    endloop
  endfacet
  facet normal 0 0 1
    outer loop
      vertex 130.425 46.6146 12.8
      vertex 129.6 45.1856 12.8
      vertex 129.774 45.0694 12.8
    endloop
  endfacet
  facet normal 0 0 1
    outer loop
      vertex 130.044 46.8026 12.8
      vertex 129.412 45.2782 12.8
      vertex 129.6 45.1856 12.8
    endloop
  endfacet
  facet normal 0 0 1
    outer loop
      vertex 129.214 45.3455 12.8
      vertex 129.641 46.9393 12.8
      vertex 129.224 47.0222 12.8
    endloop
  endfacet
  facet normal 0 0 1
    outer loop
      vertex 129.641 46.9393 12.8
      vertex 129.214 45.3455 12.8
      vertex 129.412 45.2782 12.8
    endloop
  endfacet
  facet normal 0 0 1
    outer loop
      vertex 129.224 47.0222 12.8
      vertex 129.009 45.3863 12.8
      vertex 129.214 45.3455 12.8
    endloop
  endfacet
  facet normal 0 0 1
    outer loop
      vertex 128.8 47.05 12.8
      vertex 129.009 45.3863 12.8
      vertex 129.224 47.0222 12.8
    endloop
  endfacet
  facet normal 0 0 1
    outer loop
      vertex 128.8 47.05 12.8
      vertex 128.8 45.4 12.8
      vertex 129.009 45.3863 12.8
    endloop
  endfacet
  facet normal 0 0 1
    outer loop
      vertex 128.8 47.05 12.8
      vertex 128.591 45.3863 12.8
      vertex 128.8 45.4 12.8
    endloop
  endfacet
  facet normal -0 0 1
    outer loop
      vertex 128.376 47.0222 12.8
      vertex 128.591 45.3863 12.8
      vertex 128.8 47.05 12.8
    endloop
  endfacet
  facet normal 0 0 1
    outer loop
      vertex 128.591 45.3863 12.8
      vertex 128.376 47.0222 12.8
      vertex 128.386 45.3455 12.8
    endloop
  endfacet
  facet normal -0 0 1
    outer loop
      vertex 127.959 46.9393 12.8
      vertex 128.386 45.3455 12.8
      vertex 128.376 47.0222 12.8
    endloop
  endfacet
  facet normal 0 0 1
    outer loop
      vertex 128.386 45.3455 12.8
      vertex 127.959 46.9393 12.8
      vertex 128.188 45.2782 12.8
    endloop
  endfacet
  facet normal -0 0 1
    outer loop
      vertex 127.556 46.8026 12.8
      vertex 128.188 45.2782 12.8
      vertex 127.959 46.9393 12.8
    endloop
  endfacet
  facet normal 0 0 1
    outer loop
      vertex 128.188 45.2782 12.8
      vertex 127.556 46.8026 12.8
      vertex 128 45.1856 12.8
    endloop
  endfacet
  facet normal -0 0 1
    outer loop
      vertex 127.175 46.6146 12.8
      vertex 128 45.1856 12.8
      vertex 127.556 46.8026 12.8
    endloop
  endfacet
  facet normal 0 0 1
    outer loop
      vertex 128 45.1856 12.8
      vertex 127.175 46.6146 12.8
      vertex 127.826 45.0694 12.8
    endloop
  endfacet
  facet normal -0 0 1
    outer loop
      vertex 126.822 46.3784 12.8
      vertex 127.826 45.0694 12.8
      vertex 127.175 46.6146 12.8
    endloop
  endfacet
  facet normal 0 0 1
    outer loop
      vertex 127.826 45.0694 12.8
      vertex 126.822 46.3784 12.8
      vertex 127.669 44.9314 12.8
    endloop
  endfacet
  facet normal -0 0 1
    outer loop
      vertex 126.502 46.0981 12.8
      vertex 127.669 44.9314 12.8
      vertex 126.822 46.3784 12.8
    endloop
  endfacet
  facet normal 0 0 1
    outer loop
      vertex 127.669 44.9314 12.8
      vertex 126.502 46.0981 12.8
      vertex 127.531 44.774 12.8
    endloop
  endfacet
  facet normal -0 0 1
    outer loop
      vertex 126.222 45.7785 12.8
      vertex 127.531 44.774 12.8
      vertex 126.502 46.0981 12.8
    endloop
  endfacet
  facet normal -0 0 1
    outer loop
      vertex 125.985 45.425 12.8
      vertex 127.414 44.6 12.8
      vertex 126.222 45.7785 12.8
    endloop
  endfacet
  facet normal 0 0 1
    outer loop
      vertex 127.531 44.774 12.8
      vertex 126.222 45.7785 12.8
      vertex 127.414 44.6 12.8
    endloop
  endfacet
  facet normal 0 0 1
    outer loop
      vertex 131.615 42.175 12.8
      vertex 130.186 43 12.8
      vertex 131.378 41.8215 12.8
    endloop
  endfacet
  facet normal -0 0 1
    outer loop
      vertex 130.069 42.826 12.8
      vertex 131.378 41.8215 12.8
      vertex 130.186 43 12.8
    endloop
  endfacet
  facet normal 0 0 1
    outer loop
      vertex 131.378 41.8215 12.8
      vertex 130.069 42.826 12.8
      vertex 131.098 41.5019 12.8
    endloop
  endfacet
  facet normal -0 0 1
    outer loop
      vertex 129.931 42.6686 12.8
      vertex 131.098 41.5019 12.8
      vertex 130.069 42.826 12.8
    endloop
  endfacet
  facet normal 0 0 1
    outer loop
      vertex 131.098 41.5019 12.8
      vertex 129.931 42.6686 12.8
      vertex 130.778 41.2216 12.8
    endloop
  endfacet
  facet normal -0 0 1
    outer loop
      vertex 129.774 42.5306 12.8
      vertex 130.778 41.2216 12.8
      vertex 129.931 42.6686 12.8
    endloop
  endfacet
  facet normal 0 0 1
    outer loop
      vertex 130.778 41.2216 12.8
      vertex 129.774 42.5306 12.8
      vertex 130.425 40.9854 12.8
    endloop
  endfacet
  facet normal -0 0 1
    outer loop
      vertex 129.6 42.4144 12.8
      vertex 130.425 40.9854 12.8
      vertex 129.774 42.5306 12.8
    endloop
  endfacet
  facet normal 0 0 1
    outer loop
      vertex 130.425 40.9854 12.8
      vertex 129.6 42.4144 12.8
      vertex 130.044 40.7974 12.8
    endloop
  endfacet
  facet normal -0 0 1
    outer loop
      vertex 129.412 42.3218 12.8
      vertex 130.044 40.7974 12.8
      vertex 129.6 42.4144 12.8
    endloop
  endfacet
  facet normal 0 0 1
    outer loop
      vertex 130.044 40.7974 12.8
      vertex 129.412 42.3218 12.8
      vertex 129.641 40.6607 12.8
    endloop
  endfacet
  facet normal -0 0 1
    outer loop
      vertex 129.214 42.2545 12.8
      vertex 129.641 40.6607 12.8
      vertex 129.412 42.3218 12.8
    endloop
  endfacet
  facet normal 0 0 1
    outer loop
      vertex 129.641 40.6607 12.8
      vertex 129.214 42.2545 12.8
      vertex 129.224 40.5778 12.8
    endloop
  endfacet
  facet normal -0 0 1
    outer loop
      vertex 129.009 42.2137 12.8
      vertex 129.224 40.5778 12.8
      vertex 129.214 42.2545 12.8
    endloop
  endfacet
  facet normal -0 0 1
    outer loop
      vertex 128.8 42.2 12.8
      vertex 129.224 40.5778 12.8
      vertex 129.009 42.2137 12.8
    endloop
  endfacet
  facet normal 0 0 1
    outer loop
      vertex 128.8 42.2 12.8
      vertex 128.8 40.55 12.8
      vertex 129.224 40.5778 12.8
    endloop
  endfacet
  facet normal 0 0 1
    outer loop
      vertex 128.591 42.2137 12.8
      vertex 128.8 40.55 12.8
      vertex 128.8 42.2 12.8
    endloop
  endfacet
  facet normal 0 0 1
    outer loop
      vertex 128.376 40.5778 12.8
      vertex 128.591 42.2137 12.8
      vertex 128.386 42.2545 12.8
    endloop
  endfacet
  facet normal 0 0 1
    outer loop
      vertex 128.591 42.2137 12.8
      vertex 128.376 40.5778 12.8
      vertex 128.8 40.55 12.8
    endloop
  endfacet
  facet normal 0 0 1
    outer loop
      vertex 127.959 40.6607 12.8
      vertex 128.386 42.2545 12.8
      vertex 128.188 42.3218 12.8
    endloop
  endfacet
  facet normal 0 0 1
    outer loop
      vertex 127.556 40.7974 12.8
      vertex 128.188 42.3218 12.8
      vertex 128 42.4144 12.8
    endloop
  endfacet
  facet normal 0 0 1
    outer loop
      vertex 128.386 42.2545 12.8
      vertex 127.959 40.6607 12.8
      vertex 128.376 40.5778 12.8
    endloop
  endfacet
  facet normal 0 0 1
    outer loop
      vertex 127.175 40.9854 12.8
      vertex 128 42.4144 12.8
      vertex 127.826 42.5306 12.8
    endloop
  endfacet
  facet normal 0 0 1
    outer loop
      vertex 126.822 41.2216 12.8
      vertex 127.826 42.5306 12.8
      vertex 127.669 42.6686 12.8
    endloop
  endfacet
  facet normal 0 0 1
    outer loop
      vertex 128.188 42.3218 12.8
      vertex 127.556 40.7974 12.8
      vertex 127.959 40.6607 12.8
    endloop
  endfacet
  facet normal 0 0 1
    outer loop
      vertex 126.502 41.5019 12.8
      vertex 127.669 42.6686 12.8
      vertex 127.531 42.826 12.8
    endloop
  endfacet
  facet normal 0 0 1
    outer loop
      vertex 126.222 41.8215 12.8
      vertex 127.531 42.826 12.8
      vertex 127.414 43 12.8
    endloop
  endfacet
  facet normal 0 0 1
    outer loop
      vertex 125.985 42.175 12.8
      vertex 127.414 43 12.8
      vertex 127.322 43.1877 12.8
    endloop
  endfacet
  facet normal 0 0 1
    outer loop
      vertex 125.797 42.5563 12.8
      vertex 127.322 43.1877 12.8
      vertex 127.255 43.3859 12.8
    endloop
  endfacet
  facet normal 0 0 1
    outer loop
      vertex 125.661 42.9588 12.8
      vertex 127.255 43.3859 12.8
      vertex 127.214 43.5912 12.8
    endloop
  endfacet
  facet normal 0 0 1
    outer loop
      vertex 128 42.4144 12.8
      vertex 127.175 40.9854 12.8
      vertex 127.556 40.7974 12.8
    endloop
  endfacet
  facet normal 0 0 1
    outer loop
      vertex 125.578 43.3758 12.8
      vertex 127.214 43.5912 12.8
      vertex 127.2 43.8 12.8
    endloop
  endfacet
  facet normal 0 0 1
    outer loop
      vertex 127.414 44.6 12.8
      vertex 125.985 45.425 12.8
      vertex 127.322 44.4123 12.8
    endloop
  endfacet
  facet normal -0 0 1
    outer loop
      vertex 125.797 45.0437 12.8
      vertex 127.322 44.4123 12.8
      vertex 125.985 45.425 12.8
    endloop
  endfacet
  facet normal 0 0 1
    outer loop
      vertex 127.826 42.5306 12.8
      vertex 126.822 41.2216 12.8
      vertex 127.175 40.9854 12.8
    endloop
  endfacet
  facet normal 0 0 1
    outer loop
      vertex 127.322 44.4123 12.8
      vertex 125.797 45.0437 12.8
      vertex 127.255 44.2141 12.8
    endloop
  endfacet
  facet normal 0 0 1
    outer loop
      vertex 127.669 42.6686 12.8
      vertex 126.502 41.5019 12.8
      vertex 126.822 41.2216 12.8
    endloop
  endfacet
  facet normal -0 0 1
    outer loop
      vertex 125.661 44.6412 12.8
      vertex 127.255 44.2141 12.8
      vertex 125.797 45.0437 12.8
    endloop
  endfacet
  facet normal 0 0 1
    outer loop
      vertex 127.531 42.826 12.8
      vertex 126.222 41.8215 12.8
      vertex 126.502 41.5019 12.8
    endloop
  endfacet
  facet normal 0 0 1
    outer loop
      vertex 127.255 44.2141 12.8
      vertex 125.661 44.6412 12.8
      vertex 127.214 44.0088 12.8
    endloop
  endfacet
  facet normal 0 0 1
    outer loop
      vertex 127.414 43 12.8
      vertex 125.985 42.175 12.8
      vertex 126.222 41.8215 12.8
    endloop
  endfacet
  facet normal -0 0 1
    outer loop
      vertex 125.578 44.2242 12.8
      vertex 127.214 44.0088 12.8
      vertex 125.661 44.6412 12.8
    endloop
  endfacet
  facet normal 0 0 1
    outer loop
      vertex 127.322 43.1877 12.8
      vertex 125.797 42.5563 12.8
      vertex 125.985 42.175 12.8
    endloop
  endfacet
  facet normal 0 0 1
    outer loop
      vertex 127.214 44.0088 12.8
      vertex 125.578 44.2242 12.8
      vertex 127.2 43.8 12.8
    endloop
  endfacet
  facet normal 0 0 1
    outer loop
      vertex 127.255 43.3859 12.8
      vertex 125.661 42.9588 12.8
      vertex 125.797 42.5563 12.8
    endloop
  endfacet
  facet normal 0 0 1
    outer loop
      vertex 125.55 43.8 12.8
      vertex 127.2 43.8 12.8
      vertex 125.578 44.2242 12.8
    endloop
  endfacet
  facet normal 0 0 1
    outer loop
      vertex 127.214 43.5912 12.8
      vertex 125.578 43.3758 12.8
      vertex 125.661 42.9588 12.8
    endloop
  endfacet
  facet normal 0 0 1
    outer loop
      vertex 127.2 43.8 12.8
      vertex 125.55 43.8 12.8
      vertex 125.578 43.3758 12.8
    endloop
  endfacet
  facet normal -0.0654256 0.997857 0
    outer loop
      vertex 128.8 47.05 2.8
      vertex 128.376 47.0222 12.8
      vertex 128.8 47.05 12.8
    endloop
  endfacet
  facet normal -0.0654256 0.997857 0
    outer loop
      vertex 128.376 47.0222 12.8
      vertex 128.8 47.05 2.8
      vertex 128.376 47.0222 2.8
    endloop
  endfacet
  facet normal 0.947381 -0.320109 0
    outer loop
      vertex 131.803 42.5563 12.8
      vertex 131.939 42.9588 2.8
      vertex 131.939 42.9588 12.8
    endloop
  endfacet
  facet normal 0.947381 -0.320109 0
    outer loop
      vertex 131.939 42.9588 2.8
      vertex 131.803 42.5563 12.8
      vertex 131.803 42.5563 2.8
    endloop
  endfacet
  facet normal 0.0654256 -0.997857 0
    outer loop
      vertex 128.8 40.55 2.8
      vertex 129.224 40.5778 12.8
      vertex 128.8 40.55 12.8
    endloop
  endfacet
  facet normal 0.0654256 -0.997857 0
    outer loop
      vertex 129.224 40.5778 12.8
      vertex 128.8 40.55 2.8
      vertex 129.224 40.5778 2.8
    endloop
  endfacet
  facet normal -0.658904 -0.752227 0
    outer loop
      vertex 126.502 41.5019 2.8
      vertex 126.822 41.2216 12.8
      vertex 126.502 41.5019 12.8
    endloop
  endfacet
  facet normal -0.658904 -0.752227 -0
    outer loop
      vertex 126.822 41.2216 12.8
      vertex 126.502 41.5019 2.8
      vertex 126.822 41.2216 2.8
    endloop
  endfacet
  facet normal -0.997829 -0.0658633 0
    outer loop
      vertex 125.578 43.3758 2.8
      vertex 125.55 43.8 12.8
      vertex 125.55 43.8 2.8
    endloop
  endfacet
  facet normal -0.997829 -0.0658633 0
    outer loop
      vertex 125.55 43.8 12.8
      vertex 125.578 43.3758 2.8
      vertex 125.578 43.3758 12.8
    endloop
  endfacet
  facet normal 0.947381 0.320109 0
    outer loop
      vertex 131.939 44.6412 12.8
      vertex 131.803 45.0437 2.8
      vertex 131.803 45.0437 12.8
    endloop
  endfacet
  facet normal 0.947381 0.320109 0
    outer loop
      vertex 131.803 45.0437 2.8
      vertex 131.939 44.6412 12.8
      vertex 131.939 44.6412 2.8
    endloop
  endfacet
  facet normal 0.980761 0.195211 0
    outer loop
      vertex 132.022 44.2242 12.8
      vertex 131.939 44.6412 2.8
      vertex 131.939 44.6412 12.8
    endloop
  endfacet
  facet normal 0.980761 0.195211 0
    outer loop
      vertex 131.939 44.6412 2.8
      vertex 132.022 44.2242 12.8
      vertex 132.022 44.2242 2.8
    endloop
  endfacet
  facet normal 0.752168 0.658971 0
    outer loop
      vertex 131.378 45.7785 12.8
      vertex 131.098 46.0981 2.8
      vertex 131.098 46.0981 12.8
    endloop
  endfacet
  facet normal 0.752168 0.658971 0
    outer loop
      vertex 131.098 46.0981 2.8
      vertex 131.378 45.7785 12.8
      vertex 131.378 45.7785 2.8
    endloop
  endfacet
  facet normal 0.321229 0.947002 -0
    outer loop
      vertex 130.044 46.8026 2.8
      vertex 129.641 46.9393 12.8
      vertex 130.044 46.8026 12.8
    endloop
  endfacet
  facet normal 0.321229 0.947002 0
    outer loop
      vertex 129.641 46.9393 12.8
      vertex 130.044 46.8026 2.8
      vertex 129.641 46.9393 2.8
    endloop
  endfacet
  facet normal 0.194985 0.980806 -0
    outer loop
      vertex 129.641 46.9393 2.8
      vertex 129.224 47.0222 12.8
      vertex 129.641 46.9393 12.8
    endloop
  endfacet
  facet normal 0.194985 0.980806 0
    outer loop
      vertex 129.224 47.0222 12.8
      vertex 129.641 46.9393 2.8
      vertex 129.224 47.0222 2.8
    endloop
  endfacet
  facet normal -0.830602 0.556867 0
    outer loop
      vertex 125.985 45.425 2.8
      vertex 126.222 45.7785 12.8
      vertex 126.222 45.7785 2.8
    endloop
  endfacet
  facet normal -0.830602 0.556867 0
    outer loop
      vertex 126.222 45.7785 12.8
      vertex 125.985 45.425 2.8
      vertex 125.985 45.425 12.8
    endloop
  endfacet
  facet normal -0.947381 0.320109 0
    outer loop
      vertex 125.661 44.6412 2.8
      vertex 125.797 45.0437 12.8
      vertex 125.797 45.0437 2.8
    endloop
  endfacet
  facet normal -0.947381 0.320109 0
    outer loop
      vertex 125.797 45.0437 12.8
      vertex 125.661 44.6412 2.8
      vertex 125.661 44.6412 12.8
    endloop
  endfacet
  facet normal -0.980761 0.195211 0
    outer loop
      vertex 125.578 44.2242 2.8
      vertex 125.661 44.6412 12.8
      vertex 125.661 44.6412 2.8
    endloop
  endfacet
  facet normal -0.980761 0.195211 0
    outer loop
      vertex 125.661 44.6412 12.8
      vertex 125.578 44.2242 2.8
      vertex 125.578 44.2242 12.8
    endloop
  endfacet
  facet normal -0.4425 0.896769 0
    outer loop
      vertex 127.556 46.8026 2.8
      vertex 127.175 46.6146 12.8
      vertex 127.556 46.8026 12.8
    endloop
  endfacet
  facet normal -0.4425 0.896769 0
    outer loop
      vertex 127.175 46.6146 12.8
      vertex 127.556 46.8026 2.8
      vertex 127.175 46.6146 2.8
    endloop
  endfacet
  facet normal -0.556112 0.831107 0
    outer loop
      vertex 127.175 46.6146 2.8
      vertex 126.822 46.3784 12.8
      vertex 127.175 46.6146 12.8
    endloop
  endfacet
  facet normal -0.556112 0.831107 0
    outer loop
      vertex 126.822 46.3784 12.8
      vertex 127.175 46.6146 2.8
      vertex 126.822 46.3784 2.8
    endloop
  endfacet
  facet normal -0.194985 0.980806 0
    outer loop
      vertex 128.376 47.0222 2.8
      vertex 127.959 46.9393 12.8
      vertex 128.376 47.0222 12.8
    endloop
  endfacet
  facet normal -0.194985 0.980806 0
    outer loop
      vertex 127.959 46.9393 12.8
      vertex 128.376 47.0222 2.8
      vertex 127.959 46.9393 2.8
    endloop
  endfacet
  facet normal 0.194985 -0.980806 0
    outer loop
      vertex 129.224 40.5778 2.8
      vertex 129.641 40.6607 12.8
      vertex 129.224 40.5778 12.8
    endloop
  endfacet
  facet normal 0.194985 -0.980806 0
    outer loop
      vertex 129.641 40.6607 12.8
      vertex 129.224 40.5778 2.8
      vertex 129.641 40.6607 2.8
    endloop
  endfacet
  facet normal 0.658904 -0.752227 0
    outer loop
      vertex 130.778 41.2216 2.8
      vertex 131.098 41.5019 12.8
      vertex 130.778 41.2216 12.8
    endloop
  endfacet
  facet normal 0.658904 -0.752227 0
    outer loop
      vertex 131.098 41.5019 12.8
      vertex 130.778 41.2216 2.8
      vertex 131.098 41.5019 2.8
    endloop
  endfacet
  facet normal 0.4425 -0.896769 0
    outer loop
      vertex 130.044 40.7974 2.8
      vertex 130.425 40.9854 12.8
      vertex 130.044 40.7974 12.8
    endloop
  endfacet
  facet normal 0.4425 -0.896769 0
    outer loop
      vertex 130.425 40.9854 12.8
      vertex 130.044 40.7974 2.8
      vertex 130.425 40.9854 2.8
    endloop
  endfacet
  facet normal 0.830602 -0.556867 0
    outer loop
      vertex 131.378 41.8215 12.8
      vertex 131.615 42.175 2.8
      vertex 131.615 42.175 12.8
    endloop
  endfacet
  facet normal 0.830602 -0.556867 0
    outer loop
      vertex 131.615 42.175 2.8
      vertex 131.378 41.8215 12.8
      vertex 131.378 41.8215 2.8
    endloop
  endfacet
  facet normal -0.556112 -0.831107 0
    outer loop
      vertex 126.822 41.2216 2.8
      vertex 127.175 40.9854 12.8
      vertex 126.822 41.2216 12.8
    endloop
  endfacet
  facet normal -0.556112 -0.831107 -0
    outer loop
      vertex 127.175 40.9854 12.8
      vertex 126.822 41.2216 2.8
      vertex 127.175 40.9854 2.8
    endloop
  endfacet
  facet normal -0.321229 -0.947002 0
    outer loop
      vertex 127.556 40.7974 2.8
      vertex 127.959 40.6607 12.8
      vertex 127.556 40.7974 12.8
    endloop
  endfacet
  facet normal -0.321229 -0.947002 -0
    outer loop
      vertex 127.959 40.6607 12.8
      vertex 127.556 40.7974 2.8
      vertex 127.959 40.6607 2.8
    endloop
  endfacet
  facet normal -0.0654256 -0.997857 0
    outer loop
      vertex 128.376 40.5778 2.8
      vertex 128.8 40.55 12.8
      vertex 128.376 40.5778 12.8
    endloop
  endfacet
  facet normal -0.0654256 -0.997857 -0
    outer loop
      vertex 128.8 40.55 12.8
      vertex 128.376 40.5778 2.8
      vertex 128.8 40.55 2.8
    endloop
  endfacet
  facet normal -0.896907 -0.44222 0
    outer loop
      vertex 125.985 42.175 2.8
      vertex 125.797 42.5563 12.8
      vertex 125.797 42.5563 2.8
    endloop
  endfacet
  facet normal -0.896907 -0.44222 0
    outer loop
      vertex 125.797 42.5563 12.8
      vertex 125.985 42.175 2.8
      vertex 125.985 42.175 12.8
    endloop
  endfacet
  facet normal -0.752168 -0.658971 0
    outer loop
      vertex 126.502 41.5019 2.8
      vertex 126.222 41.8215 12.8
      vertex 126.222 41.8215 2.8
    endloop
  endfacet
  facet normal -0.752168 -0.658971 0
    outer loop
      vertex 126.222 41.8215 12.8
      vertex 126.502 41.5019 2.8
      vertex 126.502 41.5019 12.8
    endloop
  endfacet
  facet normal -0.980761 -0.195211 0
    outer loop
      vertex 125.661 42.9588 2.8
      vertex 125.578 43.3758 12.8
      vertex 125.578 43.3758 2.8
    endloop
  endfacet
  facet normal -0.980761 -0.195211 0
    outer loop
      vertex 125.578 43.3758 12.8
      vertex 125.661 42.9588 2.8
      vertex 125.661 42.9588 12.8
    endloop
  endfacet
  facet normal 0.321229 -0.947002 0
    outer loop
      vertex 129.641 40.6607 2.8
      vertex 130.044 40.7974 12.8
      vertex 129.641 40.6607 12.8
    endloop
  endfacet
  facet normal 0.321229 -0.947002 0
    outer loop
      vertex 130.044 40.7974 12.8
      vertex 129.641 40.6607 2.8
      vertex 130.044 40.7974 2.8
    endloop
  endfacet
  facet normal 0.752168 -0.658971 0
    outer loop
      vertex 131.098 41.5019 12.8
      vertex 131.378 41.8215 2.8
      vertex 131.378 41.8215 12.8
    endloop
  endfacet
  facet normal 0.752168 -0.658971 0
    outer loop
      vertex 131.378 41.8215 2.8
      vertex 131.098 41.5019 12.8
      vertex 131.098 41.5019 2.8
    endloop
  endfacet
  facet normal 0.556112 -0.831107 0
    outer loop
      vertex 130.425 40.9854 2.8
      vertex 130.778 41.2216 12.8
      vertex 130.425 40.9854 12.8
    endloop
  endfacet
  facet normal 0.556112 -0.831107 0
    outer loop
      vertex 130.778 41.2216 12.8
      vertex 130.425 40.9854 2.8
      vertex 130.778 41.2216 2.8
    endloop
  endfacet
  facet normal 0.980761 -0.195211 0
    outer loop
      vertex 131.939 42.9588 12.8
      vertex 132.022 43.3758 2.8
      vertex 132.022 43.3758 12.8
    endloop
  endfacet
  facet normal 0.980761 -0.195211 0
    outer loop
      vertex 132.022 43.3758 2.8
      vertex 131.939 42.9588 12.8
      vertex 131.939 42.9588 2.8
    endloop
  endfacet
  facet normal 0.896907 -0.44222 0
    outer loop
      vertex 131.615 42.175 12.8
      vertex 131.803 42.5563 2.8
      vertex 131.803 42.5563 12.8
    endloop
  endfacet
  facet normal 0.896907 -0.44222 0
    outer loop
      vertex 131.803 42.5563 2.8
      vertex 131.615 42.175 12.8
      vertex 131.615 42.175 2.8
    endloop
  endfacet
  facet normal -0.4425 -0.896769 0
    outer loop
      vertex 127.175 40.9854 2.8
      vertex 127.556 40.7974 12.8
      vertex 127.175 40.9854 12.8
    endloop
  endfacet
  facet normal -0.4425 -0.896769 -0
    outer loop
      vertex 127.556 40.7974 12.8
      vertex 127.175 40.9854 2.8
      vertex 127.556 40.7974 2.8
    endloop
  endfacet
  facet normal -0.194985 -0.980806 0
    outer loop
      vertex 127.959 40.6607 2.8
      vertex 128.376 40.5778 12.8
      vertex 127.959 40.6607 12.8
    endloop
  endfacet
  facet normal -0.194985 -0.980806 -0
    outer loop
      vertex 128.376 40.5778 12.8
      vertex 127.959 40.6607 2.8
      vertex 128.376 40.5778 2.8
    endloop
  endfacet
  facet normal -0.830602 -0.556867 0
    outer loop
      vertex 126.222 41.8215 2.8
      vertex 125.985 42.175 12.8
      vertex 125.985 42.175 2.8
    endloop
  endfacet
  facet normal -0.830602 -0.556867 0
    outer loop
      vertex 125.985 42.175 12.8
      vertex 126.222 41.8215 2.8
      vertex 126.222 41.8215 12.8
    endloop
  endfacet
  facet normal -0.947381 -0.320109 0
    outer loop
      vertex 125.797 42.5563 2.8
      vertex 125.661 42.9588 12.8
      vertex 125.661 42.9588 2.8
    endloop
  endfacet
  facet normal -0.947381 -0.320109 0
    outer loop
      vertex 125.661 42.9588 12.8
      vertex 125.797 42.5563 2.8
      vertex 125.797 42.5563 12.8
    endloop
  endfacet
  facet normal 0.997829 -0.0658633 0
    outer loop
      vertex 132.022 43.3758 12.8
      vertex 132.05 43.8 2.8
      vertex 132.05 43.8 12.8
    endloop
  endfacet
  facet normal 0.997829 -0.0658633 0
    outer loop
      vertex 132.05 43.8 2.8
      vertex 132.022 43.3758 12.8
      vertex 132.022 43.3758 2.8
    endloop
  endfacet
  facet normal -0.897939 -0.440119 0
    outer loop
      vertex 130.278 44.4123 2.8
      vertex 130.186 44.6 12.8
      vertex 130.186 44.6 2.8
    endloop
  endfacet
  facet normal -0.897939 -0.440119 0
    outer loop
      vertex 130.186 44.6 12.8
      vertex 130.278 44.4123 2.8
      vertex 130.278 44.4123 12.8
    endloop
  endfacet
  facet normal -0.829843 -0.557998 0
    outer loop
      vertex 130.186 44.6 2.8
      vertex 130.069 44.774 12.8
      vertex 130.069 44.774 2.8
    endloop
  endfacet
  facet normal -0.829843 -0.557998 0
    outer loop
      vertex 130.069 44.774 12.8
      vertex 130.186 44.6 2.8
      vertex 130.186 44.6 12.8
    endloop
  endfacet
  facet normal -0.195196 -0.980764 0
    outer loop
      vertex 129.009 45.3863 2.8
      vertex 129.214 45.3455 12.8
      vertex 129.009 45.3863 12.8
    endloop
  endfacet
  facet normal -0.195196 -0.980764 -0
    outer loop
      vertex 129.214 45.3455 12.8
      vertex 129.009 45.3863 2.8
      vertex 129.214 45.3455 2.8
    endloop
  endfacet
  facet normal -0.321817 -0.946802 0
    outer loop
      vertex 129.214 45.3455 2.8
      vertex 129.412 45.2782 12.8
      vertex 129.214 45.3455 12.8
    endloop
  endfacet
  facet normal -0.321817 -0.946802 -0
    outer loop
      vertex 129.412 45.2782 12.8
      vertex 129.214 45.3455 2.8
      vertex 129.412 45.2782 2.8
    endloop
  endfacet
  facet normal 0.441861 -0.897083 0
    outer loop
      vertex 128 45.1856 2.8
      vertex 128.188 45.2782 12.8
      vertex 128 45.1856 12.8
    endloop
  endfacet
  facet normal 0.441861 -0.897083 0
    outer loop
      vertex 128.188 45.2782 12.8
      vertex 128 45.1856 2.8
      vertex 128.188 45.2782 2.8
    endloop
  endfacet
  facet normal 0.947336 -0.32024 0
    outer loop
      vertex 127.255 44.2141 12.8
      vertex 127.322 44.4123 2.8
      vertex 127.322 44.4123 12.8
    endloop
  endfacet
  facet normal 0.947336 -0.32024 0
    outer loop
      vertex 127.322 44.4123 2.8
      vertex 127.255 44.2141 12.8
      vertex 127.255 44.2141 2.8
    endloop
  endfacet
  facet normal -0.980636 0.195841 0
    outer loop
      vertex 130.345 43.3859 2.8
      vertex 130.386 43.5912 12.8
      vertex 130.386 43.5912 2.8
    endloop
  endfacet
  facet normal -0.980636 0.195841 0
    outer loop
      vertex 130.386 43.5912 12.8
      vertex 130.345 43.3859 2.8
      vertex 130.345 43.3859 12.8
    endloop
  endfacet
  facet normal -0.441861 -0.897083 0
    outer loop
      vertex 129.412 45.2782 2.8
      vertex 129.6 45.1856 12.8
      vertex 129.412 45.2782 12.8
    endloop
  endfacet
  facet normal -0.441861 -0.897083 -0
    outer loop
      vertex 129.6 45.1856 12.8
      vertex 129.412 45.2782 2.8
      vertex 129.6 45.1856 2.8
    endloop
  endfacet
  facet normal 0.99776 -0.0668996 0
    outer loop
      vertex 127.2 43.8 12.8
      vertex 127.214 44.0088 2.8
      vertex 127.214 44.0088 12.8
    endloop
  endfacet
  facet normal 0.99776 -0.0668996 0
    outer loop
      vertex 127.214 44.0088 2.8
      vertex 127.2 43.8 12.8
      vertex 127.2 43.8 2.8
    endloop
  endfacet
  facet normal 0.829843 -0.557998 0
    outer loop
      vertex 127.414 44.6 12.8
      vertex 127.531 44.774 2.8
      vertex 127.531 44.774 12.8
    endloop
  endfacet
  facet normal 0.829843 -0.557998 0
    outer loop
      vertex 127.531 44.774 2.8
      vertex 127.414 44.6 12.8
      vertex 127.414 44.6 2.8
    endloop
  endfacet
  facet normal 0.555362 -0.831609 0
    outer loop
      vertex 127.826 45.0694 2.8
      vertex 128 45.1856 12.8
      vertex 127.826 45.0694 12.8
    endloop
  endfacet
  facet normal 0.555362 -0.831609 0
    outer loop
      vertex 128 45.1856 12.8
      vertex 127.826 45.0694 2.8
      vertex 128 45.1856 2.8
    endloop
  endfacet
  facet normal 0.321817 -0.946802 0
    outer loop
      vertex 128.188 45.2782 2.8
      vertex 128.386 45.3455 12.8
      vertex 128.188 45.2782 12.8
    endloop
  endfacet
  facet normal 0.321817 -0.946802 0
    outer loop
      vertex 128.386 45.3455 12.8
      vertex 128.188 45.2782 2.8
      vertex 128.386 45.3455 2.8
    endloop
  endfacet
  facet normal -0.99776 0.0668996 0
    outer loop
      vertex 130.386 43.5912 2.8
      vertex 130.4 43.8 12.8
      vertex 130.4 43.8 2.8
    endloop
  endfacet
  facet normal -0.99776 0.0668996 0
    outer loop
      vertex 130.4 43.8 12.8
      vertex 130.386 43.5912 2.8
      vertex 130.386 43.5912 12.8
    endloop
  endfacet
  facet normal -0.947336 0.32024 0
    outer loop
      vertex 130.278 43.1877 2.8
      vertex 130.345 43.3859 12.8
      vertex 130.345 43.3859 2.8
    endloop
  endfacet
  facet normal -0.947336 0.32024 0
    outer loop
      vertex 130.345 43.3859 12.8
      vertex 130.278 43.1877 2.8
      vertex 130.278 43.1877 12.8
    endloop
  endfacet
  facet normal -0.555362 0.831609 0
    outer loop
      vertex 129.774 42.5306 2.8
      vertex 129.6 42.4144 12.8
      vertex 129.774 42.5306 12.8
    endloop
  endfacet
  facet normal -0.555362 0.831609 0
    outer loop
      vertex 129.6 42.4144 12.8
      vertex 129.774 42.5306 2.8
      vertex 129.6 42.4144 2.8
    endloop
  endfacet
  facet normal -0.947336 -0.32024 0
    outer loop
      vertex 130.345 44.2141 2.8
      vertex 130.278 44.4123 12.8
      vertex 130.278 44.4123 2.8
    endloop
  endfacet
  facet normal -0.947336 -0.32024 0
    outer loop
      vertex 130.278 44.4123 12.8
      vertex 130.345 44.2141 2.8
      vertex 130.345 44.2141 12.8
    endloop
  endfacet
  facet normal -0.660196 -0.751093 0
    outer loop
      vertex 129.774 45.0694 2.8
      vertex 129.931 44.9314 12.8
      vertex 129.774 45.0694 12.8
    endloop
  endfacet
  facet normal -0.660196 -0.751093 -0
    outer loop
      vertex 129.931 44.9314 12.8
      vertex 129.774 45.0694 2.8
      vertex 129.931 44.9314 2.8
    endloop
  endfacet
  facet normal 0.0654099 -0.997858 0
    outer loop
      vertex 128.591 45.3863 2.8
      vertex 128.8 45.4 12.8
      vertex 128.591 45.3863 12.8
    endloop
  endfacet
  facet normal 0.0654099 -0.997858 0
    outer loop
      vertex 128.8 45.4 12.8
      vertex 128.591 45.3863 2.8
      vertex 128.8 45.4 2.8
    endloop
  endfacet
  facet normal -0.555362 -0.831609 0
    outer loop
      vertex 129.6 45.1856 2.8
      vertex 129.774 45.0694 12.8
      vertex 129.6 45.1856 12.8
    endloop
  endfacet
  facet normal -0.555362 -0.831609 -0
    outer loop
      vertex 129.774 45.0694 12.8
      vertex 129.6 45.1856 2.8
      vertex 129.774 45.0694 2.8
    endloop
  endfacet
  facet normal 0.980636 -0.195841 0
    outer loop
      vertex 127.214 44.0088 12.8
      vertex 127.255 44.2141 2.8
      vertex 127.255 44.2141 12.8
    endloop
  endfacet
  facet normal 0.980636 -0.195841 0
    outer loop
      vertex 127.255 44.2141 2.8
      vertex 127.214 44.0088 12.8
      vertex 127.214 44.0088 2.8
    endloop
  endfacet
  facet normal 0.897939 -0.440119 0
    outer loop
      vertex 127.322 44.4123 12.8
      vertex 127.414 44.6 2.8
      vertex 127.414 44.6 12.8
    endloop
  endfacet
  facet normal 0.897939 -0.440119 0
    outer loop
      vertex 127.414 44.6 2.8
      vertex 127.322 44.4123 12.8
      vertex 127.322 44.4123 2.8
    endloop
  endfacet
  facet normal 0.195196 -0.980764 0
    outer loop
      vertex 128.386 45.3455 2.8
      vertex 128.591 45.3863 12.8
      vertex 128.386 45.3455 12.8
    endloop
  endfacet
  facet normal 0.195196 -0.980764 0
    outer loop
      vertex 128.591 45.3863 12.8
      vertex 128.386 45.3455 2.8
      vertex 128.591 45.3863 2.8
    endloop
  endfacet
  facet normal 0.660196 -0.751093 0
    outer loop
      vertex 127.669 44.9314 2.8
      vertex 127.826 45.0694 12.8
      vertex 127.669 44.9314 12.8
    endloop
  endfacet
  facet normal 0.660196 -0.751093 0
    outer loop
      vertex 127.826 45.0694 12.8
      vertex 127.669 44.9314 2.8
      vertex 127.826 45.0694 2.8
    endloop
  endfacet
  facet normal 0.751925 -0.659248 0
    outer loop
      vertex 127.531 44.774 12.8
      vertex 127.669 44.9314 2.8
      vertex 127.669 44.9314 12.8
    endloop
  endfacet
  facet normal 0.751925 -0.659248 0
    outer loop
      vertex 127.669 44.9314 2.8
      vertex 127.531 44.774 12.8
      vertex 127.531 44.774 2.8
    endloop
  endfacet
  facet normal -0.99776 -0.0668996 0
    outer loop
      vertex 130.4 43.8 2.8
      vertex 130.386 44.0088 12.8
      vertex 130.386 44.0088 2.8
    endloop
  endfacet
  facet normal -0.99776 -0.0668996 0
    outer loop
      vertex 130.386 44.0088 12.8
      vertex 130.4 43.8 2.8
      vertex 130.4 43.8 12.8
    endloop
  endfacet
  facet normal -0.829843 0.557998 0
    outer loop
      vertex 130.069 42.826 2.8
      vertex 130.186 43 12.8
      vertex 130.186 43 2.8
    endloop
  endfacet
  facet normal -0.829843 0.557998 0
    outer loop
      vertex 130.186 43 12.8
      vertex 130.069 42.826 2.8
      vertex 130.069 42.826 12.8
    endloop
  endfacet
  facet normal 0.99776 0.0668996 0
    outer loop
      vertex 127.214 43.5912 12.8
      vertex 127.2 43.8 2.8
      vertex 127.2 43.8 12.8
    endloop
  endfacet
  facet normal 0.99776 0.0668996 0
    outer loop
      vertex 127.2 43.8 2.8
      vertex 127.214 43.5912 12.8
      vertex 127.214 43.5912 2.8
    endloop
  endfacet
  facet normal 0.897939 0.440119 0
    outer loop
      vertex 127.414 43 12.8
      vertex 127.322 43.1877 2.8
      vertex 127.322 43.1877 12.8
    endloop
  endfacet
  facet normal 0.897939 0.440119 0
    outer loop
      vertex 127.322 43.1877 2.8
      vertex 127.414 43 12.8
      vertex 127.414 43 2.8
    endloop
  endfacet
  facet normal -0.195196 0.980764 0
    outer loop
      vertex 129.214 42.2545 2.8
      vertex 129.009 42.2137 12.8
      vertex 129.214 42.2545 12.8
    endloop
  endfacet
  facet normal -0.195196 0.980764 0
    outer loop
      vertex 129.009 42.2137 12.8
      vertex 129.214 42.2545 2.8
      vertex 129.009 42.2137 2.8
    endloop
  endfacet
  facet normal -0.660196 0.751093 0
    outer loop
      vertex 129.931 42.6686 2.8
      vertex 129.774 42.5306 12.8
      vertex 129.931 42.6686 12.8
    endloop
  endfacet
  facet normal -0.660196 0.751093 0
    outer loop
      vertex 129.774 42.5306 12.8
      vertex 129.931 42.6686 2.8
      vertex 129.774 42.5306 2.8
    endloop
  endfacet
  facet normal -0.980636 -0.195841 0
    outer loop
      vertex 130.386 44.0088 2.8
      vertex 130.345 44.2141 12.8
      vertex 130.345 44.2141 2.8
    endloop
  endfacet
  facet normal -0.980636 -0.195841 0
    outer loop
      vertex 130.345 44.2141 12.8
      vertex 130.386 44.0088 2.8
      vertex 130.386 44.0088 12.8
    endloop
  endfacet
  facet normal -0.751925 -0.659248 0
    outer loop
      vertex 130.069 44.774 2.8
      vertex 129.931 44.9314 12.8
      vertex 129.931 44.9314 2.8
    endloop
  endfacet
  facet normal -0.751925 -0.659248 0
    outer loop
      vertex 129.931 44.9314 12.8
      vertex 130.069 44.774 2.8
      vertex 130.069 44.774 12.8
    endloop
  endfacet
  facet normal -0.0654099 -0.997858 0
    outer loop
      vertex 128.8 45.4 2.8
      vertex 129.009 45.3863 12.8
      vertex 128.8 45.4 12.8
    endloop
  endfacet
  facet normal -0.0654099 -0.997858 -0
    outer loop
      vertex 129.009 45.3863 12.8
      vertex 128.8 45.4 2.8
      vertex 129.009 45.3863 2.8
    endloop
  endfacet
  facet normal -0.897939 0.440119 0
    outer loop
      vertex 130.186 43 2.8
      vertex 130.278 43.1877 12.8
      vertex 130.278 43.1877 2.8
    endloop
  endfacet
  facet normal -0.897939 0.440119 0
    outer loop
      vertex 130.278 43.1877 12.8
      vertex 130.186 43 2.8
      vertex 130.186 43 12.8
    endloop
  endfacet
  facet normal 0.0654099 0.997858 -0
    outer loop
      vertex 128.8 42.2 2.8
      vertex 128.591 42.2137 12.8
      vertex 128.8 42.2 12.8
    endloop
  endfacet
  facet normal 0.0654099 0.997858 0
    outer loop
      vertex 128.591 42.2137 12.8
      vertex 128.8 42.2 2.8
      vertex 128.591 42.2137 2.8
    endloop
  endfacet
  facet normal 0.947336 0.32024 0
    outer loop
      vertex 127.322 43.1877 12.8
      vertex 127.255 43.3859 2.8
      vertex 127.255 43.3859 12.8
    endloop
  endfacet
  facet normal 0.947336 0.32024 0
    outer loop
      vertex 127.255 43.3859 2.8
      vertex 127.322 43.1877 12.8
      vertex 127.322 43.1877 2.8
    endloop
  endfacet
  facet normal 0.980636 0.195841 0
    outer loop
      vertex 127.255 43.3859 12.8
      vertex 127.214 43.5912 2.8
      vertex 127.214 43.5912 12.8
    endloop
  endfacet
  facet normal 0.980636 0.195841 0
    outer loop
      vertex 127.214 43.5912 2.8
      vertex 127.255 43.3859 12.8
      vertex 127.255 43.3859 2.8
    endloop
  endfacet
  facet normal -0.441861 0.897083 0
    outer loop
      vertex 129.6 42.4144 2.8
      vertex 129.412 42.3218 12.8
      vertex 129.6 42.4144 12.8
    endloop
  endfacet
  facet normal -0.441861 0.897083 0
    outer loop
      vertex 129.412 42.3218 12.8
      vertex 129.6 42.4144 2.8
      vertex 129.412 42.3218 2.8
    endloop
  endfacet
  facet normal -0.321817 0.946802 0
    outer loop
      vertex 129.412 42.3218 2.8
      vertex 129.214 42.2545 12.8
      vertex 129.412 42.3218 12.8
    endloop
  endfacet
  facet normal -0.321817 0.946802 0
    outer loop
      vertex 129.214 42.2545 12.8
      vertex 129.412 42.3218 2.8
      vertex 129.214 42.2545 2.8
    endloop
  endfacet
  facet normal -0.751925 0.659248 0
    outer loop
      vertex 129.931 42.6686 2.8
      vertex 130.069 42.826 12.8
      vertex 130.069 42.826 2.8
    endloop
  endfacet
  facet normal -0.751925 0.659248 0
    outer loop
      vertex 130.069 42.826 12.8
      vertex 129.931 42.6686 2.8
      vertex 129.931 42.6686 12.8
    endloop
  endfacet
  facet normal 0.321817 0.946802 -0
    outer loop
      vertex 128.386 42.2545 2.8
      vertex 128.188 42.3218 12.8
      vertex 128.386 42.2545 12.8
    endloop
  endfacet
  facet normal 0.321817 0.946802 0
    outer loop
      vertex 128.188 42.3218 12.8
      vertex 128.386 42.2545 2.8
      vertex 128.188 42.3218 2.8
    endloop
  endfacet
  facet normal -0.0654099 0.997858 0
    outer loop
      vertex 129.009 42.2137 2.8
      vertex 128.8 42.2 12.8
      vertex 129.009 42.2137 12.8
    endloop
  endfacet
  facet normal -0.0654099 0.997858 0
    outer loop
      vertex 128.8 42.2 12.8
      vertex 129.009 42.2137 2.8
      vertex 128.8 42.2 2.8
    endloop
  endfacet
  facet normal 0.195196 0.980764 -0
    outer loop
      vertex 128.591 42.2137 2.8
      vertex 128.386 42.2545 12.8
      vertex 128.591 42.2137 12.8
    endloop
  endfacet
  facet normal 0.195196 0.980764 0
    outer loop
      vertex 128.386 42.2545 12.8
      vertex 128.591 42.2137 2.8
      vertex 128.386 42.2545 2.8
    endloop
  endfacet
  facet normal 0.751925 0.659248 0
    outer loop
      vertex 127.669 42.6686 12.8
      vertex 127.531 42.826 2.8
      vertex 127.531 42.826 12.8
    endloop
  endfacet
  facet normal 0.751925 0.659248 0
    outer loop
      vertex 127.531 42.826 2.8
      vertex 127.669 42.6686 12.8
      vertex 127.669 42.6686 2.8
    endloop
  endfacet
  facet normal 0.660196 0.751093 -0
    outer loop
      vertex 127.826 42.5306 2.8
      vertex 127.669 42.6686 12.8
      vertex 127.826 42.5306 12.8
    endloop
  endfacet
  facet normal 0.660196 0.751093 0
    outer loop
      vertex 127.669 42.6686 12.8
      vertex 127.826 42.5306 2.8
      vertex 127.669 42.6686 2.8
    endloop
  endfacet
  facet normal 0.555362 0.831609 -0
    outer loop
      vertex 128 42.4144 2.8
      vertex 127.826 42.5306 12.8
      vertex 128 42.4144 12.8
    endloop
  endfacet
  facet normal 0.555362 0.831609 0
    outer loop
      vertex 127.826 42.5306 12.8
      vertex 128 42.4144 2.8
      vertex 127.826 42.5306 2.8
    endloop
  endfacet
  facet normal 0.829843 0.557998 0
    outer loop
      vertex 127.531 42.826 12.8
      vertex 127.414 43 2.8
      vertex 127.414 43 12.8
    endloop
  endfacet
  facet normal 0.829843 0.557998 0
    outer loop
      vertex 127.414 43 2.8
      vertex 127.531 42.826 12.8
      vertex 127.531 42.826 2.8
    endloop
  endfacet
  facet normal 0.441861 0.897083 -0
    outer loop
      vertex 128.188 42.3218 2.8
      vertex 128 42.4144 12.8
      vertex 128.188 42.3218 12.8
    endloop
  endfacet
  facet normal 0.441861 0.897083 0
    outer loop
      vertex 128 42.4144 12.8
      vertex 128.188 42.3218 2.8
      vertex 128 42.4144 2.8
    endloop
  endfacet
  facet normal 0.997859 0.0653948 0
    outer loop
      vertex 30.05 69.8 12.8
      vertex 30.0222 70.2242 2.8
      vertex 30.0222 70.2242 12.8
    endloop
  endfacet
  facet normal 0.997859 0.0653948 0
    outer loop
      vertex 30.0222 70.2242 2.8
      vertex 30.05 69.8 12.8
      vertex 30.05 69.8 2.8
    endloop
  endfacet
  facet normal -0.997859 0.0653948 0
    outer loop
      vertex 23.55 69.8 2.8
      vertex 23.5778 70.2242 12.8
      vertex 23.5778 70.2242 2.8
    endloop
  endfacet
  facet normal -0.997859 0.0653948 0
    outer loop
      vertex 23.5778 70.2242 12.8
      vertex 23.55 69.8 2.8
      vertex 23.55 69.8 12.8
    endloop
  endfacet
  facet normal 0.0653948 0.997859 -0
    outer loop
      vertex 27.2242 73.0222 2.8
      vertex 26.8 73.05 12.8
      vertex 27.2242 73.0222 12.8
    endloop
  endfacet
  facet normal 0.0653948 0.997859 0
    outer loop
      vertex 26.8 73.05 12.8
      vertex 27.2242 73.0222 2.8
      vertex 26.8 73.05 2.8
    endloop
  endfacet
  facet normal 0.65937 0.751818 -0
    outer loop
      vertex 29.0981 72.0981 2.8
      vertex 28.7785 72.3784 12.8
      vertex 29.0981 72.0981 12.8
    endloop
  endfacet
  facet normal 0.65937 0.751818 0
    outer loop
      vertex 28.7785 72.3784 12.8
      vertex 29.0981 72.0981 2.8
      vertex 28.7785 72.3784 2.8
    endloop
  endfacet
  facet normal -0.65937 0.751818 0
    outer loop
      vertex 24.8215 72.3784 2.8
      vertex 24.5019 72.0981 12.8
      vertex 24.8215 72.3784 12.8
    endloop
  endfacet
  facet normal -0.65937 0.751818 0
    outer loop
      vertex 24.5019 72.0981 12.8
      vertex 24.8215 72.3784 2.8
      vertex 24.5019 72.0981 2.8
    endloop
  endfacet
  facet normal -0.321586 0.94688 0
    outer loop
      vertex 25.9588 72.9393 2.8
      vertex 25.5563 72.8026 12.8
      vertex 25.9588 72.9393 12.8
    endloop
  endfacet
  facet normal -0.321586 0.94688 0
    outer loop
      vertex 25.5563 72.8026 12.8
      vertex 25.9588 72.9393 2.8
      vertex 25.5563 72.8026 2.8
    endloop
  endfacet
  facet normal 0 0 -1
    outer loop
      vertex 28.4 69.8 2.8
      vertex 30.05 69.8 2.8
      vertex 30.0222 69.3758 2.8
    endloop
  endfacet
  facet normal 0 0 -1
    outer loop
      vertex 28.3863 69.5912 2.8
      vertex 30.0222 69.3758 2.8
      vertex 29.9393 68.9588 2.8
    endloop
  endfacet
  facet normal 0 0 -1
    outer loop
      vertex 30.05 69.8 2.8
      vertex 28.4 69.8 2.8
      vertex 30.0222 70.2242 2.8
    endloop
  endfacet
  facet normal 0 0 -1
    outer loop
      vertex 28.3455 69.3859 2.8
      vertex 29.9393 68.9588 2.8
      vertex 29.8026 68.5563 2.8
    endloop
  endfacet
  facet normal 0 0 -1
    outer loop
      vertex 28.3863 70.0088 2.8
      vertex 30.0222 70.2242 2.8
      vertex 28.4 69.8 2.8
    endloop
  endfacet
  facet normal 0 0 -1
    outer loop
      vertex 28.2782 69.1877 2.8
      vertex 29.8026 68.5563 2.8
      vertex 29.6146 68.175 2.8
    endloop
  endfacet
  facet normal -0 0 -1
    outer loop
      vertex 30.0222 70.2242 2.8
      vertex 28.3863 70.0088 2.8
      vertex 29.9393 70.6412 2.8
    endloop
  endfacet
  facet normal 0 0 -1
    outer loop
      vertex 28.1856 69 2.8
      vertex 29.6146 68.175 2.8
      vertex 29.3784 67.8215 2.8
    endloop
  endfacet
  facet normal 0 0 -1
    outer loop
      vertex 28.3455 70.2141 2.8
      vertex 29.9393 70.6412 2.8
      vertex 28.3863 70.0088 2.8
    endloop
  endfacet
  facet normal 0 0 -1
    outer loop
      vertex 28.0694 68.826 2.8
      vertex 29.3784 67.8215 2.8
      vertex 29.0981 67.5019 2.8
    endloop
  endfacet
  facet normal -0 0 -1
    outer loop
      vertex 29.9393 70.6412 2.8
      vertex 28.3455 70.2141 2.8
      vertex 29.8026 71.0437 2.8
    endloop
  endfacet
  facet normal 0 0 -1
    outer loop
      vertex 27.9314 68.6686 2.8
      vertex 29.0981 67.5019 2.8
      vertex 28.7785 67.2216 2.8
    endloop
  endfacet
  facet normal 0 0 -1
    outer loop
      vertex 28.2782 70.4123 2.8
      vertex 29.8026 71.0437 2.8
      vertex 28.3455 70.2141 2.8
    endloop
  endfacet
  facet normal 0 0 -1
    outer loop
      vertex 27.774 68.5306 2.8
      vertex 28.7785 67.2216 2.8
      vertex 28.425 66.9854 2.8
    endloop
  endfacet
  facet normal -0 0 -1
    outer loop
      vertex 29.8026 71.0437 2.8
      vertex 28.2782 70.4123 2.8
      vertex 29.6146 71.425 2.8
    endloop
  endfacet
  facet normal 0 0 -1
    outer loop
      vertex 28.1856 70.6 2.8
      vertex 29.6146 71.425 2.8
      vertex 28.2782 70.4123 2.8
    endloop
  endfacet
  facet normal 0 0 -1
    outer loop
      vertex 30.0222 69.3758 2.8
      vertex 28.3863 69.5912 2.8
      vertex 28.4 69.8 2.8
    endloop
  endfacet
  facet normal 0 0 -1
    outer loop
      vertex 29.9393 68.9588 2.8
      vertex 28.3455 69.3859 2.8
      vertex 28.3863 69.5912 2.8
    endloop
  endfacet
  facet normal 0 0 -1
    outer loop
      vertex 29.8026 68.5563 2.8
      vertex 28.2782 69.1877 2.8
      vertex 28.3455 69.3859 2.8
    endloop
  endfacet
  facet normal 0 0 -1
    outer loop
      vertex 29.6146 68.175 2.8
      vertex 28.1856 69 2.8
      vertex 28.2782 69.1877 2.8
    endloop
  endfacet
  facet normal 0 0 -1
    outer loop
      vertex 29.3784 67.8215 2.8
      vertex 28.0694 68.826 2.8
      vertex 28.1856 69 2.8
    endloop
  endfacet
  facet normal 0 0 -1
    outer loop
      vertex 27.6 68.4144 2.8
      vertex 28.425 66.9854 2.8
      vertex 28.0437 66.7974 2.8
    endloop
  endfacet
  facet normal 0 0 -1
    outer loop
      vertex 29.0981 67.5019 2.8
      vertex 27.9314 68.6686 2.8
      vertex 28.0694 68.826 2.8
    endloop
  endfacet
  facet normal 0 0 -1
    outer loop
      vertex 28.7785 67.2216 2.8
      vertex 27.774 68.5306 2.8
      vertex 27.9314 68.6686 2.8
    endloop
  endfacet
  facet normal 0 0 -1
    outer loop
      vertex 27.4123 68.3218 2.8
      vertex 28.0437 66.7974 2.8
      vertex 27.6412 66.6607 2.8
    endloop
  endfacet
  facet normal 0 0 -1
    outer loop
      vertex 28.425 66.9854 2.8
      vertex 27.6 68.4144 2.8
      vertex 27.774 68.5306 2.8
    endloop
  endfacet
  facet normal 0 0 -1
    outer loop
      vertex 28.0437 66.7974 2.8
      vertex 27.4123 68.3218 2.8
      vertex 27.6 68.4144 2.8
    endloop
  endfacet
  facet normal 0 0 -1
    outer loop
      vertex 27.2141 68.2545 2.8
      vertex 27.6412 66.6607 2.8
      vertex 27.2242 66.5778 2.8
    endloop
  endfacet
  facet normal 0 0 -1
    outer loop
      vertex 27.6412 66.6607 2.8
      vertex 27.2141 68.2545 2.8
      vertex 27.4123 68.3218 2.8
    endloop
  endfacet
  facet normal 0 0 -1
    outer loop
      vertex 27.2242 66.5778 2.8
      vertex 27.0088 68.2137 2.8
      vertex 27.2141 68.2545 2.8
    endloop
  endfacet
  facet normal 0 0 -1
    outer loop
      vertex 26.8 66.55 2.8
      vertex 27.0088 68.2137 2.8
      vertex 27.2242 66.5778 2.8
    endloop
  endfacet
  facet normal 0 0 -1
    outer loop
      vertex 26.8 66.55 2.8
      vertex 26.8 68.2 2.8
      vertex 27.0088 68.2137 2.8
    endloop
  endfacet
  facet normal 0 0 -1
    outer loop
      vertex 26.8 66.55 2.8
      vertex 26.5912 68.2137 2.8
      vertex 26.8 68.2 2.8
    endloop
  endfacet
  facet normal 0 0 -1
    outer loop
      vertex 26.3758 66.5778 2.8
      vertex 26.5912 68.2137 2.8
      vertex 26.8 66.55 2.8
    endloop
  endfacet
  facet normal -0 0 -1
    outer loop
      vertex 26.5912 68.2137 2.8
      vertex 26.3758 66.5778 2.8
      vertex 26.3859 68.2545 2.8
    endloop
  endfacet
  facet normal 0 0 -1
    outer loop
      vertex 25.9588 66.6607 2.8
      vertex 26.3859 68.2545 2.8
      vertex 26.3758 66.5778 2.8
    endloop
  endfacet
  facet normal -0 0 -1
    outer loop
      vertex 26.3859 68.2545 2.8
      vertex 25.9588 66.6607 2.8
      vertex 26.1877 68.3218 2.8
    endloop
  endfacet
  facet normal 0 0 -1
    outer loop
      vertex 25.5563 66.7974 2.8
      vertex 26.1877 68.3218 2.8
      vertex 25.9588 66.6607 2.8
    endloop
  endfacet
  facet normal -0 0 -1
    outer loop
      vertex 26.1877 68.3218 2.8
      vertex 25.5563 66.7974 2.8
      vertex 26 68.4144 2.8
    endloop
  endfacet
  facet normal 0 0 -1
    outer loop
      vertex 25.175 66.9854 2.8
      vertex 26 68.4144 2.8
      vertex 25.5563 66.7974 2.8
    endloop
  endfacet
  facet normal -0 0 -1
    outer loop
      vertex 26 68.4144 2.8
      vertex 25.175 66.9854 2.8
      vertex 25.826 68.5306 2.8
    endloop
  endfacet
  facet normal 0 0 -1
    outer loop
      vertex 24.8215 67.2216 2.8
      vertex 25.826 68.5306 2.8
      vertex 25.175 66.9854 2.8
    endloop
  endfacet
  facet normal -0 0 -1
    outer loop
      vertex 25.826 68.5306 2.8
      vertex 24.8215 67.2216 2.8
      vertex 25.6686 68.6686 2.8
    endloop
  endfacet
  facet normal 0 0 -1
    outer loop
      vertex 24.5019 67.5019 2.8
      vertex 25.6686 68.6686 2.8
      vertex 24.8215 67.2216 2.8
    endloop
  endfacet
  facet normal -0 0 -1
    outer loop
      vertex 25.6686 68.6686 2.8
      vertex 24.5019 67.5019 2.8
      vertex 25.5306 68.826 2.8
    endloop
  endfacet
  facet normal 0 0 -1
    outer loop
      vertex 24.2216 67.8215 2.8
      vertex 25.5306 68.826 2.8
      vertex 24.5019 67.5019 2.8
    endloop
  endfacet
  facet normal 0 0 -1
    outer loop
      vertex 23.9854 68.175 2.8
      vertex 25.4144 69 2.8
      vertex 24.2216 67.8215 2.8
    endloop
  endfacet
  facet normal -0 0 -1
    outer loop
      vertex 25.5306 68.826 2.8
      vertex 24.2216 67.8215 2.8
      vertex 25.4144 69 2.8
    endloop
  endfacet
  facet normal -0 0 -1
    outer loop
      vertex 29.6146 71.425 2.8
      vertex 28.1856 70.6 2.8
      vertex 29.3784 71.7785 2.8
    endloop
  endfacet
  facet normal 0 0 -1
    outer loop
      vertex 28.0694 70.774 2.8
      vertex 29.3784 71.7785 2.8
      vertex 28.1856 70.6 2.8
    endloop
  endfacet
  facet normal -0 0 -1
    outer loop
      vertex 29.3784 71.7785 2.8
      vertex 28.0694 70.774 2.8
      vertex 29.0981 72.0981 2.8
    endloop
  endfacet
  facet normal 0 0 -1
    outer loop
      vertex 27.9314 70.9314 2.8
      vertex 29.0981 72.0981 2.8
      vertex 28.0694 70.774 2.8
    endloop
  endfacet
  facet normal -0 0 -1
    outer loop
      vertex 29.0981 72.0981 2.8
      vertex 27.9314 70.9314 2.8
      vertex 28.7785 72.3784 2.8
    endloop
  endfacet
  facet normal 0 0 -1
    outer loop
      vertex 27.774 71.0694 2.8
      vertex 28.7785 72.3784 2.8
      vertex 27.9314 70.9314 2.8
    endloop
  endfacet
  facet normal -0 0 -1
    outer loop
      vertex 28.7785 72.3784 2.8
      vertex 27.774 71.0694 2.8
      vertex 28.425 72.6146 2.8
    endloop
  endfacet
  facet normal 0 0 -1
    outer loop
      vertex 27.6 71.1856 2.8
      vertex 28.425 72.6146 2.8
      vertex 27.774 71.0694 2.8
    endloop
  endfacet
  facet normal -0 0 -1
    outer loop
      vertex 28.425 72.6146 2.8
      vertex 27.6 71.1856 2.8
      vertex 28.0437 72.8026 2.8
    endloop
  endfacet
  facet normal 0 0 -1
    outer loop
      vertex 27.4123 71.2782 2.8
      vertex 28.0437 72.8026 2.8
      vertex 27.6 71.1856 2.8
    endloop
  endfacet
  facet normal -0 0 -1
    outer loop
      vertex 28.0437 72.8026 2.8
      vertex 27.4123 71.2782 2.8
      vertex 27.6412 72.9393 2.8
    endloop
  endfacet
  facet normal 0 0 -1
    outer loop
      vertex 27.2141 71.3455 2.8
      vertex 27.6412 72.9393 2.8
      vertex 27.4123 71.2782 2.8
    endloop
  endfacet
  facet normal -0 0 -1
    outer loop
      vertex 27.6412 72.9393 2.8
      vertex 27.2141 71.3455 2.8
      vertex 27.2242 73.0222 2.8
    endloop
  endfacet
  facet normal 0 0 -1
    outer loop
      vertex 27.0088 71.3863 2.8
      vertex 27.2242 73.0222 2.8
      vertex 27.2141 71.3455 2.8
    endloop
  endfacet
  facet normal 0 0 -1
    outer loop
      vertex 26.8 71.4 2.8
      vertex 27.2242 73.0222 2.8
      vertex 27.0088 71.3863 2.8
    endloop
  endfacet
  facet normal 0 0 -1
    outer loop
      vertex 26.8 71.4 2.8
      vertex 26.8 73.05 2.8
      vertex 27.2242 73.0222 2.8
    endloop
  endfacet
  facet normal 0 0 -1
    outer loop
      vertex 26.5912 71.3863 2.8
      vertex 26.8 73.05 2.8
      vertex 26.8 71.4 2.8
    endloop
  endfacet
  facet normal 0 0 -1
    outer loop
      vertex 26.3758 73.0222 2.8
      vertex 26.5912 71.3863 2.8
      vertex 26.3859 71.3455 2.8
    endloop
  endfacet
  facet normal 0 0 -1
    outer loop
      vertex 26.5912 71.3863 2.8
      vertex 26.3758 73.0222 2.8
      vertex 26.8 73.05 2.8
    endloop
  endfacet
  facet normal 0 0 -1
    outer loop
      vertex 25.9588 72.9393 2.8
      vertex 26.3859 71.3455 2.8
      vertex 26.1877 71.2782 2.8
    endloop
  endfacet
  facet normal 0 0 -1
    outer loop
      vertex 25.5563 72.8026 2.8
      vertex 26.1877 71.2782 2.8
      vertex 26 71.1856 2.8
    endloop
  endfacet
  facet normal 0 0 -1
    outer loop
      vertex 26.3859 71.3455 2.8
      vertex 25.9588 72.9393 2.8
      vertex 26.3758 73.0222 2.8
    endloop
  endfacet
  facet normal 0 0 -1
    outer loop
      vertex 25.175 72.6146 2.8
      vertex 26 71.1856 2.8
      vertex 25.826 71.0694 2.8
    endloop
  endfacet
  facet normal 0 0 -1
    outer loop
      vertex 24.8215 72.3784 2.8
      vertex 25.826 71.0694 2.8
      vertex 25.6686 70.9314 2.8
    endloop
  endfacet
  facet normal 0 0 -1
    outer loop
      vertex 26.1877 71.2782 2.8
      vertex 25.5563 72.8026 2.8
      vertex 25.9588 72.9393 2.8
    endloop
  endfacet
  facet normal 0 0 -1
    outer loop
      vertex 24.5019 72.0981 2.8
      vertex 25.6686 70.9314 2.8
      vertex 25.5306 70.774 2.8
    endloop
  endfacet
  facet normal 0 0 -1
    outer loop
      vertex 24.2216 71.7785 2.8
      vertex 25.5306 70.774 2.8
      vertex 25.4144 70.6 2.8
    endloop
  endfacet
  facet normal 0 0 -1
    outer loop
      vertex 23.9854 71.425 2.8
      vertex 25.4144 70.6 2.8
      vertex 25.3218 70.4123 2.8
    endloop
  endfacet
  facet normal 0 0 -1
    outer loop
      vertex 23.7974 71.0437 2.8
      vertex 25.3218 70.4123 2.8
      vertex 25.2545 70.2141 2.8
    endloop
  endfacet
  facet normal 0 0 -1
    outer loop
      vertex 23.6607 70.6412 2.8
      vertex 25.2545 70.2141 2.8
      vertex 25.2137 70.0088 2.8
    endloop
  endfacet
  facet normal 0 0 -1
    outer loop
      vertex 26 71.1856 2.8
      vertex 25.175 72.6146 2.8
      vertex 25.5563 72.8026 2.8
    endloop
  endfacet
  facet normal 0 0 -1
    outer loop
      vertex 23.5778 70.2242 2.8
      vertex 25.2137 70.0088 2.8
      vertex 25.2 69.8 2.8
    endloop
  endfacet
  facet normal -0 0 -1
    outer loop
      vertex 25.4144 69 2.8
      vertex 23.9854 68.175 2.8
      vertex 25.3218 69.1877 2.8
    endloop
  endfacet
  facet normal 0 0 -1
    outer loop
      vertex 23.7974 68.5563 2.8
      vertex 25.3218 69.1877 2.8
      vertex 23.9854 68.175 2.8
    endloop
  endfacet
  facet normal 0 0 -1
    outer loop
      vertex 25.826 71.0694 2.8
      vertex 24.8215 72.3784 2.8
      vertex 25.175 72.6146 2.8
    endloop
  endfacet
  facet normal -0 0 -1
    outer loop
      vertex 25.3218 69.1877 2.8
      vertex 23.7974 68.5563 2.8
      vertex 25.2545 69.3859 2.8
    endloop
  endfacet
  facet normal 0 0 -1
    outer loop
      vertex 25.6686 70.9314 2.8
      vertex 24.5019 72.0981 2.8
      vertex 24.8215 72.3784 2.8
    endloop
  endfacet
  facet normal 0 0 -1
    outer loop
      vertex 23.6607 68.9588 2.8
      vertex 25.2545 69.3859 2.8
      vertex 23.7974 68.5563 2.8
    endloop
  endfacet
  facet normal 0 0 -1
    outer loop
      vertex 25.5306 70.774 2.8
      vertex 24.2216 71.7785 2.8
      vertex 24.5019 72.0981 2.8
    endloop
  endfacet
  facet normal -0 0 -1
    outer loop
      vertex 25.2545 69.3859 2.8
      vertex 23.6607 68.9588 2.8
      vertex 25.2137 69.5912 2.8
    endloop
  endfacet
  facet normal 0 0 -1
    outer loop
      vertex 25.4144 70.6 2.8
      vertex 23.9854 71.425 2.8
      vertex 24.2216 71.7785 2.8
    endloop
  endfacet
  facet normal 0 0 -1
    outer loop
      vertex 23.5778 69.3758 2.8
      vertex 25.2137 69.5912 2.8
      vertex 23.6607 68.9588 2.8
    endloop
  endfacet
  facet normal 0 0 -1
    outer loop
      vertex 25.3218 70.4123 2.8
      vertex 23.7974 71.0437 2.8
      vertex 23.9854 71.425 2.8
    endloop
  endfacet
  facet normal -0 0 -1
    outer loop
      vertex 25.2137 69.5912 2.8
      vertex 23.5778 69.3758 2.8
      vertex 25.2 69.8 2.8
    endloop
  endfacet
  facet normal 0 0 -1
    outer loop
      vertex 25.2545 70.2141 2.8
      vertex 23.6607 70.6412 2.8
      vertex 23.7974 71.0437 2.8
    endloop
  endfacet
  facet normal 0 0 -1
    outer loop
      vertex 23.55 69.8 2.8
      vertex 25.2 69.8 2.8
      vertex 23.5778 69.3758 2.8
    endloop
  endfacet
  facet normal 0 0 -1
    outer loop
      vertex 25.2137 70.0088 2.8
      vertex 23.5778 70.2242 2.8
      vertex 23.6607 70.6412 2.8
    endloop
  endfacet
  facet normal 0 0 -1
    outer loop
      vertex 25.2 69.8 2.8
      vertex 23.55 69.8 2.8
      vertex 23.5778 70.2242 2.8
    endloop
  endfacet
  facet normal 0.896907 0.44222 0
    outer loop
      vertex 29.8026 71.0437 12.8
      vertex 29.6146 71.425 2.8
      vertex 29.6146 71.425 12.8
    endloop
  endfacet
  facet normal 0.896907 0.44222 0
    outer loop
      vertex 29.6146 71.425 2.8
      vertex 29.8026 71.0437 12.8
      vertex 29.8026 71.0437 2.8
    endloop
  endfacet
  facet normal 0.831471 0.555568 0
    outer loop
      vertex 29.6146 71.425 12.8
      vertex 29.3784 71.7785 2.8
      vertex 29.3784 71.7785 12.8
    endloop
  endfacet
  facet normal 0.831471 0.555568 0
    outer loop
      vertex 29.3784 71.7785 2.8
      vertex 29.6146 71.425 12.8
      vertex 29.6146 71.425 2.8
    endloop
  endfacet
  facet normal 0.44222 0.896907 -0
    outer loop
      vertex 28.425 72.6146 2.8
      vertex 28.0437 72.8026 12.8
      vertex 28.425 72.6146 12.8
    endloop
  endfacet
  facet normal 0.44222 0.896907 0
    outer loop
      vertex 28.0437 72.8026 12.8
      vertex 28.425 72.6146 2.8
      vertex 28.0437 72.8026 2.8
    endloop
  endfacet
  facet normal 0.555568 0.831471 -0
    outer loop
      vertex 28.7785 72.3784 2.8
      vertex 28.425 72.6146 12.8
      vertex 28.7785 72.3784 12.8
    endloop
  endfacet
  facet normal 0.555568 0.831471 0
    outer loop
      vertex 28.425 72.6146 12.8
      vertex 28.7785 72.3784 2.8
      vertex 28.425 72.6146 2.8
    endloop
  endfacet
  facet normal -0.896907 0.44222 0
    outer loop
      vertex 23.7974 71.0437 2.8
      vertex 23.9854 71.425 12.8
      vertex 23.9854 71.425 2.8
    endloop
  endfacet
  facet normal -0.896907 0.44222 0
    outer loop
      vertex 23.9854 71.425 12.8
      vertex 23.7974 71.0437 2.8
      vertex 23.7974 71.0437 12.8
    endloop
  endfacet
  facet normal -0.751818 0.65937 0
    outer loop
      vertex 24.2216 71.7785 2.8
      vertex 24.5019 72.0981 12.8
      vertex 24.5019 72.0981 2.8
    endloop
  endfacet
  facet normal -0.751818 0.65937 0
    outer loop
      vertex 24.5019 72.0981 12.8
      vertex 24.2216 71.7785 2.8
      vertex 24.2216 71.7785 12.8
    endloop
  endfacet
  facet normal 0 0 1
    outer loop
      vertex 28.4 69.8 12.8
      vertex 30.05 69.8 12.8
      vertex 30.0222 70.2242 12.8
    endloop
  endfacet
  facet normal 0 0 1
    outer loop
      vertex 28.3863 70.0088 12.8
      vertex 30.0222 70.2242 12.8
      vertex 29.9393 70.6412 12.8
    endloop
  endfacet
  facet normal 0 0 1
    outer loop
      vertex 30.05 69.8 12.8
      vertex 28.4 69.8 12.8
      vertex 30.0222 69.3758 12.8
    endloop
  endfacet
  facet normal 0 0 1
    outer loop
      vertex 28.3455 70.2141 12.8
      vertex 29.9393 70.6412 12.8
      vertex 29.8026 71.0437 12.8
    endloop
  endfacet
  facet normal -0 0 1
    outer loop
      vertex 28.3863 69.5912 12.8
      vertex 30.0222 69.3758 12.8
      vertex 28.4 69.8 12.8
    endloop
  endfacet
  facet normal 0 0 1
    outer loop
      vertex 28.2782 70.4123 12.8
      vertex 29.8026 71.0437 12.8
      vertex 29.6146 71.425 12.8
    endloop
  endfacet
  facet normal 0 0 1
    outer loop
      vertex 30.0222 69.3758 12.8
      vertex 28.3863 69.5912 12.8
      vertex 29.9393 68.9588 12.8
    endloop
  endfacet
  facet normal 0 0 1
    outer loop
      vertex 28.1856 70.6 12.8
      vertex 29.6146 71.425 12.8
      vertex 29.3784 71.7785 12.8
    endloop
  endfacet
  facet normal -0 0 1
    outer loop
      vertex 28.3455 69.3859 12.8
      vertex 29.9393 68.9588 12.8
      vertex 28.3863 69.5912 12.8
    endloop
  endfacet
  facet normal 0 0 1
    outer loop
      vertex 28.0694 70.774 12.8
      vertex 29.3784 71.7785 12.8
      vertex 29.0981 72.0981 12.8
    endloop
  endfacet
  facet normal 0 0 1
    outer loop
      vertex 29.9393 68.9588 12.8
      vertex 28.3455 69.3859 12.8
      vertex 29.8026 68.5563 12.8
    endloop
  endfacet
  facet normal 0 0 1
    outer loop
      vertex 27.9314 70.9314 12.8
      vertex 29.0981 72.0981 12.8
      vertex 28.7785 72.3784 12.8
    endloop
  endfacet
  facet normal -0 0 1
    outer loop
      vertex 28.2782 69.1877 12.8
      vertex 29.8026 68.5563 12.8
      vertex 28.3455 69.3859 12.8
    endloop
  endfacet
  facet normal 0 0 1
    outer loop
      vertex 27.774 71.0694 12.8
      vertex 28.7785 72.3784 12.8
      vertex 28.425 72.6146 12.8
    endloop
  endfacet
  facet normal 0 0 1
    outer loop
      vertex 29.8026 68.5563 12.8
      vertex 28.2782 69.1877 12.8
      vertex 29.6146 68.175 12.8
    endloop
  endfacet
  facet normal -0 0 1
    outer loop
      vertex 28.1856 69 12.8
      vertex 29.6146 68.175 12.8
      vertex 28.2782 69.1877 12.8
    endloop
  endfacet
  facet normal 0 0 1
    outer loop
      vertex 30.0222 70.2242 12.8
      vertex 28.3863 70.0088 12.8
      vertex 28.4 69.8 12.8
    endloop
  endfacet
  facet normal 0 0 1
    outer loop
      vertex 29.9393 70.6412 12.8
      vertex 28.3455 70.2141 12.8
      vertex 28.3863 70.0088 12.8
    endloop
  endfacet
  facet normal 0 0 1
    outer loop
      vertex 29.8026 71.0437 12.8
      vertex 28.2782 70.4123 12.8
      vertex 28.3455 70.2141 12.8
    endloop
  endfacet
  facet normal 0 0 1
    outer loop
      vertex 29.6146 71.425 12.8
      vertex 28.1856 70.6 12.8
      vertex 28.2782 70.4123 12.8
    endloop
  endfacet
  facet normal 0 0 1
    outer loop
      vertex 29.3784 71.7785 12.8
      vertex 28.0694 70.774 12.8
      vertex 28.1856 70.6 12.8
    endloop
  endfacet
  facet normal 0 0 1
    outer loop
      vertex 27.6 71.1856 12.8
      vertex 28.425 72.6146 12.8
      vertex 28.0437 72.8026 12.8
    endloop
  endfacet
  facet normal 0 0 1
    outer loop
      vertex 29.0981 72.0981 12.8
      vertex 27.9314 70.9314 12.8
      vertex 28.0694 70.774 12.8
    endloop
  endfacet
  facet normal 0 0 1
    outer loop
      vertex 28.7785 72.3784 12.8
      vertex 27.774 71.0694 12.8
      vertex 27.9314 70.9314 12.8
    endloop
  endfacet
  facet normal 0 0 1
    outer loop
      vertex 27.4123 71.2782 12.8
      vertex 28.0437 72.8026 12.8
      vertex 27.6412 72.9393 12.8
    endloop
  endfacet
  facet normal 0 0 1
    outer loop
      vertex 28.425 72.6146 12.8
      vertex 27.6 71.1856 12.8
      vertex 27.774 71.0694 12.8
    endloop
  endfacet
  facet normal 0 0 1
    outer loop
      vertex 28.0437 72.8026 12.8
      vertex 27.4123 71.2782 12.8
      vertex 27.6 71.1856 12.8
    endloop
  endfacet
  facet normal 0 0 1
    outer loop
      vertex 27.2141 71.3455 12.8
      vertex 27.6412 72.9393 12.8
      vertex 27.2242 73.0222 12.8
    endloop
  endfacet
  facet normal 0 0 1
    outer loop
      vertex 27.6412 72.9393 12.8
      vertex 27.2141 71.3455 12.8
      vertex 27.4123 71.2782 12.8
    endloop
  endfacet
  facet normal 0 0 1
    outer loop
      vertex 27.2242 73.0222 12.8
      vertex 27.0088 71.3863 12.8
      vertex 27.2141 71.3455 12.8
    endloop
  endfacet
  facet normal 0 0 1
    outer loop
      vertex 26.8 73.05 12.8
      vertex 27.0088 71.3863 12.8
      vertex 27.2242 73.0222 12.8
    endloop
  endfacet
  facet normal 0 0 1
    outer loop
      vertex 26.8 73.05 12.8
      vertex 26.8 71.4 12.8
      vertex 27.0088 71.3863 12.8
    endloop
  endfacet
  facet normal 0 0 1
    outer loop
      vertex 26.8 73.05 12.8
      vertex 26.5912 71.3863 12.8
      vertex 26.8 71.4 12.8
    endloop
  endfacet
  facet normal -0 0 1
    outer loop
      vertex 26.3758 73.0222 12.8
      vertex 26.5912 71.3863 12.8
      vertex 26.8 73.05 12.8
    endloop
  endfacet
  facet normal 0 0 1
    outer loop
      vertex 26.5912 71.3863 12.8
      vertex 26.3758 73.0222 12.8
      vertex 26.3859 71.3455 12.8
    endloop
  endfacet
  facet normal -0 0 1
    outer loop
      vertex 25.9588 72.9393 12.8
      vertex 26.3859 71.3455 12.8
      vertex 26.3758 73.0222 12.8
    endloop
  endfacet
  facet normal 0 0 1
    outer loop
      vertex 26.3859 71.3455 12.8
      vertex 25.9588 72.9393 12.8
      vertex 26.1877 71.2782 12.8
    endloop
  endfacet
  facet normal -0 0 1
    outer loop
      vertex 25.5563 72.8026 12.8
      vertex 26.1877 71.2782 12.8
      vertex 25.9588 72.9393 12.8
    endloop
  endfacet
  facet normal 0 0 1
    outer loop
      vertex 26.1877 71.2782 12.8
      vertex 25.5563 72.8026 12.8
      vertex 26 71.1856 12.8
    endloop
  endfacet
  facet normal -0 0 1
    outer loop
      vertex 25.175 72.6146 12.8
      vertex 26 71.1856 12.8
      vertex 25.5563 72.8026 12.8
    endloop
  endfacet
  facet normal 0 0 1
    outer loop
      vertex 26 71.1856 12.8
      vertex 25.175 72.6146 12.8
      vertex 25.826 71.0694 12.8
    endloop
  endfacet
  facet normal -0 0 1
    outer loop
      vertex 24.8215 72.3784 12.8
      vertex 25.826 71.0694 12.8
      vertex 25.175 72.6146 12.8
    endloop
  endfacet
  facet normal 0 0 1
    outer loop
      vertex 25.826 71.0694 12.8
      vertex 24.8215 72.3784 12.8
      vertex 25.6686 70.9314 12.8
    endloop
  endfacet
  facet normal -0 0 1
    outer loop
      vertex 24.5019 72.0981 12.8
      vertex 25.6686 70.9314 12.8
      vertex 24.8215 72.3784 12.8
    endloop
  endfacet
  facet normal 0 0 1
    outer loop
      vertex 25.6686 70.9314 12.8
      vertex 24.5019 72.0981 12.8
      vertex 25.5306 70.774 12.8
    endloop
  endfacet
  facet normal -0 0 1
    outer loop
      vertex 24.2216 71.7785 12.8
      vertex 25.5306 70.774 12.8
      vertex 24.5019 72.0981 12.8
    endloop
  endfacet
  facet normal -0 0 1
    outer loop
      vertex 23.9854 71.425 12.8
      vertex 25.4144 70.6 12.8
      vertex 24.2216 71.7785 12.8
    endloop
  endfacet
  facet normal 0 0 1
    outer loop
      vertex 25.5306 70.774 12.8
      vertex 24.2216 71.7785 12.8
      vertex 25.4144 70.6 12.8
    endloop
  endfacet
  facet normal 0 0 1
    outer loop
      vertex 29.6146 68.175 12.8
      vertex 28.1856 69 12.8
      vertex 29.3784 67.8215 12.8
    endloop
  endfacet
  facet normal -0 0 1
    outer loop
      vertex 28.0694 68.826 12.8
      vertex 29.3784 67.8215 12.8
      vertex 28.1856 69 12.8
    endloop
  endfacet
  facet normal 0 0 1
    outer loop
      vertex 29.3784 67.8215 12.8
      vertex 28.0694 68.826 12.8
      vertex 29.0981 67.5019 12.8
    endloop
  endfacet
  facet normal -0 0 1
    outer loop
      vertex 27.9314 68.6686 12.8
      vertex 29.0981 67.5019 12.8
      vertex 28.0694 68.826 12.8
    endloop
  endfacet
  facet normal 0 0 1
    outer loop
      vertex 29.0981 67.5019 12.8
      vertex 27.9314 68.6686 12.8
      vertex 28.7785 67.2216 12.8
    endloop
  endfacet
  facet normal -0 0 1
    outer loop
      vertex 27.774 68.5306 12.8
      vertex 28.7785 67.2216 12.8
      vertex 27.9314 68.6686 12.8
    endloop
  endfacet
  facet normal 0 0 1
    outer loop
      vertex 28.7785 67.2216 12.8
      vertex 27.774 68.5306 12.8
      vertex 28.425 66.9854 12.8
    endloop
  endfacet
  facet normal -0 0 1
    outer loop
      vertex 27.6 68.4144 12.8
      vertex 28.425 66.9854 12.8
      vertex 27.774 68.5306 12.8
    endloop
  endfacet
  facet normal 0 0 1
    outer loop
      vertex 28.425 66.9854 12.8
      vertex 27.6 68.4144 12.8
      vertex 28.0437 66.7974 12.8
    endloop
  endfacet
  facet normal -0 0 1
    outer loop
      vertex 27.4123 68.3218 12.8
      vertex 28.0437 66.7974 12.8
      vertex 27.6 68.4144 12.8
    endloop
  endfacet
  facet normal 0 0 1
    outer loop
      vertex 28.0437 66.7974 12.8
      vertex 27.4123 68.3218 12.8
      vertex 27.6412 66.6607 12.8
    endloop
  endfacet
  facet normal -0 0 1
    outer loop
      vertex 27.2141 68.2545 12.8
      vertex 27.6412 66.6607 12.8
      vertex 27.4123 68.3218 12.8
    endloop
  endfacet
  facet normal 0 0 1
    outer loop
      vertex 27.6412 66.6607 12.8
      vertex 27.2141 68.2545 12.8
      vertex 27.2242 66.5778 12.8
    endloop
  endfacet
  facet normal -0 0 1
    outer loop
      vertex 27.0088 68.2137 12.8
      vertex 27.2242 66.5778 12.8
      vertex 27.2141 68.2545 12.8
    endloop
  endfacet
  facet normal -0 0 1
    outer loop
      vertex 26.8 68.2 12.8
      vertex 27.2242 66.5778 12.8
      vertex 27.0088 68.2137 12.8
    endloop
  endfacet
  facet normal 0 0 1
    outer loop
      vertex 26.8 68.2 12.8
      vertex 26.8 66.55 12.8
      vertex 27.2242 66.5778 12.8
    endloop
  endfacet
  facet normal 0 0 1
    outer loop
      vertex 26.5912 68.2137 12.8
      vertex 26.8 66.55 12.8
      vertex 26.8 68.2 12.8
    endloop
  endfacet
  facet normal 0 0 1
    outer loop
      vertex 26.3758 66.5778 12.8
      vertex 26.5912 68.2137 12.8
      vertex 26.3859 68.2545 12.8
    endloop
  endfacet
  facet normal 0 0 1
    outer loop
      vertex 26.5912 68.2137 12.8
      vertex 26.3758 66.5778 12.8
      vertex 26.8 66.55 12.8
    endloop
  endfacet
  facet normal 0 0 1
    outer loop
      vertex 25.9588 66.6607 12.8
      vertex 26.3859 68.2545 12.8
      vertex 26.1877 68.3218 12.8
    endloop
  endfacet
  facet normal 0 0 1
    outer loop
      vertex 25.5563 66.7974 12.8
      vertex 26.1877 68.3218 12.8
      vertex 26 68.4144 12.8
    endloop
  endfacet
  facet normal 0 0 1
    outer loop
      vertex 26.3859 68.2545 12.8
      vertex 25.9588 66.6607 12.8
      vertex 26.3758 66.5778 12.8
    endloop
  endfacet
  facet normal 0 0 1
    outer loop
      vertex 25.175 66.9854 12.8
      vertex 26 68.4144 12.8
      vertex 25.826 68.5306 12.8
    endloop
  endfacet
  facet normal 0 0 1
    outer loop
      vertex 24.8215 67.2216 12.8
      vertex 25.826 68.5306 12.8
      vertex 25.6686 68.6686 12.8
    endloop
  endfacet
  facet normal 0 0 1
    outer loop
      vertex 26.1877 68.3218 12.8
      vertex 25.5563 66.7974 12.8
      vertex 25.9588 66.6607 12.8
    endloop
  endfacet
  facet normal 0 0 1
    outer loop
      vertex 24.5019 67.5019 12.8
      vertex 25.6686 68.6686 12.8
      vertex 25.5306 68.826 12.8
    endloop
  endfacet
  facet normal 0 0 1
    outer loop
      vertex 24.2216 67.8215 12.8
      vertex 25.5306 68.826 12.8
      vertex 25.4144 69 12.8
    endloop
  endfacet
  facet normal 0 0 1
    outer loop
      vertex 23.9854 68.175 12.8
      vertex 25.4144 69 12.8
      vertex 25.3218 69.1877 12.8
    endloop
  endfacet
  facet normal 0 0 1
    outer loop
      vertex 23.7974 68.5563 12.8
      vertex 25.3218 69.1877 12.8
      vertex 25.2545 69.3859 12.8
    endloop
  endfacet
  facet normal 0 0 1
    outer loop
      vertex 23.6607 68.9588 12.8
      vertex 25.2545 69.3859 12.8
      vertex 25.2137 69.5912 12.8
    endloop
  endfacet
  facet normal 0 0 1
    outer loop
      vertex 26 68.4144 12.8
      vertex 25.175 66.9854 12.8
      vertex 25.5563 66.7974 12.8
    endloop
  endfacet
  facet normal 0 0 1
    outer loop
      vertex 23.5778 69.3758 12.8
      vertex 25.2137 69.5912 12.8
      vertex 25.2 69.8 12.8
    endloop
  endfacet
  facet normal 0 0 1
    outer loop
      vertex 25.4144 70.6 12.8
      vertex 23.9854 71.425 12.8
      vertex 25.3218 70.4123 12.8
    endloop
  endfacet
  facet normal -0 0 1
    outer loop
      vertex 23.7974 71.0437 12.8
      vertex 25.3218 70.4123 12.8
      vertex 23.9854 71.425 12.8
    endloop
  endfacet
  facet normal 0 0 1
    outer loop
      vertex 25.826 68.5306 12.8
      vertex 24.8215 67.2216 12.8
      vertex 25.175 66.9854 12.8
    endloop
  endfacet
  facet normal 0 0 1
    outer loop
      vertex 25.3218 70.4123 12.8
      vertex 23.7974 71.0437 12.8
      vertex 25.2545 70.2141 12.8
    endloop
  endfacet
  facet normal 0 0 1
    outer loop
      vertex 25.6686 68.6686 12.8
      vertex 24.5019 67.5019 12.8
      vertex 24.8215 67.2216 12.8
    endloop
  endfacet
  facet normal -0 0 1
    outer loop
      vertex 23.6607 70.6412 12.8
      vertex 25.2545 70.2141 12.8
      vertex 23.7974 71.0437 12.8
    endloop
  endfacet
  facet normal 0 0 1
    outer loop
      vertex 25.5306 68.826 12.8
      vertex 24.2216 67.8215 12.8
      vertex 24.5019 67.5019 12.8
    endloop
  endfacet
  facet normal 0 0 1
    outer loop
      vertex 25.2545 70.2141 12.8
      vertex 23.6607 70.6412 12.8
      vertex 25.2137 70.0088 12.8
    endloop
  endfacet
  facet normal 0 0 1
    outer loop
      vertex 25.4144 69 12.8
      vertex 23.9854 68.175 12.8
      vertex 24.2216 67.8215 12.8
    endloop
  endfacet
  facet normal -0 0 1
    outer loop
      vertex 23.5778 70.2242 12.8
      vertex 25.2137 70.0088 12.8
      vertex 23.6607 70.6412 12.8
    endloop
  endfacet
  facet normal 0 0 1
    outer loop
      vertex 25.3218 69.1877 12.8
      vertex 23.7974 68.5563 12.8
      vertex 23.9854 68.175 12.8
    endloop
  endfacet
  facet normal 0 0 1
    outer loop
      vertex 25.2137 70.0088 12.8
      vertex 23.5778 70.2242 12.8
      vertex 25.2 69.8 12.8
    endloop
  endfacet
  facet normal 0 0 1
    outer loop
      vertex 25.2545 69.3859 12.8
      vertex 23.6607 68.9588 12.8
      vertex 23.7974 68.5563 12.8
    endloop
  endfacet
  facet normal 0 0 1
    outer loop
      vertex 23.55 69.8 12.8
      vertex 25.2 69.8 12.8
      vertex 23.5778 70.2242 12.8
    endloop
  endfacet
  facet normal 0 0 1
    outer loop
      vertex 25.2137 69.5912 12.8
      vertex 23.5778 69.3758 12.8
      vertex 23.6607 68.9588 12.8
    endloop
  endfacet
  facet normal 0 0 1
    outer loop
      vertex 25.2 69.8 12.8
      vertex 23.55 69.8 12.8
      vertex 23.5778 69.3758 12.8
    endloop
  endfacet
  facet normal -0.0653948 0.997859 0
    outer loop
      vertex 26.8 73.05 2.8
      vertex 26.3758 73.0222 12.8
      vertex 26.8 73.05 12.8
    endloop
  endfacet
  facet normal -0.0653948 0.997859 0
    outer loop
      vertex 26.3758 73.0222 12.8
      vertex 26.8 73.05 2.8
      vertex 26.3758 73.0222 2.8
    endloop
  endfacet
  facet normal 0.94688 -0.321586 0
    outer loop
      vertex 29.8026 68.5563 12.8
      vertex 29.9393 68.9588 2.8
      vertex 29.9393 68.9588 12.8
    endloop
  endfacet
  facet normal 0.94688 -0.321586 0
    outer loop
      vertex 29.9393 68.9588 2.8
      vertex 29.8026 68.5563 12.8
      vertex 29.8026 68.5563 2.8
    endloop
  endfacet
  facet normal 0.0653948 -0.997859 0
    outer loop
      vertex 26.8 66.55 2.8
      vertex 27.2242 66.5778 12.8
      vertex 26.8 66.55 12.8
    endloop
  endfacet
  facet normal 0.0653948 -0.997859 0
    outer loop
      vertex 27.2242 66.5778 12.8
      vertex 26.8 66.55 2.8
      vertex 27.2242 66.5778 2.8
    endloop
  endfacet
  facet normal -0.65937 -0.751818 0
    outer loop
      vertex 24.5019 67.5019 2.8
      vertex 24.8215 67.2216 12.8
      vertex 24.5019 67.5019 12.8
    endloop
  endfacet
  facet normal -0.65937 -0.751818 -0
    outer loop
      vertex 24.8215 67.2216 12.8
      vertex 24.5019 67.5019 2.8
      vertex 24.8215 67.2216 2.8
    endloop
  endfacet
  facet normal -0.997859 -0.0653948 0
    outer loop
      vertex 23.5778 69.3758 2.8
      vertex 23.55 69.8 12.8
      vertex 23.55 69.8 2.8
    endloop
  endfacet
  facet normal -0.997859 -0.0653948 0
    outer loop
      vertex 23.55 69.8 12.8
      vertex 23.5778 69.3758 2.8
      vertex 23.5778 69.3758 12.8
    endloop
  endfacet
  facet normal 0.94688 0.321586 0
    outer loop
      vertex 29.9393 70.6412 12.8
      vertex 29.8026 71.0437 2.8
      vertex 29.8026 71.0437 12.8
    endloop
  endfacet
  facet normal 0.94688 0.321586 0
    outer loop
      vertex 29.8026 71.0437 2.8
      vertex 29.9393 70.6412 12.8
      vertex 29.9393 70.6412 2.8
    endloop
  endfacet
  facet normal 0.980806 0.194985 0
    outer loop
      vertex 30.0222 70.2242 12.8
      vertex 29.9393 70.6412 2.8
      vertex 29.9393 70.6412 12.8
    endloop
  endfacet
  facet normal 0.980806 0.194985 0
    outer loop
      vertex 29.9393 70.6412 2.8
      vertex 30.0222 70.2242 12.8
      vertex 30.0222 70.2242 2.8
    endloop
  endfacet
  facet normal 0.751818 0.65937 0
    outer loop
      vertex 29.3784 71.7785 12.8
      vertex 29.0981 72.0981 2.8
      vertex 29.0981 72.0981 12.8
    endloop
  endfacet
  facet normal 0.751818 0.65937 0
    outer loop
      vertex 29.0981 72.0981 2.8
      vertex 29.3784 71.7785 12.8
      vertex 29.3784 71.7785 2.8
    endloop
  endfacet
  facet normal 0.321586 0.94688 -0
    outer loop
      vertex 28.0437 72.8026 2.8
      vertex 27.6412 72.9393 12.8
      vertex 28.0437 72.8026 12.8
    endloop
  endfacet
  facet normal 0.321586 0.94688 0
    outer loop
      vertex 27.6412 72.9393 12.8
      vertex 28.0437 72.8026 2.8
      vertex 27.6412 72.9393 2.8
    endloop
  endfacet
  facet normal 0.194985 0.980806 -0
    outer loop
      vertex 27.6412 72.9393 2.8
      vertex 27.2242 73.0222 12.8
      vertex 27.6412 72.9393 12.8
    endloop
  endfacet
  facet normal 0.194985 0.980806 0
    outer loop
      vertex 27.2242 73.0222 12.8
      vertex 27.6412 72.9393 2.8
      vertex 27.2242 73.0222 2.8
    endloop
  endfacet
  facet normal -0.831471 0.555568 0
    outer loop
      vertex 23.9854 71.425 2.8
      vertex 24.2216 71.7785 12.8
      vertex 24.2216 71.7785 2.8
    endloop
  endfacet
  facet normal -0.831471 0.555568 0
    outer loop
      vertex 24.2216 71.7785 12.8
      vertex 23.9854 71.425 2.8
      vertex 23.9854 71.425 12.8
    endloop
  endfacet
  facet normal -0.94688 0.321586 0
    outer loop
      vertex 23.6607 70.6412 2.8
      vertex 23.7974 71.0437 12.8
      vertex 23.7974 71.0437 2.8
    endloop
  endfacet
  facet normal -0.94688 0.321586 0
    outer loop
      vertex 23.7974 71.0437 12.8
      vertex 23.6607 70.6412 2.8
      vertex 23.6607 70.6412 12.8
    endloop
  endfacet
  facet normal -0.980806 0.194985 0
    outer loop
      vertex 23.5778 70.2242 2.8
      vertex 23.6607 70.6412 12.8
      vertex 23.6607 70.6412 2.8
    endloop
  endfacet
  facet normal -0.980806 0.194985 0
    outer loop
      vertex 23.6607 70.6412 12.8
      vertex 23.5778 70.2242 2.8
      vertex 23.5778 70.2242 12.8
    endloop
  endfacet
  facet normal -0.44222 0.896907 0
    outer loop
      vertex 25.5563 72.8026 2.8
      vertex 25.175 72.6146 12.8
      vertex 25.5563 72.8026 12.8
    endloop
  endfacet
  facet normal -0.44222 0.896907 0
    outer loop
      vertex 25.175 72.6146 12.8
      vertex 25.5563 72.8026 2.8
      vertex 25.175 72.6146 2.8
    endloop
  endfacet
  facet normal -0.555568 0.831471 0
    outer loop
      vertex 25.175 72.6146 2.8
      vertex 24.8215 72.3784 12.8
      vertex 25.175 72.6146 12.8
    endloop
  endfacet
  facet normal -0.555568 0.831471 0
    outer loop
      vertex 24.8215 72.3784 12.8
      vertex 25.175 72.6146 2.8
      vertex 24.8215 72.3784 2.8
    endloop
  endfacet
  facet normal -0.194985 0.980806 0
    outer loop
      vertex 26.3758 73.0222 2.8
      vertex 25.9588 72.9393 12.8
      vertex 26.3758 73.0222 12.8
    endloop
  endfacet
  facet normal -0.194985 0.980806 0
    outer loop
      vertex 25.9588 72.9393 12.8
      vertex 26.3758 73.0222 2.8
      vertex 25.9588 72.9393 2.8
    endloop
  endfacet
  facet normal 0.194985 -0.980806 0
    outer loop
      vertex 27.2242 66.5778 2.8
      vertex 27.6412 66.6607 12.8
      vertex 27.2242 66.5778 12.8
    endloop
  endfacet
  facet normal 0.194985 -0.980806 0
    outer loop
      vertex 27.6412 66.6607 12.8
      vertex 27.2242 66.5778 2.8
      vertex 27.6412 66.6607 2.8
    endloop
  endfacet
  facet normal 0.65937 -0.751818 0
    outer loop
      vertex 28.7785 67.2216 2.8
      vertex 29.0981 67.5019 12.8
      vertex 28.7785 67.2216 12.8
    endloop
  endfacet
  facet normal 0.65937 -0.751818 0
    outer loop
      vertex 29.0981 67.5019 12.8
      vertex 28.7785 67.2216 2.8
      vertex 29.0981 67.5019 2.8
    endloop
  endfacet
  facet normal 0.44222 -0.896907 0
    outer loop
      vertex 28.0437 66.7974 2.8
      vertex 28.425 66.9854 12.8
      vertex 28.0437 66.7974 12.8
    endloop
  endfacet
  facet normal 0.44222 -0.896907 0
    outer loop
      vertex 28.425 66.9854 12.8
      vertex 28.0437 66.7974 2.8
      vertex 28.425 66.9854 2.8
    endloop
  endfacet
  facet normal 0.831471 -0.555568 0
    outer loop
      vertex 29.3784 67.8215 12.8
      vertex 29.6146 68.175 2.8
      vertex 29.6146 68.175 12.8
    endloop
  endfacet
  facet normal 0.831471 -0.555568 0
    outer loop
      vertex 29.6146 68.175 2.8
      vertex 29.3784 67.8215 12.8
      vertex 29.3784 67.8215 2.8
    endloop
  endfacet
  facet normal -0.555568 -0.831471 0
    outer loop
      vertex 24.8215 67.2216 2.8
      vertex 25.175 66.9854 12.8
      vertex 24.8215 67.2216 12.8
    endloop
  endfacet
  facet normal -0.555568 -0.831471 -0
    outer loop
      vertex 25.175 66.9854 12.8
      vertex 24.8215 67.2216 2.8
      vertex 25.175 66.9854 2.8
    endloop
  endfacet
  facet normal -0.321586 -0.94688 0
    outer loop
      vertex 25.5563 66.7974 2.8
      vertex 25.9588 66.6607 12.8
      vertex 25.5563 66.7974 12.8
    endloop
  endfacet
  facet normal -0.321586 -0.94688 -0
    outer loop
      vertex 25.9588 66.6607 12.8
      vertex 25.5563 66.7974 2.8
      vertex 25.9588 66.6607 2.8
    endloop
  endfacet
  facet normal -0.0653948 -0.997859 0
    outer loop
      vertex 26.3758 66.5778 2.8
      vertex 26.8 66.55 12.8
      vertex 26.3758 66.5778 12.8
    endloop
  endfacet
  facet normal -0.0653948 -0.997859 -0
    outer loop
      vertex 26.8 66.55 12.8
      vertex 26.3758 66.5778 2.8
      vertex 26.8 66.55 2.8
    endloop
  endfacet
  facet normal -0.896907 -0.44222 0
    outer loop
      vertex 23.9854 68.175 2.8
      vertex 23.7974 68.5563 12.8
      vertex 23.7974 68.5563 2.8
    endloop
  endfacet
  facet normal -0.896907 -0.44222 0
    outer loop
      vertex 23.7974 68.5563 12.8
      vertex 23.9854 68.175 2.8
      vertex 23.9854 68.175 12.8
    endloop
  endfacet
  facet normal -0.751818 -0.65937 0
    outer loop
      vertex 24.5019 67.5019 2.8
      vertex 24.2216 67.8215 12.8
      vertex 24.2216 67.8215 2.8
    endloop
  endfacet
  facet normal -0.751818 -0.65937 0
    outer loop
      vertex 24.2216 67.8215 12.8
      vertex 24.5019 67.5019 2.8
      vertex 24.5019 67.5019 12.8
    endloop
  endfacet
  facet normal -0.980806 -0.194985 0
    outer loop
      vertex 23.6607 68.9588 2.8
      vertex 23.5778 69.3758 12.8
      vertex 23.5778 69.3758 2.8
    endloop
  endfacet
  facet normal -0.980806 -0.194985 0
    outer loop
      vertex 23.5778 69.3758 12.8
      vertex 23.6607 68.9588 2.8
      vertex 23.6607 68.9588 12.8
    endloop
  endfacet
  facet normal 0.321586 -0.94688 0
    outer loop
      vertex 27.6412 66.6607 2.8
      vertex 28.0437 66.7974 12.8
      vertex 27.6412 66.6607 12.8
    endloop
  endfacet
  facet normal 0.321586 -0.94688 0
    outer loop
      vertex 28.0437 66.7974 12.8
      vertex 27.6412 66.6607 2.8
      vertex 28.0437 66.7974 2.8
    endloop
  endfacet
  facet normal 0.751818 -0.65937 0
    outer loop
      vertex 29.0981 67.5019 12.8
      vertex 29.3784 67.8215 2.8
      vertex 29.3784 67.8215 12.8
    endloop
  endfacet
  facet normal 0.751818 -0.65937 0
    outer loop
      vertex 29.3784 67.8215 2.8
      vertex 29.0981 67.5019 12.8
      vertex 29.0981 67.5019 2.8
    endloop
  endfacet
  facet normal 0.555568 -0.831471 0
    outer loop
      vertex 28.425 66.9854 2.8
      vertex 28.7785 67.2216 12.8
      vertex 28.425 66.9854 12.8
    endloop
  endfacet
  facet normal 0.555568 -0.831471 0
    outer loop
      vertex 28.7785 67.2216 12.8
      vertex 28.425 66.9854 2.8
      vertex 28.7785 67.2216 2.8
    endloop
  endfacet
  facet normal 0.980806 -0.194985 0
    outer loop
      vertex 29.9393 68.9588 12.8
      vertex 30.0222 69.3758 2.8
      vertex 30.0222 69.3758 12.8
    endloop
  endfacet
  facet normal 0.980806 -0.194985 0
    outer loop
      vertex 30.0222 69.3758 2.8
      vertex 29.9393 68.9588 12.8
      vertex 29.9393 68.9588 2.8
    endloop
  endfacet
  facet normal 0.896907 -0.44222 0
    outer loop
      vertex 29.6146 68.175 12.8
      vertex 29.8026 68.5563 2.8
      vertex 29.8026 68.5563 12.8
    endloop
  endfacet
  facet normal 0.896907 -0.44222 0
    outer loop
      vertex 29.8026 68.5563 2.8
      vertex 29.6146 68.175 12.8
      vertex 29.6146 68.175 2.8
    endloop
  endfacet
  facet normal -0.44222 -0.896907 0
    outer loop
      vertex 25.175 66.9854 2.8
      vertex 25.5563 66.7974 12.8
      vertex 25.175 66.9854 12.8
    endloop
  endfacet
  facet normal -0.44222 -0.896907 -0
    outer loop
      vertex 25.5563 66.7974 12.8
      vertex 25.175 66.9854 2.8
      vertex 25.5563 66.7974 2.8
    endloop
  endfacet
  facet normal -0.194985 -0.980806 0
    outer loop
      vertex 25.9588 66.6607 2.8
      vertex 26.3758 66.5778 12.8
      vertex 25.9588 66.6607 12.8
    endloop
  endfacet
  facet normal -0.194985 -0.980806 -0
    outer loop
      vertex 26.3758 66.5778 12.8
      vertex 25.9588 66.6607 2.8
      vertex 26.3758 66.5778 2.8
    endloop
  endfacet
  facet normal -0.831471 -0.555568 0
    outer loop
      vertex 24.2216 67.8215 2.8
      vertex 23.9854 68.175 12.8
      vertex 23.9854 68.175 2.8
    endloop
  endfacet
  facet normal -0.831471 -0.555568 0
    outer loop
      vertex 23.9854 68.175 12.8
      vertex 24.2216 67.8215 2.8
      vertex 24.2216 67.8215 12.8
    endloop
  endfacet
  facet normal -0.94688 -0.321586 0
    outer loop
      vertex 23.7974 68.5563 2.8
      vertex 23.6607 68.9588 12.8
      vertex 23.6607 68.9588 2.8
    endloop
  endfacet
  facet normal -0.94688 -0.321586 0
    outer loop
      vertex 23.6607 68.9588 12.8
      vertex 23.7974 68.5563 2.8
      vertex 23.7974 68.5563 12.8
    endloop
  endfacet
  facet normal 0.997859 -0.0653948 0
    outer loop
      vertex 30.0222 69.3758 12.8
      vertex 30.05 69.8 2.8
      vertex 30.05 69.8 12.8
    endloop
  endfacet
  facet normal 0.997859 -0.0653948 0
    outer loop
      vertex 30.05 69.8 2.8
      vertex 30.0222 69.3758 12.8
      vertex 30.0222 69.3758 2.8
    endloop
  endfacet
  facet normal -0.896803 -0.442429 0
    outer loop
      vertex 28.2782 70.4123 2.8
      vertex 28.1856 70.6 12.8
      vertex 28.1856 70.6 2.8
    endloop
  endfacet
  facet normal -0.896803 -0.442429 0
    outer loop
      vertex 28.1856 70.6 12.8
      vertex 28.2782 70.4123 2.8
      vertex 28.2782 70.4123 12.8
    endloop
  endfacet
  facet normal -0.831609 -0.555362 0
    outer loop
      vertex 28.1856 70.6 2.8
      vertex 28.0694 70.774 12.8
      vertex 28.0694 70.774 2.8
    endloop
  endfacet
  facet normal -0.831609 -0.555362 0
    outer loop
      vertex 28.0694 70.774 12.8
      vertex 28.1856 70.6 2.8
      vertex 28.1856 70.6 12.8
    endloop
  endfacet
  facet normal -0.194922 -0.980819 0
    outer loop
      vertex 27.0088 71.3863 2.8
      vertex 27.2141 71.3455 12.8
      vertex 27.0088 71.3863 12.8
    endloop
  endfacet
  facet normal -0.194922 -0.980819 -0
    outer loop
      vertex 27.2141 71.3455 12.8
      vertex 27.0088 71.3863 2.8
      vertex 27.2141 71.3455 2.8
    endloop
  endfacet
  facet normal -0.321526 -0.946901 0
    outer loop
      vertex 27.2141 71.3455 2.8
      vertex 27.4123 71.2782 12.8
      vertex 27.2141 71.3455 12.8
    endloop
  endfacet
  facet normal -0.321526 -0.946901 -0
    outer loop
      vertex 27.4123 71.2782 12.8
      vertex 27.2141 71.3455 2.8
      vertex 27.4123 71.2782 2.8
    endloop
  endfacet
  facet normal 0.442429 -0.896803 0
    outer loop
      vertex 26 71.1856 2.8
      vertex 26.1877 71.2782 12.8
      vertex 26 71.1856 12.8
    endloop
  endfacet
  facet normal 0.442429 -0.896803 0
    outer loop
      vertex 26.1877 71.2782 12.8
      vertex 26 71.1856 2.8
      vertex 26.1877 71.2782 2.8
    endloop
  endfacet
  facet normal 0.946901 -0.321526 0
    outer loop
      vertex 25.2545 70.2141 12.8
      vertex 25.3218 70.4123 2.8
      vertex 25.3218 70.4123 12.8
    endloop
  endfacet
  facet normal 0.946901 -0.321526 0
    outer loop
      vertex 25.3218 70.4123 2.8
      vertex 25.2545 70.2141 12.8
      vertex 25.2545 70.2141 2.8
    endloop
  endfacet
  facet normal -0.980819 0.194922 0
    outer loop
      vertex 28.3455 69.3859 2.8
      vertex 28.3863 69.5912 12.8
      vertex 28.3863 69.5912 2.8
    endloop
  endfacet
  facet normal -0.980819 0.194922 0
    outer loop
      vertex 28.3863 69.5912 12.8
      vertex 28.3455 69.3859 2.8
      vertex 28.3455 69.3859 12.8
    endloop
  endfacet
  facet normal -0.442429 -0.896803 0
    outer loop
      vertex 27.4123 71.2782 2.8
      vertex 27.6 71.1856 12.8
      vertex 27.4123 71.2782 12.8
    endloop
  endfacet
  facet normal -0.442429 -0.896803 -0
    outer loop
      vertex 27.6 71.1856 12.8
      vertex 27.4123 71.2782 2.8
      vertex 27.6 71.1856 2.8
    endloop
  endfacet
  facet normal 0.997854 -0.0654722 0
    outer loop
      vertex 25.2 69.8 12.8
      vertex 25.2137 70.0088 2.8
      vertex 25.2137 70.0088 12.8
    endloop
  endfacet
  facet normal 0.997854 -0.0654722 0
    outer loop
      vertex 25.2137 70.0088 2.8
      vertex 25.2 69.8 12.8
      vertex 25.2 69.8 2.8
    endloop
  endfacet
  facet normal 0.831609 -0.555362 0
    outer loop
      vertex 25.4144 70.6 12.8
      vertex 25.5306 70.774 2.8
      vertex 25.5306 70.774 12.8
    endloop
  endfacet
  facet normal 0.831609 -0.555362 0
    outer loop
      vertex 25.5306 70.774 2.8
      vertex 25.4144 70.6 12.8
      vertex 25.4144 70.6 2.8
    endloop
  endfacet
  facet normal 0.555362 -0.831609 0
    outer loop
      vertex 25.826 71.0694 2.8
      vertex 26 71.1856 12.8
      vertex 25.826 71.0694 12.8
    endloop
  endfacet
  facet normal 0.555362 -0.831609 0
    outer loop
      vertex 26 71.1856 12.8
      vertex 25.826 71.0694 2.8
      vertex 26 71.1856 2.8
    endloop
  endfacet
  facet normal 0.321526 -0.946901 0
    outer loop
      vertex 26.1877 71.2782 2.8
      vertex 26.3859 71.3455 12.8
      vertex 26.1877 71.2782 12.8
    endloop
  endfacet
  facet normal 0.321526 -0.946901 0
    outer loop
      vertex 26.3859 71.3455 12.8
      vertex 26.1877 71.2782 2.8
      vertex 26.3859 71.3455 2.8
    endloop
  endfacet
  facet normal -0.997854 0.0654722 0
    outer loop
      vertex 28.3863 69.5912 2.8
      vertex 28.4 69.8 12.8
      vertex 28.4 69.8 2.8
    endloop
  endfacet
  facet normal -0.997854 0.0654722 0
    outer loop
      vertex 28.4 69.8 12.8
      vertex 28.3863 69.5912 2.8
      vertex 28.3863 69.5912 12.8
    endloop
  endfacet
  facet normal -0.946901 0.321526 0
    outer loop
      vertex 28.2782 69.1877 2.8
      vertex 28.3455 69.3859 12.8
      vertex 28.3455 69.3859 2.8
    endloop
  endfacet
  facet normal -0.946901 0.321526 0
    outer loop
      vertex 28.3455 69.3859 12.8
      vertex 28.2782 69.1877 2.8
      vertex 28.2782 69.1877 12.8
    endloop
  endfacet
  facet normal -0.555362 0.831609 0
    outer loop
      vertex 27.774 68.5306 2.8
      vertex 27.6 68.4144 12.8
      vertex 27.774 68.5306 12.8
    endloop
  endfacet
  facet normal -0.555362 0.831609 0
    outer loop
      vertex 27.6 68.4144 12.8
      vertex 27.774 68.5306 2.8
      vertex 27.6 68.4144 2.8
    endloop
  endfacet
  facet normal -0.946901 -0.321526 0
    outer loop
      vertex 28.3455 70.2141 2.8
      vertex 28.2782 70.4123 12.8
      vertex 28.2782 70.4123 2.8
    endloop
  endfacet
  facet normal -0.946901 -0.321526 0
    outer loop
      vertex 28.2782 70.4123 12.8
      vertex 28.3455 70.2141 2.8
      vertex 28.3455 70.2141 12.8
    endloop
  endfacet
  facet normal -0.659248 -0.751925 0
    outer loop
      vertex 27.774 71.0694 2.8
      vertex 27.9314 70.9314 12.8
      vertex 27.774 71.0694 12.8
    endloop
  endfacet
  facet normal -0.659248 -0.751925 -0
    outer loop
      vertex 27.9314 70.9314 12.8
      vertex 27.774 71.0694 2.8
      vertex 27.9314 70.9314 2.8
    endloop
  endfacet
  facet normal 0.0654722 -0.997854 0
    outer loop
      vertex 26.5912 71.3863 2.8
      vertex 26.8 71.4 12.8
      vertex 26.5912 71.3863 12.8
    endloop
  endfacet
  facet normal 0.0654722 -0.997854 0
    outer loop
      vertex 26.8 71.4 12.8
      vertex 26.5912 71.3863 2.8
      vertex 26.8 71.4 2.8
    endloop
  endfacet
  facet normal -0.555362 -0.831609 0
    outer loop
      vertex 27.6 71.1856 2.8
      vertex 27.774 71.0694 12.8
      vertex 27.6 71.1856 12.8
    endloop
  endfacet
  facet normal -0.555362 -0.831609 -0
    outer loop
      vertex 27.774 71.0694 12.8
      vertex 27.6 71.1856 2.8
      vertex 27.774 71.0694 2.8
    endloop
  endfacet
  facet normal 0.980819 -0.194922 0
    outer loop
      vertex 25.2137 70.0088 12.8
      vertex 25.2545 70.2141 2.8
      vertex 25.2545 70.2141 12.8
    endloop
  endfacet
  facet normal 0.980819 -0.194922 0
    outer loop
      vertex 25.2545 70.2141 2.8
      vertex 25.2137 70.0088 12.8
      vertex 25.2137 70.0088 2.8
    endloop
  endfacet
  facet normal 0.896803 -0.442429 0
    outer loop
      vertex 25.3218 70.4123 12.8
      vertex 25.4144 70.6 2.8
      vertex 25.4144 70.6 12.8
    endloop
  endfacet
  facet normal 0.896803 -0.442429 0
    outer loop
      vertex 25.4144 70.6 2.8
      vertex 25.3218 70.4123 12.8
      vertex 25.3218 70.4123 2.8
    endloop
  endfacet
  facet normal 0.194922 -0.980819 0
    outer loop
      vertex 26.3859 71.3455 2.8
      vertex 26.5912 71.3863 12.8
      vertex 26.3859 71.3455 12.8
    endloop
  endfacet
  facet normal 0.194922 -0.980819 0
    outer loop
      vertex 26.5912 71.3863 12.8
      vertex 26.3859 71.3455 2.8
      vertex 26.5912 71.3863 2.8
    endloop
  endfacet
  facet normal 0.659248 -0.751925 0
    outer loop
      vertex 25.6686 70.9314 2.8
      vertex 25.826 71.0694 12.8
      vertex 25.6686 70.9314 12.8
    endloop
  endfacet
  facet normal 0.659248 -0.751925 0
    outer loop
      vertex 25.826 71.0694 12.8
      vertex 25.6686 70.9314 2.8
      vertex 25.826 71.0694 2.8
    endloop
  endfacet
  facet normal 0.751925 -0.659248 0
    outer loop
      vertex 25.5306 70.774 12.8
      vertex 25.6686 70.9314 2.8
      vertex 25.6686 70.9314 12.8
    endloop
  endfacet
  facet normal 0.751925 -0.659248 0
    outer loop
      vertex 25.6686 70.9314 2.8
      vertex 25.5306 70.774 12.8
      vertex 25.5306 70.774 2.8
    endloop
  endfacet
  facet normal -0.997854 -0.0654722 0
    outer loop
      vertex 28.4 69.8 2.8
      vertex 28.3863 70.0088 12.8
      vertex 28.3863 70.0088 2.8
    endloop
  endfacet
  facet normal -0.997854 -0.0654722 0
    outer loop
      vertex 28.3863 70.0088 12.8
      vertex 28.4 69.8 2.8
      vertex 28.4 69.8 12.8
    endloop
  endfacet
  facet normal -0.831609 0.555362 0
    outer loop
      vertex 28.0694 68.826 2.8
      vertex 28.1856 69 12.8
      vertex 28.1856 69 2.8
    endloop
  endfacet
  facet normal -0.831609 0.555362 0
    outer loop
      vertex 28.1856 69 12.8
      vertex 28.0694 68.826 2.8
      vertex 28.0694 68.826 12.8
    endloop
  endfacet
  facet normal 0.997854 0.0654722 0
    outer loop
      vertex 25.2137 69.5912 12.8
      vertex 25.2 69.8 2.8
      vertex 25.2 69.8 12.8
    endloop
  endfacet
  facet normal 0.997854 0.0654722 0
    outer loop
      vertex 25.2 69.8 2.8
      vertex 25.2137 69.5912 12.8
      vertex 25.2137 69.5912 2.8
    endloop
  endfacet
  facet normal 0.896803 0.442429 0
    outer loop
      vertex 25.4144 69 12.8
      vertex 25.3218 69.1877 2.8
      vertex 25.3218 69.1877 12.8
    endloop
  endfacet
  facet normal 0.896803 0.442429 0
    outer loop
      vertex 25.3218 69.1877 2.8
      vertex 25.4144 69 12.8
      vertex 25.4144 69 2.8
    endloop
  endfacet
  facet normal -0.194922 0.980819 0
    outer loop
      vertex 27.2141 68.2545 2.8
      vertex 27.0088 68.2137 12.8
      vertex 27.2141 68.2545 12.8
    endloop
  endfacet
  facet normal -0.194922 0.980819 0
    outer loop
      vertex 27.0088 68.2137 12.8
      vertex 27.2141 68.2545 2.8
      vertex 27.0088 68.2137 2.8
    endloop
  endfacet
  facet normal -0.659248 0.751925 0
    outer loop
      vertex 27.9314 68.6686 2.8
      vertex 27.774 68.5306 12.8
      vertex 27.9314 68.6686 12.8
    endloop
  endfacet
  facet normal -0.659248 0.751925 0
    outer loop
      vertex 27.774 68.5306 12.8
      vertex 27.9314 68.6686 2.8
      vertex 27.774 68.5306 2.8
    endloop
  endfacet
  facet normal -0.980819 -0.194922 0
    outer loop
      vertex 28.3863 70.0088 2.8
      vertex 28.3455 70.2141 12.8
      vertex 28.3455 70.2141 2.8
    endloop
  endfacet
  facet normal -0.980819 -0.194922 0
    outer loop
      vertex 28.3455 70.2141 12.8
      vertex 28.3863 70.0088 2.8
      vertex 28.3863 70.0088 12.8
    endloop
  endfacet
  facet normal -0.751925 -0.659248 0
    outer loop
      vertex 28.0694 70.774 2.8
      vertex 27.9314 70.9314 12.8
      vertex 27.9314 70.9314 2.8
    endloop
  endfacet
  facet normal -0.751925 -0.659248 0
    outer loop
      vertex 27.9314 70.9314 12.8
      vertex 28.0694 70.774 2.8
      vertex 28.0694 70.774 12.8
    endloop
  endfacet
  facet normal -0.0654722 -0.997854 0
    outer loop
      vertex 26.8 71.4 2.8
      vertex 27.0088 71.3863 12.8
      vertex 26.8 71.4 12.8
    endloop
  endfacet
  facet normal -0.0654722 -0.997854 -0
    outer loop
      vertex 27.0088 71.3863 12.8
      vertex 26.8 71.4 2.8
      vertex 27.0088 71.3863 2.8
    endloop
  endfacet
  facet normal -0.896803 0.442429 0
    outer loop
      vertex 28.1856 69 2.8
      vertex 28.2782 69.1877 12.8
      vertex 28.2782 69.1877 2.8
    endloop
  endfacet
  facet normal -0.896803 0.442429 0
    outer loop
      vertex 28.2782 69.1877 12.8
      vertex 28.1856 69 2.8
      vertex 28.1856 69 12.8
    endloop
  endfacet
  facet normal 0.0654722 0.997854 -0
    outer loop
      vertex 26.8 68.2 2.8
      vertex 26.5912 68.2137 12.8
      vertex 26.8 68.2 12.8
    endloop
  endfacet
  facet normal 0.0654722 0.997854 0
    outer loop
      vertex 26.5912 68.2137 12.8
      vertex 26.8 68.2 2.8
      vertex 26.5912 68.2137 2.8
    endloop
  endfacet
  facet normal 0.946901 0.321526 0
    outer loop
      vertex 25.3218 69.1877 12.8
      vertex 25.2545 69.3859 2.8
      vertex 25.2545 69.3859 12.8
    endloop
  endfacet
  facet normal 0.946901 0.321526 0
    outer loop
      vertex 25.2545 69.3859 2.8
      vertex 25.3218 69.1877 12.8
      vertex 25.3218 69.1877 2.8
    endloop
  endfacet
  facet normal 0.980819 0.194922 0
    outer loop
      vertex 25.2545 69.3859 12.8
      vertex 25.2137 69.5912 2.8
      vertex 25.2137 69.5912 12.8
    endloop
  endfacet
  facet normal 0.980819 0.194922 0
    outer loop
      vertex 25.2137 69.5912 2.8
      vertex 25.2545 69.3859 12.8
      vertex 25.2545 69.3859 2.8
    endloop
  endfacet
  facet normal -0.442429 0.896803 0
    outer loop
      vertex 27.6 68.4144 2.8
      vertex 27.4123 68.3218 12.8
      vertex 27.6 68.4144 12.8
    endloop
  endfacet
  facet normal -0.442429 0.896803 0
    outer loop
      vertex 27.4123 68.3218 12.8
      vertex 27.6 68.4144 2.8
      vertex 27.4123 68.3218 2.8
    endloop
  endfacet
  facet normal -0.321526 0.946901 0
    outer loop
      vertex 27.4123 68.3218 2.8
      vertex 27.2141 68.2545 12.8
      vertex 27.4123 68.3218 12.8
    endloop
  endfacet
  facet normal -0.321526 0.946901 0
    outer loop
      vertex 27.2141 68.2545 12.8
      vertex 27.4123 68.3218 2.8
      vertex 27.2141 68.2545 2.8
    endloop
  endfacet
  facet normal -0.751925 0.659248 0
    outer loop
      vertex 27.9314 68.6686 2.8
      vertex 28.0694 68.826 12.8
      vertex 28.0694 68.826 2.8
    endloop
  endfacet
  facet normal -0.751925 0.659248 0
    outer loop
      vertex 28.0694 68.826 12.8
      vertex 27.9314 68.6686 2.8
      vertex 27.9314 68.6686 12.8
    endloop
  endfacet
  facet normal 0.321526 0.946901 -0
    outer loop
      vertex 26.3859 68.2545 2.8
      vertex 26.1877 68.3218 12.8
      vertex 26.3859 68.2545 12.8
    endloop
  endfacet
  facet normal 0.321526 0.946901 0
    outer loop
      vertex 26.1877 68.3218 12.8
      vertex 26.3859 68.2545 2.8
      vertex 26.1877 68.3218 2.8
    endloop
  endfacet
  facet normal -0.0654722 0.997854 0
    outer loop
      vertex 27.0088 68.2137 2.8
      vertex 26.8 68.2 12.8
      vertex 27.0088 68.2137 12.8
    endloop
  endfacet
  facet normal -0.0654722 0.997854 0
    outer loop
      vertex 26.8 68.2 12.8
      vertex 27.0088 68.2137 2.8
      vertex 26.8 68.2 2.8
    endloop
  endfacet
  facet normal 0.194922 0.980819 -0
    outer loop
      vertex 26.5912 68.2137 2.8
      vertex 26.3859 68.2545 12.8
      vertex 26.5912 68.2137 12.8
    endloop
  endfacet
  facet normal 0.194922 0.980819 0
    outer loop
      vertex 26.3859 68.2545 12.8
      vertex 26.5912 68.2137 2.8
      vertex 26.3859 68.2545 2.8
    endloop
  endfacet
  facet normal 0.751925 0.659248 0
    outer loop
      vertex 25.6686 68.6686 12.8
      vertex 25.5306 68.826 2.8
      vertex 25.5306 68.826 12.8
    endloop
  endfacet
  facet normal 0.751925 0.659248 0
    outer loop
      vertex 25.5306 68.826 2.8
      vertex 25.6686 68.6686 12.8
      vertex 25.6686 68.6686 2.8
    endloop
  endfacet
  facet normal 0.659248 0.751925 -0
    outer loop
      vertex 25.826 68.5306 2.8
      vertex 25.6686 68.6686 12.8
      vertex 25.826 68.5306 12.8
    endloop
  endfacet
  facet normal 0.659248 0.751925 0
    outer loop
      vertex 25.6686 68.6686 12.8
      vertex 25.826 68.5306 2.8
      vertex 25.6686 68.6686 2.8
    endloop
  endfacet
  facet normal 0.555362 0.831609 -0
    outer loop
      vertex 26 68.4144 2.8
      vertex 25.826 68.5306 12.8
      vertex 26 68.4144 12.8
    endloop
  endfacet
  facet normal 0.555362 0.831609 0
    outer loop
      vertex 25.826 68.5306 12.8
      vertex 26 68.4144 2.8
      vertex 25.826 68.5306 2.8
    endloop
  endfacet
  facet normal 0.831609 0.555362 0
    outer loop
      vertex 25.5306 68.826 12.8
      vertex 25.4144 69 2.8
      vertex 25.4144 69 12.8
    endloop
  endfacet
  facet normal 0.831609 0.555362 0
    outer loop
      vertex 25.4144 69 2.8
      vertex 25.5306 68.826 12.8
      vertex 25.5306 68.826 2.8
    endloop
  endfacet
  facet normal 0.442429 0.896803 -0
    outer loop
      vertex 26.1877 68.3218 2.8
      vertex 26 68.4144 12.8
      vertex 26.1877 68.3218 12.8
    endloop
  endfacet
  facet normal 0.442429 0.896803 0
    outer loop
      vertex 26 68.4144 12.8
      vertex 26.1877 68.3218 2.8
      vertex 26 68.4144 2.8
    endloop
  endfacet
  facet normal 0.997829 0.0658633 0
    outer loop
      vertex 132.05 69.8 12.8
      vertex 132.022 70.2242 2.8
      vertex 132.022 70.2242 12.8
    endloop
  endfacet
  facet normal 0.997829 0.0658633 0
    outer loop
      vertex 132.022 70.2242 2.8
      vertex 132.05 69.8 12.8
      vertex 132.05 69.8 2.8
    endloop
  endfacet
  facet normal -0.997829 0.0658633 0
    outer loop
      vertex 125.55 69.8 2.8
      vertex 125.578 70.2242 12.8
      vertex 125.578 70.2242 2.8
    endloop
  endfacet
  facet normal -0.997829 0.0658633 0
    outer loop
      vertex 125.578 70.2242 12.8
      vertex 125.55 69.8 2.8
      vertex 125.55 69.8 12.8
    endloop
  endfacet
  facet normal 0.0654256 0.997857 -0
    outer loop
      vertex 129.224 73.0222 2.8
      vertex 128.8 73.05 12.8
      vertex 129.224 73.0222 12.8
    endloop
  endfacet
  facet normal 0.0654256 0.997857 0
    outer loop
      vertex 128.8 73.05 12.8
      vertex 129.224 73.0222 2.8
      vertex 128.8 73.05 2.8
    endloop
  endfacet
  facet normal 0.658904 0.752227 -0
    outer loop
      vertex 131.098 72.0981 2.8
      vertex 130.778 72.3784 12.8
      vertex 131.098 72.0981 12.8
    endloop
  endfacet
  facet normal 0.658904 0.752227 0
    outer loop
      vertex 130.778 72.3784 12.8
      vertex 131.098 72.0981 2.8
      vertex 130.778 72.3784 2.8
    endloop
  endfacet
  facet normal -0.658904 0.752227 0
    outer loop
      vertex 126.822 72.3784 2.8
      vertex 126.502 72.0981 12.8
      vertex 126.822 72.3784 12.8
    endloop
  endfacet
  facet normal -0.658904 0.752227 0
    outer loop
      vertex 126.502 72.0981 12.8
      vertex 126.822 72.3784 2.8
      vertex 126.502 72.0981 2.8
    endloop
  endfacet
  facet normal -0.321229 0.947002 0
    outer loop
      vertex 127.959 72.9393 2.8
      vertex 127.556 72.8026 12.8
      vertex 127.959 72.9393 12.8
    endloop
  endfacet
  facet normal -0.321229 0.947002 0
    outer loop
      vertex 127.556 72.8026 12.8
      vertex 127.959 72.9393 2.8
      vertex 127.556 72.8026 2.8
    endloop
  endfacet
  facet normal 0 0 -1
    outer loop
      vertex 130.4 69.8 2.8
      vertex 132.05 69.8 2.8
      vertex 132.022 69.3758 2.8
    endloop
  endfacet
  facet normal 0 0 -1
    outer loop
      vertex 130.386 69.5912 2.8
      vertex 132.022 69.3758 2.8
      vertex 131.939 68.9588 2.8
    endloop
  endfacet
  facet normal 0 0 -1
    outer loop
      vertex 132.05 69.8 2.8
      vertex 130.4 69.8 2.8
      vertex 132.022 70.2242 2.8
    endloop
  endfacet
  facet normal 0 0 -1
    outer loop
      vertex 130.345 69.3859 2.8
      vertex 131.939 68.9588 2.8
      vertex 131.803 68.5563 2.8
    endloop
  endfacet
  facet normal 0 0 -1
    outer loop
      vertex 130.386 70.0088 2.8
      vertex 132.022 70.2242 2.8
      vertex 130.4 69.8 2.8
    endloop
  endfacet
  facet normal 0 0 -1
    outer loop
      vertex 130.278 69.1877 2.8
      vertex 131.803 68.5563 2.8
      vertex 131.615 68.175 2.8
    endloop
  endfacet
  facet normal -0 0 -1
    outer loop
      vertex 132.022 70.2242 2.8
      vertex 130.386 70.0088 2.8
      vertex 131.939 70.6412 2.8
    endloop
  endfacet
  facet normal 0 0 -1
    outer loop
      vertex 130.186 69 2.8
      vertex 131.615 68.175 2.8
      vertex 131.378 67.8215 2.8
    endloop
  endfacet
  facet normal 0 0 -1
    outer loop
      vertex 130.345 70.2141 2.8
      vertex 131.939 70.6412 2.8
      vertex 130.386 70.0088 2.8
    endloop
  endfacet
  facet normal 0 0 -1
    outer loop
      vertex 130.069 68.826 2.8
      vertex 131.378 67.8215 2.8
      vertex 131.098 67.5019 2.8
    endloop
  endfacet
  facet normal -0 0 -1
    outer loop
      vertex 131.939 70.6412 2.8
      vertex 130.345 70.2141 2.8
      vertex 131.803 71.0437 2.8
    endloop
  endfacet
  facet normal 0 0 -1
    outer loop
      vertex 129.931 68.6686 2.8
      vertex 131.098 67.5019 2.8
      vertex 130.778 67.2216 2.8
    endloop
  endfacet
  facet normal 0 0 -1
    outer loop
      vertex 130.278 70.4123 2.8
      vertex 131.803 71.0437 2.8
      vertex 130.345 70.2141 2.8
    endloop
  endfacet
  facet normal 0 0 -1
    outer loop
      vertex 129.774 68.5306 2.8
      vertex 130.778 67.2216 2.8
      vertex 130.425 66.9854 2.8
    endloop
  endfacet
  facet normal -0 0 -1
    outer loop
      vertex 131.803 71.0437 2.8
      vertex 130.278 70.4123 2.8
      vertex 131.615 71.425 2.8
    endloop
  endfacet
  facet normal 0 0 -1
    outer loop
      vertex 130.186 70.6 2.8
      vertex 131.615 71.425 2.8
      vertex 130.278 70.4123 2.8
    endloop
  endfacet
  facet normal 0 0 -1
    outer loop
      vertex 132.022 69.3758 2.8
      vertex 130.386 69.5912 2.8
      vertex 130.4 69.8 2.8
    endloop
  endfacet
  facet normal 0 0 -1
    outer loop
      vertex 131.939 68.9588 2.8
      vertex 130.345 69.3859 2.8
      vertex 130.386 69.5912 2.8
    endloop
  endfacet
  facet normal 0 0 -1
    outer loop
      vertex 131.803 68.5563 2.8
      vertex 130.278 69.1877 2.8
      vertex 130.345 69.3859 2.8
    endloop
  endfacet
  facet normal 0 0 -1
    outer loop
      vertex 131.615 68.175 2.8
      vertex 130.186 69 2.8
      vertex 130.278 69.1877 2.8
    endloop
  endfacet
  facet normal 0 0 -1
    outer loop
      vertex 131.378 67.8215 2.8
      vertex 130.069 68.826 2.8
      vertex 130.186 69 2.8
    endloop
  endfacet
  facet normal 0 0 -1
    outer loop
      vertex 129.6 68.4144 2.8
      vertex 130.425 66.9854 2.8
      vertex 130.044 66.7974 2.8
    endloop
  endfacet
  facet normal 0 0 -1
    outer loop
      vertex 131.098 67.5019 2.8
      vertex 129.931 68.6686 2.8
      vertex 130.069 68.826 2.8
    endloop
  endfacet
  facet normal 0 0 -1
    outer loop
      vertex 130.778 67.2216 2.8
      vertex 129.774 68.5306 2.8
      vertex 129.931 68.6686 2.8
    endloop
  endfacet
  facet normal 0 0 -1
    outer loop
      vertex 129.412 68.3218 2.8
      vertex 130.044 66.7974 2.8
      vertex 129.641 66.6607 2.8
    endloop
  endfacet
  facet normal 0 0 -1
    outer loop
      vertex 130.425 66.9854 2.8
      vertex 129.6 68.4144 2.8
      vertex 129.774 68.5306 2.8
    endloop
  endfacet
  facet normal 0 0 -1
    outer loop
      vertex 130.044 66.7974 2.8
      vertex 129.412 68.3218 2.8
      vertex 129.6 68.4144 2.8
    endloop
  endfacet
  facet normal 0 0 -1
    outer loop
      vertex 129.214 68.2545 2.8
      vertex 129.641 66.6607 2.8
      vertex 129.224 66.5778 2.8
    endloop
  endfacet
  facet normal 0 0 -1
    outer loop
      vertex 129.641 66.6607 2.8
      vertex 129.214 68.2545 2.8
      vertex 129.412 68.3218 2.8
    endloop
  endfacet
  facet normal 0 0 -1
    outer loop
      vertex 129.224 66.5778 2.8
      vertex 129.009 68.2137 2.8
      vertex 129.214 68.2545 2.8
    endloop
  endfacet
  facet normal 0 0 -1
    outer loop
      vertex 128.8 66.55 2.8
      vertex 129.009 68.2137 2.8
      vertex 129.224 66.5778 2.8
    endloop
  endfacet
  facet normal 0 0 -1
    outer loop
      vertex 128.8 66.55 2.8
      vertex 128.8 68.2 2.8
      vertex 129.009 68.2137 2.8
    endloop
  endfacet
  facet normal 0 0 -1
    outer loop
      vertex 128.8 66.55 2.8
      vertex 128.591 68.2137 2.8
      vertex 128.8 68.2 2.8
    endloop
  endfacet
  facet normal 0 0 -1
    outer loop
      vertex 128.376 66.5778 2.8
      vertex 128.591 68.2137 2.8
      vertex 128.8 66.55 2.8
    endloop
  endfacet
  facet normal -0 0 -1
    outer loop
      vertex 128.591 68.2137 2.8
      vertex 128.376 66.5778 2.8
      vertex 128.386 68.2545 2.8
    endloop
  endfacet
  facet normal 0 0 -1
    outer loop
      vertex 127.959 66.6607 2.8
      vertex 128.386 68.2545 2.8
      vertex 128.376 66.5778 2.8
    endloop
  endfacet
  facet normal -0 0 -1
    outer loop
      vertex 128.386 68.2545 2.8
      vertex 127.959 66.6607 2.8
      vertex 128.188 68.3218 2.8
    endloop
  endfacet
  facet normal 0 0 -1
    outer loop
      vertex 127.556 66.7974 2.8
      vertex 128.188 68.3218 2.8
      vertex 127.959 66.6607 2.8
    endloop
  endfacet
  facet normal -0 0 -1
    outer loop
      vertex 128.188 68.3218 2.8
      vertex 127.556 66.7974 2.8
      vertex 128 68.4144 2.8
    endloop
  endfacet
  facet normal 0 0 -1
    outer loop
      vertex 127.175 66.9854 2.8
      vertex 128 68.4144 2.8
      vertex 127.556 66.7974 2.8
    endloop
  endfacet
  facet normal -0 0 -1
    outer loop
      vertex 128 68.4144 2.8
      vertex 127.175 66.9854 2.8
      vertex 127.826 68.5306 2.8
    endloop
  endfacet
  facet normal 0 0 -1
    outer loop
      vertex 126.822 67.2216 2.8
      vertex 127.826 68.5306 2.8
      vertex 127.175 66.9854 2.8
    endloop
  endfacet
  facet normal -0 0 -1
    outer loop
      vertex 127.826 68.5306 2.8
      vertex 126.822 67.2216 2.8
      vertex 127.669 68.6686 2.8
    endloop
  endfacet
  facet normal 0 0 -1
    outer loop
      vertex 126.502 67.5019 2.8
      vertex 127.669 68.6686 2.8
      vertex 126.822 67.2216 2.8
    endloop
  endfacet
  facet normal -0 0 -1
    outer loop
      vertex 127.669 68.6686 2.8
      vertex 126.502 67.5019 2.8
      vertex 127.531 68.826 2.8
    endloop
  endfacet
  facet normal 0 0 -1
    outer loop
      vertex 126.222 67.8215 2.8
      vertex 127.531 68.826 2.8
      vertex 126.502 67.5019 2.8
    endloop
  endfacet
  facet normal 0 0 -1
    outer loop
      vertex 125.985 68.175 2.8
      vertex 127.414 69 2.8
      vertex 126.222 67.8215 2.8
    endloop
  endfacet
  facet normal -0 0 -1
    outer loop
      vertex 127.531 68.826 2.8
      vertex 126.222 67.8215 2.8
      vertex 127.414 69 2.8
    endloop
  endfacet
  facet normal -0 0 -1
    outer loop
      vertex 131.615 71.425 2.8
      vertex 130.186 70.6 2.8
      vertex 131.378 71.7785 2.8
    endloop
  endfacet
  facet normal 0 0 -1
    outer loop
      vertex 130.069 70.774 2.8
      vertex 131.378 71.7785 2.8
      vertex 130.186 70.6 2.8
    endloop
  endfacet
  facet normal -0 0 -1
    outer loop
      vertex 131.378 71.7785 2.8
      vertex 130.069 70.774 2.8
      vertex 131.098 72.0981 2.8
    endloop
  endfacet
  facet normal 0 0 -1
    outer loop
      vertex 129.931 70.9314 2.8
      vertex 131.098 72.0981 2.8
      vertex 130.069 70.774 2.8
    endloop
  endfacet
  facet normal -0 0 -1
    outer loop
      vertex 131.098 72.0981 2.8
      vertex 129.931 70.9314 2.8
      vertex 130.778 72.3784 2.8
    endloop
  endfacet
  facet normal 0 0 -1
    outer loop
      vertex 129.774 71.0694 2.8
      vertex 130.778 72.3784 2.8
      vertex 129.931 70.9314 2.8
    endloop
  endfacet
  facet normal -0 0 -1
    outer loop
      vertex 130.778 72.3784 2.8
      vertex 129.774 71.0694 2.8
      vertex 130.425 72.6146 2.8
    endloop
  endfacet
  facet normal 0 0 -1
    outer loop
      vertex 129.6 71.1856 2.8
      vertex 130.425 72.6146 2.8
      vertex 129.774 71.0694 2.8
    endloop
  endfacet
  facet normal -0 0 -1
    outer loop
      vertex 130.425 72.6146 2.8
      vertex 129.6 71.1856 2.8
      vertex 130.044 72.8026 2.8
    endloop
  endfacet
  facet normal 0 0 -1
    outer loop
      vertex 129.412 71.2782 2.8
      vertex 130.044 72.8026 2.8
      vertex 129.6 71.1856 2.8
    endloop
  endfacet
  facet normal -0 0 -1
    outer loop
      vertex 130.044 72.8026 2.8
      vertex 129.412 71.2782 2.8
      vertex 129.641 72.9393 2.8
    endloop
  endfacet
  facet normal 0 0 -1
    outer loop
      vertex 129.214 71.3455 2.8
      vertex 129.641 72.9393 2.8
      vertex 129.412 71.2782 2.8
    endloop
  endfacet
  facet normal -0 0 -1
    outer loop
      vertex 129.641 72.9393 2.8
      vertex 129.214 71.3455 2.8
      vertex 129.224 73.0222 2.8
    endloop
  endfacet
  facet normal 0 0 -1
    outer loop
      vertex 129.009 71.3863 2.8
      vertex 129.224 73.0222 2.8
      vertex 129.214 71.3455 2.8
    endloop
  endfacet
  facet normal 0 0 -1
    outer loop
      vertex 128.8 71.4 2.8
      vertex 129.224 73.0222 2.8
      vertex 129.009 71.3863 2.8
    endloop
  endfacet
  facet normal 0 0 -1
    outer loop
      vertex 128.8 71.4 2.8
      vertex 128.8 73.05 2.8
      vertex 129.224 73.0222 2.8
    endloop
  endfacet
  facet normal 0 0 -1
    outer loop
      vertex 128.591 71.3863 2.8
      vertex 128.8 73.05 2.8
      vertex 128.8 71.4 2.8
    endloop
  endfacet
  facet normal 0 0 -1
    outer loop
      vertex 128.376 73.0222 2.8
      vertex 128.591 71.3863 2.8
      vertex 128.386 71.3455 2.8
    endloop
  endfacet
  facet normal 0 0 -1
    outer loop
      vertex 128.591 71.3863 2.8
      vertex 128.376 73.0222 2.8
      vertex 128.8 73.05 2.8
    endloop
  endfacet
  facet normal 0 0 -1
    outer loop
      vertex 127.959 72.9393 2.8
      vertex 128.386 71.3455 2.8
      vertex 128.188 71.2782 2.8
    endloop
  endfacet
  facet normal 0 0 -1
    outer loop
      vertex 127.556 72.8026 2.8
      vertex 128.188 71.2782 2.8
      vertex 128 71.1856 2.8
    endloop
  endfacet
  facet normal 0 0 -1
    outer loop
      vertex 128.386 71.3455 2.8
      vertex 127.959 72.9393 2.8
      vertex 128.376 73.0222 2.8
    endloop
  endfacet
  facet normal 0 0 -1
    outer loop
      vertex 127.175 72.6146 2.8
      vertex 128 71.1856 2.8
      vertex 127.826 71.0694 2.8
    endloop
  endfacet
  facet normal 0 0 -1
    outer loop
      vertex 126.822 72.3784 2.8
      vertex 127.826 71.0694 2.8
      vertex 127.669 70.9314 2.8
    endloop
  endfacet
  facet normal 0 0 -1
    outer loop
      vertex 128.188 71.2782 2.8
      vertex 127.556 72.8026 2.8
      vertex 127.959 72.9393 2.8
    endloop
  endfacet
  facet normal 0 0 -1
    outer loop
      vertex 126.502 72.0981 2.8
      vertex 127.669 70.9314 2.8
      vertex 127.531 70.774 2.8
    endloop
  endfacet
  facet normal 0 0 -1
    outer loop
      vertex 126.222 71.7785 2.8
      vertex 127.531 70.774 2.8
      vertex 127.414 70.6 2.8
    endloop
  endfacet
  facet normal 0 0 -1
    outer loop
      vertex 125.985 71.425 2.8
      vertex 127.414 70.6 2.8
      vertex 127.322 70.4123 2.8
    endloop
  endfacet
  facet normal 0 0 -1
    outer loop
      vertex 125.797 71.0437 2.8
      vertex 127.322 70.4123 2.8
      vertex 127.255 70.2141 2.8
    endloop
  endfacet
  facet normal 0 0 -1
    outer loop
      vertex 125.661 70.6412 2.8
      vertex 127.255 70.2141 2.8
      vertex 127.214 70.0088 2.8
    endloop
  endfacet
  facet normal 0 0 -1
    outer loop
      vertex 128 71.1856 2.8
      vertex 127.175 72.6146 2.8
      vertex 127.556 72.8026 2.8
    endloop
  endfacet
  facet normal 0 0 -1
    outer loop
      vertex 125.578 70.2242 2.8
      vertex 127.214 70.0088 2.8
      vertex 127.2 69.8 2.8
    endloop
  endfacet
  facet normal -0 0 -1
    outer loop
      vertex 127.414 69 2.8
      vertex 125.985 68.175 2.8
      vertex 127.322 69.1877 2.8
    endloop
  endfacet
  facet normal 0 0 -1
    outer loop
      vertex 125.797 68.5563 2.8
      vertex 127.322 69.1877 2.8
      vertex 125.985 68.175 2.8
    endloop
  endfacet
  facet normal 0 0 -1
    outer loop
      vertex 127.826 71.0694 2.8
      vertex 126.822 72.3784 2.8
      vertex 127.175 72.6146 2.8
    endloop
  endfacet
  facet normal -0 0 -1
    outer loop
      vertex 127.322 69.1877 2.8
      vertex 125.797 68.5563 2.8
      vertex 127.255 69.3859 2.8
    endloop
  endfacet
  facet normal 0 0 -1
    outer loop
      vertex 127.669 70.9314 2.8
      vertex 126.502 72.0981 2.8
      vertex 126.822 72.3784 2.8
    endloop
  endfacet
  facet normal 0 0 -1
    outer loop
      vertex 125.661 68.9588 2.8
      vertex 127.255 69.3859 2.8
      vertex 125.797 68.5563 2.8
    endloop
  endfacet
  facet normal 0 0 -1
    outer loop
      vertex 127.531 70.774 2.8
      vertex 126.222 71.7785 2.8
      vertex 126.502 72.0981 2.8
    endloop
  endfacet
  facet normal -0 0 -1
    outer loop
      vertex 127.255 69.3859 2.8
      vertex 125.661 68.9588 2.8
      vertex 127.214 69.5912 2.8
    endloop
  endfacet
  facet normal 0 0 -1
    outer loop
      vertex 127.414 70.6 2.8
      vertex 125.985 71.425 2.8
      vertex 126.222 71.7785 2.8
    endloop
  endfacet
  facet normal 0 0 -1
    outer loop
      vertex 125.578 69.3758 2.8
      vertex 127.214 69.5912 2.8
      vertex 125.661 68.9588 2.8
    endloop
  endfacet
  facet normal 0 0 -1
    outer loop
      vertex 127.322 70.4123 2.8
      vertex 125.797 71.0437 2.8
      vertex 125.985 71.425 2.8
    endloop
  endfacet
  facet normal -0 0 -1
    outer loop
      vertex 127.214 69.5912 2.8
      vertex 125.578 69.3758 2.8
      vertex 127.2 69.8 2.8
    endloop
  endfacet
  facet normal 0 0 -1
    outer loop
      vertex 127.255 70.2141 2.8
      vertex 125.661 70.6412 2.8
      vertex 125.797 71.0437 2.8
    endloop
  endfacet
  facet normal 0 0 -1
    outer loop
      vertex 125.55 69.8 2.8
      vertex 127.2 69.8 2.8
      vertex 125.578 69.3758 2.8
    endloop
  endfacet
  facet normal 0 0 -1
    outer loop
      vertex 127.214 70.0088 2.8
      vertex 125.578 70.2242 2.8
      vertex 125.661 70.6412 2.8
    endloop
  endfacet
  facet normal 0 0 -1
    outer loop
      vertex 127.2 69.8 2.8
      vertex 125.55 69.8 2.8
      vertex 125.578 70.2242 2.8
    endloop
  endfacet
  facet normal 0.896907 0.44222 0
    outer loop
      vertex 131.803 71.0437 12.8
      vertex 131.615 71.425 2.8
      vertex 131.615 71.425 12.8
    endloop
  endfacet
  facet normal 0.896907 0.44222 0
    outer loop
      vertex 131.615 71.425 2.8
      vertex 131.803 71.0437 12.8
      vertex 131.803 71.0437 2.8
    endloop
  endfacet
  facet normal 0.830602 0.556867 0
    outer loop
      vertex 131.615 71.425 12.8
      vertex 131.378 71.7785 2.8
      vertex 131.378 71.7785 12.8
    endloop
  endfacet
  facet normal 0.830602 0.556867 0
    outer loop
      vertex 131.378 71.7785 2.8
      vertex 131.615 71.425 12.8
      vertex 131.615 71.425 2.8
    endloop
  endfacet
  facet normal 0.4425 0.896769 -0
    outer loop
      vertex 130.425 72.6146 2.8
      vertex 130.044 72.8026 12.8
      vertex 130.425 72.6146 12.8
    endloop
  endfacet
  facet normal 0.4425 0.896769 0
    outer loop
      vertex 130.044 72.8026 12.8
      vertex 130.425 72.6146 2.8
      vertex 130.044 72.8026 2.8
    endloop
  endfacet
  facet normal 0.556112 0.831107 -0
    outer loop
      vertex 130.778 72.3784 2.8
      vertex 130.425 72.6146 12.8
      vertex 130.778 72.3784 12.8
    endloop
  endfacet
  facet normal 0.556112 0.831107 0
    outer loop
      vertex 130.425 72.6146 12.8
      vertex 130.778 72.3784 2.8
      vertex 130.425 72.6146 2.8
    endloop
  endfacet
  facet normal -0.896907 0.44222 0
    outer loop
      vertex 125.797 71.0437 2.8
      vertex 125.985 71.425 12.8
      vertex 125.985 71.425 2.8
    endloop
  endfacet
  facet normal -0.896907 0.44222 0
    outer loop
      vertex 125.985 71.425 12.8
      vertex 125.797 71.0437 2.8
      vertex 125.797 71.0437 12.8
    endloop
  endfacet
  facet normal -0.752168 0.658971 0
    outer loop
      vertex 126.222 71.7785 2.8
      vertex 126.502 72.0981 12.8
      vertex 126.502 72.0981 2.8
    endloop
  endfacet
  facet normal -0.752168 0.658971 0
    outer loop
      vertex 126.502 72.0981 12.8
      vertex 126.222 71.7785 2.8
      vertex 126.222 71.7785 12.8
    endloop
  endfacet
  facet normal 0 0 1
    outer loop
      vertex 130.4 69.8 12.8
      vertex 132.05 69.8 12.8
      vertex 132.022 70.2242 12.8
    endloop
  endfacet
  facet normal 0 0 1
    outer loop
      vertex 130.386 70.0088 12.8
      vertex 132.022 70.2242 12.8
      vertex 131.939 70.6412 12.8
    endloop
  endfacet
  facet normal 0 0 1
    outer loop
      vertex 132.05 69.8 12.8
      vertex 130.4 69.8 12.8
      vertex 132.022 69.3758 12.8
    endloop
  endfacet
  facet normal 0 0 1
    outer loop
      vertex 130.345 70.2141 12.8
      vertex 131.939 70.6412 12.8
      vertex 131.803 71.0437 12.8
    endloop
  endfacet
  facet normal -0 0 1
    outer loop
      vertex 130.386 69.5912 12.8
      vertex 132.022 69.3758 12.8
      vertex 130.4 69.8 12.8
    endloop
  endfacet
  facet normal 0 0 1
    outer loop
      vertex 130.278 70.4123 12.8
      vertex 131.803 71.0437 12.8
      vertex 131.615 71.425 12.8
    endloop
  endfacet
  facet normal 0 0 1
    outer loop
      vertex 132.022 69.3758 12.8
      vertex 130.386 69.5912 12.8
      vertex 131.939 68.9588 12.8
    endloop
  endfacet
  facet normal 0 0 1
    outer loop
      vertex 130.186 70.6 12.8
      vertex 131.615 71.425 12.8
      vertex 131.378 71.7785 12.8
    endloop
  endfacet
  facet normal -0 0 1
    outer loop
      vertex 130.345 69.3859 12.8
      vertex 131.939 68.9588 12.8
      vertex 130.386 69.5912 12.8
    endloop
  endfacet
  facet normal 0 0 1
    outer loop
      vertex 130.069 70.774 12.8
      vertex 131.378 71.7785 12.8
      vertex 131.098 72.0981 12.8
    endloop
  endfacet
  facet normal 0 0 1
    outer loop
      vertex 131.939 68.9588 12.8
      vertex 130.345 69.3859 12.8
      vertex 131.803 68.5563 12.8
    endloop
  endfacet
  facet normal 0 0 1
    outer loop
      vertex 129.931 70.9314 12.8
      vertex 131.098 72.0981 12.8
      vertex 130.778 72.3784 12.8
    endloop
  endfacet
  facet normal -0 0 1
    outer loop
      vertex 130.278 69.1877 12.8
      vertex 131.803 68.5563 12.8
      vertex 130.345 69.3859 12.8
    endloop
  endfacet
  facet normal 0 0 1
    outer loop
      vertex 129.774 71.0694 12.8
      vertex 130.778 72.3784 12.8
      vertex 130.425 72.6146 12.8
    endloop
  endfacet
  facet normal 0 0 1
    outer loop
      vertex 131.803 68.5563 12.8
      vertex 130.278 69.1877 12.8
      vertex 131.615 68.175 12.8
    endloop
  endfacet
  facet normal -0 0 1
    outer loop
      vertex 130.186 69 12.8
      vertex 131.615 68.175 12.8
      vertex 130.278 69.1877 12.8
    endloop
  endfacet
  facet normal 0 0 1
    outer loop
      vertex 132.022 70.2242 12.8
      vertex 130.386 70.0088 12.8
      vertex 130.4 69.8 12.8
    endloop
  endfacet
  facet normal 0 0 1
    outer loop
      vertex 131.939 70.6412 12.8
      vertex 130.345 70.2141 12.8
      vertex 130.386 70.0088 12.8
    endloop
  endfacet
  facet normal 0 0 1
    outer loop
      vertex 131.803 71.0437 12.8
      vertex 130.278 70.4123 12.8
      vertex 130.345 70.2141 12.8
    endloop
  endfacet
  facet normal 0 0 1
    outer loop
      vertex 131.615 71.425 12.8
      vertex 130.186 70.6 12.8
      vertex 130.278 70.4123 12.8
    endloop
  endfacet
  facet normal 0 0 1
    outer loop
      vertex 131.378 71.7785 12.8
      vertex 130.069 70.774 12.8
      vertex 130.186 70.6 12.8
    endloop
  endfacet
  facet normal 0 0 1
    outer loop
      vertex 129.6 71.1856 12.8
      vertex 130.425 72.6146 12.8
      vertex 130.044 72.8026 12.8
    endloop
  endfacet
  facet normal 0 0 1
    outer loop
      vertex 131.098 72.0981 12.8
      vertex 129.931 70.9314 12.8
      vertex 130.069 70.774 12.8
    endloop
  endfacet
  facet normal 0 0 1
    outer loop
      vertex 130.778 72.3784 12.8
      vertex 129.774 71.0694 12.8
      vertex 129.931 70.9314 12.8
    endloop
  endfacet
  facet normal 0 0 1
    outer loop
      vertex 129.412 71.2782 12.8
      vertex 130.044 72.8026 12.8
      vertex 129.641 72.9393 12.8
    endloop
  endfacet
  facet normal 0 0 1
    outer loop
      vertex 130.425 72.6146 12.8
      vertex 129.6 71.1856 12.8
      vertex 129.774 71.0694 12.8
    endloop
  endfacet
  facet normal 0 0 1
    outer loop
      vertex 130.044 72.8026 12.8
      vertex 129.412 71.2782 12.8
      vertex 129.6 71.1856 12.8
    endloop
  endfacet
  facet normal 0 0 1
    outer loop
      vertex 129.214 71.3455 12.8
      vertex 129.641 72.9393 12.8
      vertex 129.224 73.0222 12.8
    endloop
  endfacet
  facet normal 0 0 1
    outer loop
      vertex 129.641 72.9393 12.8
      vertex 129.214 71.3455 12.8
      vertex 129.412 71.2782 12.8
    endloop
  endfacet
  facet normal 0 0 1
    outer loop
      vertex 129.224 73.0222 12.8
      vertex 129.009 71.3863 12.8
      vertex 129.214 71.3455 12.8
    endloop
  endfacet
  facet normal 0 0 1
    outer loop
      vertex 128.8 73.05 12.8
      vertex 129.009 71.3863 12.8
      vertex 129.224 73.0222 12.8
    endloop
  endfacet
  facet normal 0 0 1
    outer loop
      vertex 128.8 73.05 12.8
      vertex 128.8 71.4 12.8
      vertex 129.009 71.3863 12.8
    endloop
  endfacet
  facet normal 0 0 1
    outer loop
      vertex 128.8 73.05 12.8
      vertex 128.591 71.3863 12.8
      vertex 128.8 71.4 12.8
    endloop
  endfacet
  facet normal -0 0 1
    outer loop
      vertex 128.376 73.0222 12.8
      vertex 128.591 71.3863 12.8
      vertex 128.8 73.05 12.8
    endloop
  endfacet
  facet normal 0 0 1
    outer loop
      vertex 128.591 71.3863 12.8
      vertex 128.376 73.0222 12.8
      vertex 128.386 71.3455 12.8
    endloop
  endfacet
  facet normal -0 0 1
    outer loop
      vertex 127.959 72.9393 12.8
      vertex 128.386 71.3455 12.8
      vertex 128.376 73.0222 12.8
    endloop
  endfacet
  facet normal 0 0 1
    outer loop
      vertex 128.386 71.3455 12.8
      vertex 127.959 72.9393 12.8
      vertex 128.188 71.2782 12.8
    endloop
  endfacet
  facet normal -0 0 1
    outer loop
      vertex 127.556 72.8026 12.8
      vertex 128.188 71.2782 12.8
      vertex 127.959 72.9393 12.8
    endloop
  endfacet
  facet normal 0 0 1
    outer loop
      vertex 128.188 71.2782 12.8
      vertex 127.556 72.8026 12.8
      vertex 128 71.1856 12.8
    endloop
  endfacet
  facet normal -0 0 1
    outer loop
      vertex 127.175 72.6146 12.8
      vertex 128 71.1856 12.8
      vertex 127.556 72.8026 12.8
    endloop
  endfacet
  facet normal 0 0 1
    outer loop
      vertex 128 71.1856 12.8
      vertex 127.175 72.6146 12.8
      vertex 127.826 71.0694 12.8
    endloop
  endfacet
  facet normal -0 0 1
    outer loop
      vertex 126.822 72.3784 12.8
      vertex 127.826 71.0694 12.8
      vertex 127.175 72.6146 12.8
    endloop
  endfacet
  facet normal 0 0 1
    outer loop
      vertex 127.826 71.0694 12.8
      vertex 126.822 72.3784 12.8
      vertex 127.669 70.9314 12.8
    endloop
  endfacet
  facet normal -0 0 1
    outer loop
      vertex 126.502 72.0981 12.8
      vertex 127.669 70.9314 12.8
      vertex 126.822 72.3784 12.8
    endloop
  endfacet
  facet normal 0 0 1
    outer loop
      vertex 127.669 70.9314 12.8
      vertex 126.502 72.0981 12.8
      vertex 127.531 70.774 12.8
    endloop
  endfacet
  facet normal -0 0 1
    outer loop
      vertex 126.222 71.7785 12.8
      vertex 127.531 70.774 12.8
      vertex 126.502 72.0981 12.8
    endloop
  endfacet
  facet normal -0 0 1
    outer loop
      vertex 125.985 71.425 12.8
      vertex 127.414 70.6 12.8
      vertex 126.222 71.7785 12.8
    endloop
  endfacet
  facet normal 0 0 1
    outer loop
      vertex 127.531 70.774 12.8
      vertex 126.222 71.7785 12.8
      vertex 127.414 70.6 12.8
    endloop
  endfacet
  facet normal 0 0 1
    outer loop
      vertex 131.615 68.175 12.8
      vertex 130.186 69 12.8
      vertex 131.378 67.8215 12.8
    endloop
  endfacet
  facet normal -0 0 1
    outer loop
      vertex 130.069 68.826 12.8
      vertex 131.378 67.8215 12.8
      vertex 130.186 69 12.8
    endloop
  endfacet
  facet normal 0 0 1
    outer loop
      vertex 131.378 67.8215 12.8
      vertex 130.069 68.826 12.8
      vertex 131.098 67.5019 12.8
    endloop
  endfacet
  facet normal -0 0 1
    outer loop
      vertex 129.931 68.6686 12.8
      vertex 131.098 67.5019 12.8
      vertex 130.069 68.826 12.8
    endloop
  endfacet
  facet normal 0 0 1
    outer loop
      vertex 131.098 67.5019 12.8
      vertex 129.931 68.6686 12.8
      vertex 130.778 67.2216 12.8
    endloop
  endfacet
  facet normal -0 0 1
    outer loop
      vertex 129.774 68.5306 12.8
      vertex 130.778 67.2216 12.8
      vertex 129.931 68.6686 12.8
    endloop
  endfacet
  facet normal 0 0 1
    outer loop
      vertex 130.778 67.2216 12.8
      vertex 129.774 68.5306 12.8
      vertex 130.425 66.9854 12.8
    endloop
  endfacet
  facet normal -0 0 1
    outer loop
      vertex 129.6 68.4144 12.8
      vertex 130.425 66.9854 12.8
      vertex 129.774 68.5306 12.8
    endloop
  endfacet
  facet normal 0 0 1
    outer loop
      vertex 130.425 66.9854 12.8
      vertex 129.6 68.4144 12.8
      vertex 130.044 66.7974 12.8
    endloop
  endfacet
  facet normal -0 0 1
    outer loop
      vertex 129.412 68.3218 12.8
      vertex 130.044 66.7974 12.8
      vertex 129.6 68.4144 12.8
    endloop
  endfacet
  facet normal 0 0 1
    outer loop
      vertex 130.044 66.7974 12.8
      vertex 129.412 68.3218 12.8
      vertex 129.641 66.6607 12.8
    endloop
  endfacet
  facet normal -0 0 1
    outer loop
      vertex 129.214 68.2545 12.8
      vertex 129.641 66.6607 12.8
      vertex 129.412 68.3218 12.8
    endloop
  endfacet
  facet normal 0 0 1
    outer loop
      vertex 129.641 66.6607 12.8
      vertex 129.214 68.2545 12.8
      vertex 129.224 66.5778 12.8
    endloop
  endfacet
  facet normal -0 0 1
    outer loop
      vertex 129.009 68.2137 12.8
      vertex 129.224 66.5778 12.8
      vertex 129.214 68.2545 12.8
    endloop
  endfacet
  facet normal -0 0 1
    outer loop
      vertex 128.8 68.2 12.8
      vertex 129.224 66.5778 12.8
      vertex 129.009 68.2137 12.8
    endloop
  endfacet
  facet normal 0 0 1
    outer loop
      vertex 128.8 68.2 12.8
      vertex 128.8 66.55 12.8
      vertex 129.224 66.5778 12.8
    endloop
  endfacet
  facet normal 0 0 1
    outer loop
      vertex 128.591 68.2137 12.8
      vertex 128.8 66.55 12.8
      vertex 128.8 68.2 12.8
    endloop
  endfacet
  facet normal 0 0 1
    outer loop
      vertex 128.376 66.5778 12.8
      vertex 128.591 68.2137 12.8
      vertex 128.386 68.2545 12.8
    endloop
  endfacet
  facet normal 0 0 1
    outer loop
      vertex 128.591 68.2137 12.8
      vertex 128.376 66.5778 12.8
      vertex 128.8 66.55 12.8
    endloop
  endfacet
  facet normal 0 0 1
    outer loop
      vertex 127.959 66.6607 12.8
      vertex 128.386 68.2545 12.8
      vertex 128.188 68.3218 12.8
    endloop
  endfacet
  facet normal 0 0 1
    outer loop
      vertex 127.556 66.7974 12.8
      vertex 128.188 68.3218 12.8
      vertex 128 68.4144 12.8
    endloop
  endfacet
  facet normal 0 0 1
    outer loop
      vertex 128.386 68.2545 12.8
      vertex 127.959 66.6607 12.8
      vertex 128.376 66.5778 12.8
    endloop
  endfacet
  facet normal 0 0 1
    outer loop
      vertex 127.175 66.9854 12.8
      vertex 128 68.4144 12.8
      vertex 127.826 68.5306 12.8
    endloop
  endfacet
  facet normal 0 0 1
    outer loop
      vertex 126.822 67.2216 12.8
      vertex 127.826 68.5306 12.8
      vertex 127.669 68.6686 12.8
    endloop
  endfacet
  facet normal 0 0 1
    outer loop
      vertex 128.188 68.3218 12.8
      vertex 127.556 66.7974 12.8
      vertex 127.959 66.6607 12.8
    endloop
  endfacet
  facet normal 0 0 1
    outer loop
      vertex 126.502 67.5019 12.8
      vertex 127.669 68.6686 12.8
      vertex 127.531 68.826 12.8
    endloop
  endfacet
  facet normal 0 0 1
    outer loop
      vertex 126.222 67.8215 12.8
      vertex 127.531 68.826 12.8
      vertex 127.414 69 12.8
    endloop
  endfacet
  facet normal 0 0 1
    outer loop
      vertex 125.985 68.175 12.8
      vertex 127.414 69 12.8
      vertex 127.322 69.1877 12.8
    endloop
  endfacet
  facet normal 0 0 1
    outer loop
      vertex 125.797 68.5563 12.8
      vertex 127.322 69.1877 12.8
      vertex 127.255 69.3859 12.8
    endloop
  endfacet
  facet normal 0 0 1
    outer loop
      vertex 125.661 68.9588 12.8
      vertex 127.255 69.3859 12.8
      vertex 127.214 69.5912 12.8
    endloop
  endfacet
  facet normal 0 0 1
    outer loop
      vertex 128 68.4144 12.8
      vertex 127.175 66.9854 12.8
      vertex 127.556 66.7974 12.8
    endloop
  endfacet
  facet normal 0 0 1
    outer loop
      vertex 125.578 69.3758 12.8
      vertex 127.214 69.5912 12.8
      vertex 127.2 69.8 12.8
    endloop
  endfacet
  facet normal 0 0 1
    outer loop
      vertex 127.414 70.6 12.8
      vertex 125.985 71.425 12.8
      vertex 127.322 70.4123 12.8
    endloop
  endfacet
  facet normal -0 0 1
    outer loop
      vertex 125.797 71.0437 12.8
      vertex 127.322 70.4123 12.8
      vertex 125.985 71.425 12.8
    endloop
  endfacet
  facet normal 0 0 1
    outer loop
      vertex 127.826 68.5306 12.8
      vertex 126.822 67.2216 12.8
      vertex 127.175 66.9854 12.8
    endloop
  endfacet
  facet normal 0 0 1
    outer loop
      vertex 127.322 70.4123 12.8
      vertex 125.797 71.0437 12.8
      vertex 127.255 70.2141 12.8
    endloop
  endfacet
  facet normal 0 0 1
    outer loop
      vertex 127.669 68.6686 12.8
      vertex 126.502 67.5019 12.8
      vertex 126.822 67.2216 12.8
    endloop
  endfacet
  facet normal -0 0 1
    outer loop
      vertex 125.661 70.6412 12.8
      vertex 127.255 70.2141 12.8
      vertex 125.797 71.0437 12.8
    endloop
  endfacet
  facet normal 0 0 1
    outer loop
      vertex 127.531 68.826 12.8
      vertex 126.222 67.8215 12.8
      vertex 126.502 67.5019 12.8
    endloop
  endfacet
  facet normal 0 0 1
    outer loop
      vertex 127.255 70.2141 12.8
      vertex 125.661 70.6412 12.8
      vertex 127.214 70.0088 12.8
    endloop
  endfacet
  facet normal 0 0 1
    outer loop
      vertex 127.414 69 12.8
      vertex 125.985 68.175 12.8
      vertex 126.222 67.8215 12.8
    endloop
  endfacet
  facet normal -0 0 1
    outer loop
      vertex 125.578 70.2242 12.8
      vertex 127.214 70.0088 12.8
      vertex 125.661 70.6412 12.8
    endloop
  endfacet
  facet normal 0 0 1
    outer loop
      vertex 127.322 69.1877 12.8
      vertex 125.797 68.5563 12.8
      vertex 125.985 68.175 12.8
    endloop
  endfacet
  facet normal 0 0 1
    outer loop
      vertex 127.214 70.0088 12.8
      vertex 125.578 70.2242 12.8
      vertex 127.2 69.8 12.8
    endloop
  endfacet
  facet normal 0 0 1
    outer loop
      vertex 127.255 69.3859 12.8
      vertex 125.661 68.9588 12.8
      vertex 125.797 68.5563 12.8
    endloop
  endfacet
  facet normal 0 0 1
    outer loop
      vertex 125.55 69.8 12.8
      vertex 127.2 69.8 12.8
      vertex 125.578 70.2242 12.8
    endloop
  endfacet
  facet normal 0 0 1
    outer loop
      vertex 127.214 69.5912 12.8
      vertex 125.578 69.3758 12.8
      vertex 125.661 68.9588 12.8
    endloop
  endfacet
  facet normal 0 0 1
    outer loop
      vertex 127.2 69.8 12.8
      vertex 125.55 69.8 12.8
      vertex 125.578 69.3758 12.8
    endloop
  endfacet
  facet normal -0.0654256 0.997857 0
    outer loop
      vertex 128.8 73.05 2.8
      vertex 128.376 73.0222 12.8
      vertex 128.8 73.05 12.8
    endloop
  endfacet
  facet normal -0.0654256 0.997857 0
    outer loop
      vertex 128.376 73.0222 12.8
      vertex 128.8 73.05 2.8
      vertex 128.376 73.0222 2.8
    endloop
  endfacet
  facet normal 0.947381 -0.320109 0
    outer loop
      vertex 131.803 68.5563 12.8
      vertex 131.939 68.9588 2.8
      vertex 131.939 68.9588 12.8
    endloop
  endfacet
  facet normal 0.947381 -0.320109 0
    outer loop
      vertex 131.939 68.9588 2.8
      vertex 131.803 68.5563 12.8
      vertex 131.803 68.5563 2.8
    endloop
  endfacet
  facet normal 0.0654256 -0.997857 0
    outer loop
      vertex 128.8 66.55 2.8
      vertex 129.224 66.5778 12.8
      vertex 128.8 66.55 12.8
    endloop
  endfacet
  facet normal 0.0654256 -0.997857 0
    outer loop
      vertex 129.224 66.5778 12.8
      vertex 128.8 66.55 2.8
      vertex 129.224 66.5778 2.8
    endloop
  endfacet
  facet normal -0.658904 -0.752227 0
    outer loop
      vertex 126.502 67.5019 2.8
      vertex 126.822 67.2216 12.8
      vertex 126.502 67.5019 12.8
    endloop
  endfacet
  facet normal -0.658904 -0.752227 -0
    outer loop
      vertex 126.822 67.2216 12.8
      vertex 126.502 67.5019 2.8
      vertex 126.822 67.2216 2.8
    endloop
  endfacet
  facet normal -0.997829 -0.0658633 0
    outer loop
      vertex 125.578 69.3758 2.8
      vertex 125.55 69.8 12.8
      vertex 125.55 69.8 2.8
    endloop
  endfacet
  facet normal -0.997829 -0.0658633 0
    outer loop
      vertex 125.55 69.8 12.8
      vertex 125.578 69.3758 2.8
      vertex 125.578 69.3758 12.8
    endloop
  endfacet
  facet normal 0.947381 0.320109 0
    outer loop
      vertex 131.939 70.6412 12.8
      vertex 131.803 71.0437 2.8
      vertex 131.803 71.0437 12.8
    endloop
  endfacet
  facet normal 0.947381 0.320109 0
    outer loop
      vertex 131.803 71.0437 2.8
      vertex 131.939 70.6412 12.8
      vertex 131.939 70.6412 2.8
    endloop
  endfacet
  facet normal 0.980761 0.195211 0
    outer loop
      vertex 132.022 70.2242 12.8
      vertex 131.939 70.6412 2.8
      vertex 131.939 70.6412 12.8
    endloop
  endfacet
  facet normal 0.980761 0.195211 0
    outer loop
      vertex 131.939 70.6412 2.8
      vertex 132.022 70.2242 12.8
      vertex 132.022 70.2242 2.8
    endloop
  endfacet
  facet normal 0.752168 0.658971 0
    outer loop
      vertex 131.378 71.7785 12.8
      vertex 131.098 72.0981 2.8
      vertex 131.098 72.0981 12.8
    endloop
  endfacet
  facet normal 0.752168 0.658971 0
    outer loop
      vertex 131.098 72.0981 2.8
      vertex 131.378 71.7785 12.8
      vertex 131.378 71.7785 2.8
    endloop
  endfacet
  facet normal 0.321229 0.947002 -0
    outer loop
      vertex 130.044 72.8026 2.8
      vertex 129.641 72.9393 12.8
      vertex 130.044 72.8026 12.8
    endloop
  endfacet
  facet normal 0.321229 0.947002 0
    outer loop
      vertex 129.641 72.9393 12.8
      vertex 130.044 72.8026 2.8
      vertex 129.641 72.9393 2.8
    endloop
  endfacet
  facet normal 0.194985 0.980806 -0
    outer loop
      vertex 129.641 72.9393 2.8
      vertex 129.224 73.0222 12.8
      vertex 129.641 72.9393 12.8
    endloop
  endfacet
  facet normal 0.194985 0.980806 0
    outer loop
      vertex 129.224 73.0222 12.8
      vertex 129.641 72.9393 2.8
      vertex 129.224 73.0222 2.8
    endloop
  endfacet
  facet normal -0.830602 0.556867 0
    outer loop
      vertex 125.985 71.425 2.8
      vertex 126.222 71.7785 12.8
      vertex 126.222 71.7785 2.8
    endloop
  endfacet
  facet normal -0.830602 0.556867 0
    outer loop
      vertex 126.222 71.7785 12.8
      vertex 125.985 71.425 2.8
      vertex 125.985 71.425 12.8
    endloop
  endfacet
  facet normal -0.947381 0.320109 0
    outer loop
      vertex 125.661 70.6412 2.8
      vertex 125.797 71.0437 12.8
      vertex 125.797 71.0437 2.8
    endloop
  endfacet
  facet normal -0.947381 0.320109 0
    outer loop
      vertex 125.797 71.0437 12.8
      vertex 125.661 70.6412 2.8
      vertex 125.661 70.6412 12.8
    endloop
  endfacet
  facet normal -0.980761 0.195211 0
    outer loop
      vertex 125.578 70.2242 2.8
      vertex 125.661 70.6412 12.8
      vertex 125.661 70.6412 2.8
    endloop
  endfacet
  facet normal -0.980761 0.195211 0
    outer loop
      vertex 125.661 70.6412 12.8
      vertex 125.578 70.2242 2.8
      vertex 125.578 70.2242 12.8
    endloop
  endfacet
  facet normal -0.4425 0.896769 0
    outer loop
      vertex 127.556 72.8026 2.8
      vertex 127.175 72.6146 12.8
      vertex 127.556 72.8026 12.8
    endloop
  endfacet
  facet normal -0.4425 0.896769 0
    outer loop
      vertex 127.175 72.6146 12.8
      vertex 127.556 72.8026 2.8
      vertex 127.175 72.6146 2.8
    endloop
  endfacet
  facet normal -0.556112 0.831107 0
    outer loop
      vertex 127.175 72.6146 2.8
      vertex 126.822 72.3784 12.8
      vertex 127.175 72.6146 12.8
    endloop
  endfacet
  facet normal -0.556112 0.831107 0
    outer loop
      vertex 126.822 72.3784 12.8
      vertex 127.175 72.6146 2.8
      vertex 126.822 72.3784 2.8
    endloop
  endfacet
  facet normal -0.194985 0.980806 0
    outer loop
      vertex 128.376 73.0222 2.8
      vertex 127.959 72.9393 12.8
      vertex 128.376 73.0222 12.8
    endloop
  endfacet
  facet normal -0.194985 0.980806 0
    outer loop
      vertex 127.959 72.9393 12.8
      vertex 128.376 73.0222 2.8
      vertex 127.959 72.9393 2.8
    endloop
  endfacet
  facet normal 0.194985 -0.980806 0
    outer loop
      vertex 129.224 66.5778 2.8
      vertex 129.641 66.6607 12.8
      vertex 129.224 66.5778 12.8
    endloop
  endfacet
  facet normal 0.194985 -0.980806 0
    outer loop
      vertex 129.641 66.6607 12.8
      vertex 129.224 66.5778 2.8
      vertex 129.641 66.6607 2.8
    endloop
  endfacet
  facet normal 0.658904 -0.752227 0
    outer loop
      vertex 130.778 67.2216 2.8
      vertex 131.098 67.5019 12.8
      vertex 130.778 67.2216 12.8
    endloop
  endfacet
  facet normal 0.658904 -0.752227 0
    outer loop
      vertex 131.098 67.5019 12.8
      vertex 130.778 67.2216 2.8
      vertex 131.098 67.5019 2.8
    endloop
  endfacet
  facet normal 0.4425 -0.896769 0
    outer loop
      vertex 130.044 66.7974 2.8
      vertex 130.425 66.9854 12.8
      vertex 130.044 66.7974 12.8
    endloop
  endfacet
  facet normal 0.4425 -0.896769 0
    outer loop
      vertex 130.425 66.9854 12.8
      vertex 130.044 66.7974 2.8
      vertex 130.425 66.9854 2.8
    endloop
  endfacet
  facet normal 0.830602 -0.556867 0
    outer loop
      vertex 131.378 67.8215 12.8
      vertex 131.615 68.175 2.8
      vertex 131.615 68.175 12.8
    endloop
  endfacet
  facet normal 0.830602 -0.556867 0
    outer loop
      vertex 131.615 68.175 2.8
      vertex 131.378 67.8215 12.8
      vertex 131.378 67.8215 2.8
    endloop
  endfacet
  facet normal -0.556112 -0.831107 0
    outer loop
      vertex 126.822 67.2216 2.8
      vertex 127.175 66.9854 12.8
      vertex 126.822 67.2216 12.8
    endloop
  endfacet
  facet normal -0.556112 -0.831107 -0
    outer loop
      vertex 127.175 66.9854 12.8
      vertex 126.822 67.2216 2.8
      vertex 127.175 66.9854 2.8
    endloop
  endfacet
  facet normal -0.321229 -0.947002 0
    outer loop
      vertex 127.556 66.7974 2.8
      vertex 127.959 66.6607 12.8
      vertex 127.556 66.7974 12.8
    endloop
  endfacet
  facet normal -0.321229 -0.947002 -0
    outer loop
      vertex 127.959 66.6607 12.8
      vertex 127.556 66.7974 2.8
      vertex 127.959 66.6607 2.8
    endloop
  endfacet
  facet normal -0.0654256 -0.997857 0
    outer loop
      vertex 128.376 66.5778 2.8
      vertex 128.8 66.55 12.8
      vertex 128.376 66.5778 12.8
    endloop
  endfacet
  facet normal -0.0654256 -0.997857 -0
    outer loop
      vertex 128.8 66.55 12.8
      vertex 128.376 66.5778 2.8
      vertex 128.8 66.55 2.8
    endloop
  endfacet
  facet normal -0.896907 -0.44222 0
    outer loop
      vertex 125.985 68.175 2.8
      vertex 125.797 68.5563 12.8
      vertex 125.797 68.5563 2.8
    endloop
  endfacet
  facet normal -0.896907 -0.44222 0
    outer loop
      vertex 125.797 68.5563 12.8
      vertex 125.985 68.175 2.8
      vertex 125.985 68.175 12.8
    endloop
  endfacet
  facet normal -0.752168 -0.658971 0
    outer loop
      vertex 126.502 67.5019 2.8
      vertex 126.222 67.8215 12.8
      vertex 126.222 67.8215 2.8
    endloop
  endfacet
  facet normal -0.752168 -0.658971 0
    outer loop
      vertex 126.222 67.8215 12.8
      vertex 126.502 67.5019 2.8
      vertex 126.502 67.5019 12.8
    endloop
  endfacet
  facet normal -0.980761 -0.195211 0
    outer loop
      vertex 125.661 68.9588 2.8
      vertex 125.578 69.3758 12.8
      vertex 125.578 69.3758 2.8
    endloop
  endfacet
  facet normal -0.980761 -0.195211 0
    outer loop
      vertex 125.578 69.3758 12.8
      vertex 125.661 68.9588 2.8
      vertex 125.661 68.9588 12.8
    endloop
  endfacet
  facet normal 0.321229 -0.947002 0
    outer loop
      vertex 129.641 66.6607 2.8
      vertex 130.044 66.7974 12.8
      vertex 129.641 66.6607 12.8
    endloop
  endfacet
  facet normal 0.321229 -0.947002 0
    outer loop
      vertex 130.044 66.7974 12.8
      vertex 129.641 66.6607 2.8
      vertex 130.044 66.7974 2.8
    endloop
  endfacet
  facet normal 0.752168 -0.658971 0
    outer loop
      vertex 131.098 67.5019 12.8
      vertex 131.378 67.8215 2.8
      vertex 131.378 67.8215 12.8
    endloop
  endfacet
  facet normal 0.752168 -0.658971 0
    outer loop
      vertex 131.378 67.8215 2.8
      vertex 131.098 67.5019 12.8
      vertex 131.098 67.5019 2.8
    endloop
  endfacet
  facet normal 0.556112 -0.831107 0
    outer loop
      vertex 130.425 66.9854 2.8
      vertex 130.778 67.2216 12.8
      vertex 130.425 66.9854 12.8
    endloop
  endfacet
  facet normal 0.556112 -0.831107 0
    outer loop
      vertex 130.778 67.2216 12.8
      vertex 130.425 66.9854 2.8
      vertex 130.778 67.2216 2.8
    endloop
  endfacet
  facet normal 0.980761 -0.195211 0
    outer loop
      vertex 131.939 68.9588 12.8
      vertex 132.022 69.3758 2.8
      vertex 132.022 69.3758 12.8
    endloop
  endfacet
  facet normal 0.980761 -0.195211 0
    outer loop
      vertex 132.022 69.3758 2.8
      vertex 131.939 68.9588 12.8
      vertex 131.939 68.9588 2.8
    endloop
  endfacet
  facet normal 0.896907 -0.44222 0
    outer loop
      vertex 131.615 68.175 12.8
      vertex 131.803 68.5563 2.8
      vertex 131.803 68.5563 12.8
    endloop
  endfacet
  facet normal 0.896907 -0.44222 0
    outer loop
      vertex 131.803 68.5563 2.8
      vertex 131.615 68.175 12.8
      vertex 131.615 68.175 2.8
    endloop
  endfacet
  facet normal -0.4425 -0.896769 0
    outer loop
      vertex 127.175 66.9854 2.8
      vertex 127.556 66.7974 12.8
      vertex 127.175 66.9854 12.8
    endloop
  endfacet
  facet normal -0.4425 -0.896769 -0
    outer loop
      vertex 127.556 66.7974 12.8
      vertex 127.175 66.9854 2.8
      vertex 127.556 66.7974 2.8
    endloop
  endfacet
  facet normal -0.194985 -0.980806 0
    outer loop
      vertex 127.959 66.6607 2.8
      vertex 128.376 66.5778 12.8
      vertex 127.959 66.6607 12.8
    endloop
  endfacet
  facet normal -0.194985 -0.980806 -0
    outer loop
      vertex 128.376 66.5778 12.8
      vertex 127.959 66.6607 2.8
      vertex 128.376 66.5778 2.8
    endloop
  endfacet
  facet normal -0.830602 -0.556867 0
    outer loop
      vertex 126.222 67.8215 2.8
      vertex 125.985 68.175 12.8
      vertex 125.985 68.175 2.8
    endloop
  endfacet
  facet normal -0.830602 -0.556867 0
    outer loop
      vertex 125.985 68.175 12.8
      vertex 126.222 67.8215 2.8
      vertex 126.222 67.8215 12.8
    endloop
  endfacet
  facet normal -0.947381 -0.320109 0
    outer loop
      vertex 125.797 68.5563 2.8
      vertex 125.661 68.9588 12.8
      vertex 125.661 68.9588 2.8
    endloop
  endfacet
  facet normal -0.947381 -0.320109 0
    outer loop
      vertex 125.661 68.9588 12.8
      vertex 125.797 68.5563 2.8
      vertex 125.797 68.5563 12.8
    endloop
  endfacet
  facet normal 0.997829 -0.0658633 0
    outer loop
      vertex 132.022 69.3758 12.8
      vertex 132.05 69.8 2.8
      vertex 132.05 69.8 12.8
    endloop
  endfacet
  facet normal 0.997829 -0.0658633 0
    outer loop
      vertex 132.05 69.8 2.8
      vertex 132.022 69.3758 12.8
      vertex 132.022 69.3758 2.8
    endloop
  endfacet
  facet normal -0.897939 -0.440119 0
    outer loop
      vertex 130.278 70.4123 2.8
      vertex 130.186 70.6 12.8
      vertex 130.186 70.6 2.8
    endloop
  endfacet
  facet normal -0.897939 -0.440119 0
    outer loop
      vertex 130.186 70.6 12.8
      vertex 130.278 70.4123 2.8
      vertex 130.278 70.4123 12.8
    endloop
  endfacet
  facet normal -0.829843 -0.557998 0
    outer loop
      vertex 130.186 70.6 2.8
      vertex 130.069 70.774 12.8
      vertex 130.069 70.774 2.8
    endloop
  endfacet
  facet normal -0.829843 -0.557998 0
    outer loop
      vertex 130.069 70.774 12.8
      vertex 130.186 70.6 2.8
      vertex 130.186 70.6 12.8
    endloop
  endfacet
  facet normal -0.195196 -0.980764 0
    outer loop
      vertex 129.009 71.3863 2.8
      vertex 129.214 71.3455 12.8
      vertex 129.009 71.3863 12.8
    endloop
  endfacet
  facet normal -0.195196 -0.980764 -0
    outer loop
      vertex 129.214 71.3455 12.8
      vertex 129.009 71.3863 2.8
      vertex 129.214 71.3455 2.8
    endloop
  endfacet
  facet normal -0.321817 -0.946802 0
    outer loop
      vertex 129.214 71.3455 2.8
      vertex 129.412 71.2782 12.8
      vertex 129.214 71.3455 12.8
    endloop
  endfacet
  facet normal -0.321817 -0.946802 -0
    outer loop
      vertex 129.412 71.2782 12.8
      vertex 129.214 71.3455 2.8
      vertex 129.412 71.2782 2.8
    endloop
  endfacet
  facet normal 0.441861 -0.897083 0
    outer loop
      vertex 128 71.1856 2.8
      vertex 128.188 71.2782 12.8
      vertex 128 71.1856 12.8
    endloop
  endfacet
  facet normal 0.441861 -0.897083 0
    outer loop
      vertex 128.188 71.2782 12.8
      vertex 128 71.1856 2.8
      vertex 128.188 71.2782 2.8
    endloop
  endfacet
  facet normal 0.947336 -0.32024 0
    outer loop
      vertex 127.255 70.2141 12.8
      vertex 127.322 70.4123 2.8
      vertex 127.322 70.4123 12.8
    endloop
  endfacet
  facet normal 0.947336 -0.32024 0
    outer loop
      vertex 127.322 70.4123 2.8
      vertex 127.255 70.2141 12.8
      vertex 127.255 70.2141 2.8
    endloop
  endfacet
  facet normal -0.980636 0.195841 0
    outer loop
      vertex 130.345 69.3859 2.8
      vertex 130.386 69.5912 12.8
      vertex 130.386 69.5912 2.8
    endloop
  endfacet
  facet normal -0.980636 0.195841 0
    outer loop
      vertex 130.386 69.5912 12.8
      vertex 130.345 69.3859 2.8
      vertex 130.345 69.3859 12.8
    endloop
  endfacet
  facet normal -0.441861 -0.897083 0
    outer loop
      vertex 129.412 71.2782 2.8
      vertex 129.6 71.1856 12.8
      vertex 129.412 71.2782 12.8
    endloop
  endfacet
  facet normal -0.441861 -0.897083 -0
    outer loop
      vertex 129.6 71.1856 12.8
      vertex 129.412 71.2782 2.8
      vertex 129.6 71.1856 2.8
    endloop
  endfacet
  facet normal 0.99776 -0.0668996 0
    outer loop
      vertex 127.2 69.8 12.8
      vertex 127.214 70.0088 2.8
      vertex 127.214 70.0088 12.8
    endloop
  endfacet
  facet normal 0.99776 -0.0668996 0
    outer loop
      vertex 127.214 70.0088 2.8
      vertex 127.2 69.8 12.8
      vertex 127.2 69.8 2.8
    endloop
  endfacet
  facet normal 0.829843 -0.557998 0
    outer loop
      vertex 127.414 70.6 12.8
      vertex 127.531 70.774 2.8
      vertex 127.531 70.774 12.8
    endloop
  endfacet
  facet normal 0.829843 -0.557998 0
    outer loop
      vertex 127.531 70.774 2.8
      vertex 127.414 70.6 12.8
      vertex 127.414 70.6 2.8
    endloop
  endfacet
  facet normal 0.555362 -0.831609 0
    outer loop
      vertex 127.826 71.0694 2.8
      vertex 128 71.1856 12.8
      vertex 127.826 71.0694 12.8
    endloop
  endfacet
  facet normal 0.555362 -0.831609 0
    outer loop
      vertex 128 71.1856 12.8
      vertex 127.826 71.0694 2.8
      vertex 128 71.1856 2.8
    endloop
  endfacet
  facet normal 0.321817 -0.946802 0
    outer loop
      vertex 128.188 71.2782 2.8
      vertex 128.386 71.3455 12.8
      vertex 128.188 71.2782 12.8
    endloop
  endfacet
  facet normal 0.321817 -0.946802 0
    outer loop
      vertex 128.386 71.3455 12.8
      vertex 128.188 71.2782 2.8
      vertex 128.386 71.3455 2.8
    endloop
  endfacet
  facet normal -0.99776 0.0668996 0
    outer loop
      vertex 130.386 69.5912 2.8
      vertex 130.4 69.8 12.8
      vertex 130.4 69.8 2.8
    endloop
  endfacet
  facet normal -0.99776 0.0668996 0
    outer loop
      vertex 130.4 69.8 12.8
      vertex 130.386 69.5912 2.8
      vertex 130.386 69.5912 12.8
    endloop
  endfacet
  facet normal -0.947336 0.32024 0
    outer loop
      vertex 130.278 69.1877 2.8
      vertex 130.345 69.3859 12.8
      vertex 130.345 69.3859 2.8
    endloop
  endfacet
  facet normal -0.947336 0.32024 0
    outer loop
      vertex 130.345 69.3859 12.8
      vertex 130.278 69.1877 2.8
      vertex 130.278 69.1877 12.8
    endloop
  endfacet
  facet normal -0.555362 0.831609 0
    outer loop
      vertex 129.774 68.5306 2.8
      vertex 129.6 68.4144 12.8
      vertex 129.774 68.5306 12.8
    endloop
  endfacet
  facet normal -0.555362 0.831609 0
    outer loop
      vertex 129.6 68.4144 12.8
      vertex 129.774 68.5306 2.8
      vertex 129.6 68.4144 2.8
    endloop
  endfacet
  facet normal -0.947336 -0.32024 0
    outer loop
      vertex 130.345 70.2141 2.8
      vertex 130.278 70.4123 12.8
      vertex 130.278 70.4123 2.8
    endloop
  endfacet
  facet normal -0.947336 -0.32024 0
    outer loop
      vertex 130.278 70.4123 12.8
      vertex 130.345 70.2141 2.8
      vertex 130.345 70.2141 12.8
    endloop
  endfacet
  facet normal -0.660196 -0.751093 0
    outer loop
      vertex 129.774 71.0694 2.8
      vertex 129.931 70.9314 12.8
      vertex 129.774 71.0694 12.8
    endloop
  endfacet
  facet normal -0.660196 -0.751093 -0
    outer loop
      vertex 129.931 70.9314 12.8
      vertex 129.774 71.0694 2.8
      vertex 129.931 70.9314 2.8
    endloop
  endfacet
  facet normal 0.0654099 -0.997858 0
    outer loop
      vertex 128.591 71.3863 2.8
      vertex 128.8 71.4 12.8
      vertex 128.591 71.3863 12.8
    endloop
  endfacet
  facet normal 0.0654099 -0.997858 0
    outer loop
      vertex 128.8 71.4 12.8
      vertex 128.591 71.3863 2.8
      vertex 128.8 71.4 2.8
    endloop
  endfacet
  facet normal -0.555362 -0.831609 0
    outer loop
      vertex 129.6 71.1856 2.8
      vertex 129.774 71.0694 12.8
      vertex 129.6 71.1856 12.8
    endloop
  endfacet
  facet normal -0.555362 -0.831609 -0
    outer loop
      vertex 129.774 71.0694 12.8
      vertex 129.6 71.1856 2.8
      vertex 129.774 71.0694 2.8
    endloop
  endfacet
  facet normal 0.980636 -0.195841 0
    outer loop
      vertex 127.214 70.0088 12.8
      vertex 127.255 70.2141 2.8
      vertex 127.255 70.2141 12.8
    endloop
  endfacet
  facet normal 0.980636 -0.195841 0
    outer loop
      vertex 127.255 70.2141 2.8
      vertex 127.214 70.0088 12.8
      vertex 127.214 70.0088 2.8
    endloop
  endfacet
  facet normal 0.897939 -0.440119 0
    outer loop
      vertex 127.322 70.4123 12.8
      vertex 127.414 70.6 2.8
      vertex 127.414 70.6 12.8
    endloop
  endfacet
  facet normal 0.897939 -0.440119 0
    outer loop
      vertex 127.414 70.6 2.8
      vertex 127.322 70.4123 12.8
      vertex 127.322 70.4123 2.8
    endloop
  endfacet
  facet normal 0.195196 -0.980764 0
    outer loop
      vertex 128.386 71.3455 2.8
      vertex 128.591 71.3863 12.8
      vertex 128.386 71.3455 12.8
    endloop
  endfacet
  facet normal 0.195196 -0.980764 0
    outer loop
      vertex 128.591 71.3863 12.8
      vertex 128.386 71.3455 2.8
      vertex 128.591 71.3863 2.8
    endloop
  endfacet
  facet normal 0.660196 -0.751093 0
    outer loop
      vertex 127.669 70.9314 2.8
      vertex 127.826 71.0694 12.8
      vertex 127.669 70.9314 12.8
    endloop
  endfacet
  facet normal 0.660196 -0.751093 0
    outer loop
      vertex 127.826 71.0694 12.8
      vertex 127.669 70.9314 2.8
      vertex 127.826 71.0694 2.8
    endloop
  endfacet
  facet normal 0.751925 -0.659248 0
    outer loop
      vertex 127.531 70.774 12.8
      vertex 127.669 70.9314 2.8
      vertex 127.669 70.9314 12.8
    endloop
  endfacet
  facet normal 0.751925 -0.659248 0
    outer loop
      vertex 127.669 70.9314 2.8
      vertex 127.531 70.774 12.8
      vertex 127.531 70.774 2.8
    endloop
  endfacet
  facet normal -0.99776 -0.0668996 0
    outer loop
      vertex 130.4 69.8 2.8
      vertex 130.386 70.0088 12.8
      vertex 130.386 70.0088 2.8
    endloop
  endfacet
  facet normal -0.99776 -0.0668996 0
    outer loop
      vertex 130.386 70.0088 12.8
      vertex 130.4 69.8 2.8
      vertex 130.4 69.8 12.8
    endloop
  endfacet
  facet normal -0.829843 0.557998 0
    outer loop
      vertex 130.069 68.826 2.8
      vertex 130.186 69 12.8
      vertex 130.186 69 2.8
    endloop
  endfacet
  facet normal -0.829843 0.557998 0
    outer loop
      vertex 130.186 69 12.8
      vertex 130.069 68.826 2.8
      vertex 130.069 68.826 12.8
    endloop
  endfacet
  facet normal 0.99776 0.0668996 0
    outer loop
      vertex 127.214 69.5912 12.8
      vertex 127.2 69.8 2.8
      vertex 127.2 69.8 12.8
    endloop
  endfacet
  facet normal 0.99776 0.0668996 0
    outer loop
      vertex 127.2 69.8 2.8
      vertex 127.214 69.5912 12.8
      vertex 127.214 69.5912 2.8
    endloop
  endfacet
  facet normal 0.897939 0.440119 0
    outer loop
      vertex 127.414 69 12.8
      vertex 127.322 69.1877 2.8
      vertex 127.322 69.1877 12.8
    endloop
  endfacet
  facet normal 0.897939 0.440119 0
    outer loop
      vertex 127.322 69.1877 2.8
      vertex 127.414 69 12.8
      vertex 127.414 69 2.8
    endloop
  endfacet
  facet normal -0.195196 0.980764 0
    outer loop
      vertex 129.214 68.2545 2.8
      vertex 129.009 68.2137 12.8
      vertex 129.214 68.2545 12.8
    endloop
  endfacet
  facet normal -0.195196 0.980764 0
    outer loop
      vertex 129.009 68.2137 12.8
      vertex 129.214 68.2545 2.8
      vertex 129.009 68.2137 2.8
    endloop
  endfacet
  facet normal -0.660196 0.751093 0
    outer loop
      vertex 129.931 68.6686 2.8
      vertex 129.774 68.5306 12.8
      vertex 129.931 68.6686 12.8
    endloop
  endfacet
  facet normal -0.660196 0.751093 0
    outer loop
      vertex 129.774 68.5306 12.8
      vertex 129.931 68.6686 2.8
      vertex 129.774 68.5306 2.8
    endloop
  endfacet
  facet normal -0.980636 -0.195841 0
    outer loop
      vertex 130.386 70.0088 2.8
      vertex 130.345 70.2141 12.8
      vertex 130.345 70.2141 2.8
    endloop
  endfacet
  facet normal -0.980636 -0.195841 0
    outer loop
      vertex 130.345 70.2141 12.8
      vertex 130.386 70.0088 2.8
      vertex 130.386 70.0088 12.8
    endloop
  endfacet
  facet normal -0.751925 -0.659248 0
    outer loop
      vertex 130.069 70.774 2.8
      vertex 129.931 70.9314 12.8
      vertex 129.931 70.9314 2.8
    endloop
  endfacet
  facet normal -0.751925 -0.659248 0
    outer loop
      vertex 129.931 70.9314 12.8
      vertex 130.069 70.774 2.8
      vertex 130.069 70.774 12.8
    endloop
  endfacet
  facet normal -0.0654099 -0.997858 0
    outer loop
      vertex 128.8 71.4 2.8
      vertex 129.009 71.3863 12.8
      vertex 128.8 71.4 12.8
    endloop
  endfacet
  facet normal -0.0654099 -0.997858 -0
    outer loop
      vertex 129.009 71.3863 12.8
      vertex 128.8 71.4 2.8
      vertex 129.009 71.3863 2.8
    endloop
  endfacet
  facet normal -0.897939 0.440119 0
    outer loop
      vertex 130.186 69 2.8
      vertex 130.278 69.1877 12.8
      vertex 130.278 69.1877 2.8
    endloop
  endfacet
  facet normal -0.897939 0.440119 0
    outer loop
      vertex 130.278 69.1877 12.8
      vertex 130.186 69 2.8
      vertex 130.186 69 12.8
    endloop
  endfacet
  facet normal 0.0654099 0.997858 -0
    outer loop
      vertex 128.8 68.2 2.8
      vertex 128.591 68.2137 12.8
      vertex 128.8 68.2 12.8
    endloop
  endfacet
  facet normal 0.0654099 0.997858 0
    outer loop
      vertex 128.591 68.2137 12.8
      vertex 128.8 68.2 2.8
      vertex 128.591 68.2137 2.8
    endloop
  endfacet
  facet normal 0.947336 0.32024 0
    outer loop
      vertex 127.322 69.1877 12.8
      vertex 127.255 69.3859 2.8
      vertex 127.255 69.3859 12.8
    endloop
  endfacet
  facet normal 0.947336 0.32024 0
    outer loop
      vertex 127.255 69.3859 2.8
      vertex 127.322 69.1877 12.8
      vertex 127.322 69.1877 2.8
    endloop
  endfacet
  facet normal 0.980636 0.195841 0
    outer loop
      vertex 127.255 69.3859 12.8
      vertex 127.214 69.5912 2.8
      vertex 127.214 69.5912 12.8
    endloop
  endfacet
  facet normal 0.980636 0.195841 0
    outer loop
      vertex 127.214 69.5912 2.8
      vertex 127.255 69.3859 12.8
      vertex 127.255 69.3859 2.8
    endloop
  endfacet
  facet normal -0.441861 0.897083 0
    outer loop
      vertex 129.6 68.4144 2.8
      vertex 129.412 68.3218 12.8
      vertex 129.6 68.4144 12.8
    endloop
  endfacet
  facet normal -0.441861 0.897083 0
    outer loop
      vertex 129.412 68.3218 12.8
      vertex 129.6 68.4144 2.8
      vertex 129.412 68.3218 2.8
    endloop
  endfacet
  facet normal -0.321817 0.946802 0
    outer loop
      vertex 129.412 68.3218 2.8
      vertex 129.214 68.2545 12.8
      vertex 129.412 68.3218 12.8
    endloop
  endfacet
  facet normal -0.321817 0.946802 0
    outer loop
      vertex 129.214 68.2545 12.8
      vertex 129.412 68.3218 2.8
      vertex 129.214 68.2545 2.8
    endloop
  endfacet
  facet normal -0.751925 0.659248 0
    outer loop
      vertex 129.931 68.6686 2.8
      vertex 130.069 68.826 12.8
      vertex 130.069 68.826 2.8
    endloop
  endfacet
  facet normal -0.751925 0.659248 0
    outer loop
      vertex 130.069 68.826 12.8
      vertex 129.931 68.6686 2.8
      vertex 129.931 68.6686 12.8
    endloop
  endfacet
  facet normal 0.321817 0.946802 -0
    outer loop
      vertex 128.386 68.2545 2.8
      vertex 128.188 68.3218 12.8
      vertex 128.386 68.2545 12.8
    endloop
  endfacet
  facet normal 0.321817 0.946802 0
    outer loop
      vertex 128.188 68.3218 12.8
      vertex 128.386 68.2545 2.8
      vertex 128.188 68.3218 2.8
    endloop
  endfacet
  facet normal -0.0654099 0.997858 0
    outer loop
      vertex 129.009 68.2137 2.8
      vertex 128.8 68.2 12.8
      vertex 129.009 68.2137 12.8
    endloop
  endfacet
  facet normal -0.0654099 0.997858 0
    outer loop
      vertex 128.8 68.2 12.8
      vertex 129.009 68.2137 2.8
      vertex 128.8 68.2 2.8
    endloop
  endfacet
  facet normal 0.195196 0.980764 -0
    outer loop
      vertex 128.591 68.2137 2.8
      vertex 128.386 68.2545 12.8
      vertex 128.591 68.2137 12.8
    endloop
  endfacet
  facet normal 0.195196 0.980764 0
    outer loop
      vertex 128.386 68.2545 12.8
      vertex 128.591 68.2137 2.8
      vertex 128.386 68.2545 2.8
    endloop
  endfacet
  facet normal 0.751925 0.659248 0
    outer loop
      vertex 127.669 68.6686 12.8
      vertex 127.531 68.826 2.8
      vertex 127.531 68.826 12.8
    endloop
  endfacet
  facet normal 0.751925 0.659248 0
    outer loop
      vertex 127.531 68.826 2.8
      vertex 127.669 68.6686 12.8
      vertex 127.669 68.6686 2.8
    endloop
  endfacet
  facet normal 0.660196 0.751093 -0
    outer loop
      vertex 127.826 68.5306 2.8
      vertex 127.669 68.6686 12.8
      vertex 127.826 68.5306 12.8
    endloop
  endfacet
  facet normal 0.660196 0.751093 0
    outer loop
      vertex 127.669 68.6686 12.8
      vertex 127.826 68.5306 2.8
      vertex 127.669 68.6686 2.8
    endloop
  endfacet
  facet normal 0.555362 0.831609 -0
    outer loop
      vertex 128 68.4144 2.8
      vertex 127.826 68.5306 12.8
      vertex 128 68.4144 12.8
    endloop
  endfacet
  facet normal 0.555362 0.831609 0
    outer loop
      vertex 127.826 68.5306 12.8
      vertex 128 68.4144 2.8
      vertex 127.826 68.5306 2.8
    endloop
  endfacet
  facet normal 0.829843 0.557998 0
    outer loop
      vertex 127.531 68.826 12.8
      vertex 127.414 69 2.8
      vertex 127.414 69 12.8
    endloop
  endfacet
  facet normal 0.829843 0.557998 0
    outer loop
      vertex 127.414 69 2.8
      vertex 127.531 68.826 12.8
      vertex 127.531 68.826 2.8
    endloop
  endfacet
  facet normal 0.441861 0.897083 -0
    outer loop
      vertex 128.188 68.3218 2.8
      vertex 128 68.4144 12.8
      vertex 128.188 68.3218 12.8
    endloop
  endfacet
  facet normal 0.441861 0.897083 0
    outer loop
      vertex 128 68.4144 12.8
      vertex 128.188 68.3218 2.8
      vertex 128 68.4144 2.8
    endloop
  endfacet
endsolid OpenSCAD_Model
