solid OpenSCAD_Model
  facet normal 1 -0 0
    outer loop
      vertex 13.8 19 2.8
      vertex 13.8 21.6 0
      vertex 13.8 21.6 2.8
    endloop
  endfacet
  facet normal 1 0 0
    outer loop
      vertex 13.8 21.6 0
      vertex 13.8 19 2.8
      vertex 13.8 19 0
    endloop
  endfacet
  facet normal 0 -1 0
    outer loop
      vertex 13.8 21.6 0
      vertex 19.6783 21.6 2.8
      vertex 13.8 21.6 2.8
    endloop
  endfacet
  facet normal 0 -1 -0
    outer loop
      vertex 19.6783 21.6 2.8
      vertex 13.8 21.6 0
      vertex 19.6783 21.6 0
    endloop
  endfacet
  facet normal 0 1 -0
    outer loop
      vertex 19.6783 19 0
      vertex 13.8 19 2.8
      vertex 19.6783 19 2.8
    endloop
  endfacet
  facet normal 0 1 0
    outer loop
      vertex 13.8 19 2.8
      vertex 19.6783 19 0
      vertex 13.8 19 0
    endloop
  endfacet
  facet normal -0.916554 -0.399911 0
    outer loop
      vertex 62.2822 37.9924 0
      vertex 62.3007 37.95 0.299999
      vertex 62.2822 37.9924 2.8
    endloop
  endfacet
  facet normal -0.917274 -0.398256 0.00027832
    outer loop
      vertex 62.2822 37.9924 0
      vertex 63.2993 35.65 0.299999
      vertex 62.3007 37.95 0.299999
    endloop
  endfacet
  facet normal -0.917248 -0.398315 -0.000268416
    outer loop
      vertex 63.3178 35.6076 0
      vertex 63.2993 35.65 0.299999
      vertex 62.2822 37.9924 0
    endloop
  endfacet
  facet normal -0.916554 -0.399911 -0
    outer loop
      vertex 63.3178 35.6076 2.8
      vertex 63.2993 35.65 0.299999
      vertex 63.3178 35.6076 0
    endloop
  endfacet
  facet normal -0.916554 -0.399911 0
    outer loop
      vertex 63.2993 35.65 0.299999
      vertex 63.3178 35.6076 2.8
      vertex 63.2993 35.65 2.8
    endloop
  endfacet
  facet normal -0.916554 -0.399911 0
    outer loop
      vertex 62.2822 37.9924 2.8
      vertex 62.3007 37.95 0.299999
      vertex 62.3007 37.95 2.8
    endloop
  endfacet
  facet normal 0.398281 -0.917264 0
    outer loop
      vertex 28.9857 23.5348 2.8
      vertex 44.0751 30.0867 2.6
      vertex 44.0751 30.0867 2.8
    endloop
  endfacet
  facet normal 0.39829 -0.91726 2.45451e-05
    outer loop
      vertex 44.0751 30.0867 2.6
      vertex 56.8875 35.65 0.299999
      vertex 51.8309 33.4544 2.6
    endloop
  endfacet
  facet normal 0.398281 -0.917264 0
    outer loop
      vertex 28.9857 23.5348 0
      vertex 44.0751 30.0867 2.6
      vertex 28.9857 23.5348 2.8
    endloop
  endfacet
  facet normal 0.398283 -0.917263 6.36479e-05
    outer loop
      vertex 62.2822 37.9924 0
      vertex 56.8875 35.65 0.299999
      vertex 28.9857 23.5348 0
    endloop
  endfacet
  facet normal 0.398283 -0.917262 -1.74701e-05
    outer loop
      vertex 44.0751 30.0867 2.6
      vertex 28.9857 23.5348 0
      vertex 56.8875 35.65 0.299999
    endloop
  endfacet
  facet normal 0.39828 -0.917264 0
    outer loop
      vertex 51.8309 33.4544 2.6
      vertex 56.8875 35.65 2.8
      vertex 51.8309 33.4544 2.8
    endloop
  endfacet
  facet normal 0.39828 -0.917264 0
    outer loop
      vertex 56.8875 35.65 2.8
      vertex 51.8309 33.4544 2.6
      vertex 56.8875 35.65 0.299999
    endloop
  endfacet
  facet normal 0.398108 -0.917339 0
    outer loop
      vertex 62.1845 37.95 0.299999
      vertex 62.2822 37.9924 2.8
      vertex 62.1845 37.95 2.8
    endloop
  endfacet
  facet normal 0.398108 -0.917339 0
    outer loop
      vertex 62.1845 37.95 0.299999
      vertex 62.2822 37.9924 0
      vertex 62.2822 37.9924 2.8
    endloop
  endfacet
  facet normal 0.398283 -0.917263 6.76506e-05
    outer loop
      vertex 56.8875 35.65 0.299999
      vertex 62.2822 37.9924 0
      vertex 62.1845 37.95 0.299999
    endloop
  endfacet
  facet normal -0.398289 0.91726 2.13882e-05
    outer loop
      vertex 50.5858 30.0792 2.6
      vertex 47.9858 28.9503 0
      vertex 44.6505 27.502 2.6
    endloop
  endfacet
  facet normal -0.398284 0.917262 0
    outer loop
      vertex 44.6505 27.502 2.6
      vertex 30.029 21.1532 2.8
      vertex 44.6505 27.502 2.8
    endloop
  endfacet
  facet normal -0.398288 0.917261 2.29044e-05
    outer loop
      vertex 30.029 21.1532 0
      vertex 44.6505 27.502 2.6
      vertex 47.9858 28.9503 0
    endloop
  endfacet
  facet normal -0.398284 0.917262 0
    outer loop
      vertex 44.6505 27.502 2.6
      vertex 30.029 21.1532 0
      vertex 30.029 21.1532 2.8
    endloop
  endfacet
  facet normal -0.398291 0.917259 0
    outer loop
      vertex 63.3178 35.6076 2.8
      vertex 53.3074 31.2609 2.6
      vertex 53.3074 31.2609 2.8
    endloop
  endfacet
  facet normal -0.398243 0.91728 0
    outer loop
      vertex 53.3074 31.2609 2.6
      vertex 52.2458 30.8 1.4316
      vertex 52.2458 30.8 2.6
    endloop
  endfacet
  facet normal -0.398291 0.917259 0
    outer loop
      vertex 63.3178 35.6076 0
      vertex 53.3074 31.2609 2.6
      vertex 63.3178 35.6076 2.8
    endloop
  endfacet
  facet normal -0.398286 0.917261 2.1137e-05
    outer loop
      vertex 52.2458 30.8 0
      vertex 53.3074 31.2609 2.6
      vertex 63.3178 35.6076 0
    endloop
  endfacet
  facet normal -0.398243 0.91728 0
    outer loop
      vertex 53.3074 31.2609 2.6
      vertex 52.2458 30.8 0.760028
      vertex 52.2458 30.8 1.4316
    endloop
  endfacet
  facet normal -0.398243 0.91728 0
    outer loop
      vertex 53.3074 31.2609 2.6
      vertex 52.2458 30.8 0
      vertex 52.2458 30.8 0.760028
    endloop
  endfacet
  facet normal -0.398285 0.917262 0
    outer loop
      vertex 51.4858 30.47 0
      vertex 52.2458 30.8 1.4316
      vertex 52.2458 30.8 0.760028
    endloop
  endfacet
  facet normal -0.398267 0.91727 -1.14484e-05
    outer loop
      vertex 52.2458 30.8 1.4316
      vertex 51.4858 30.47 0
      vertex 50.8142 30.1784 0
    endloop
  endfacet
  facet normal -0.996913 -0.078517 0
    outer loop
      vertex 30.1 20.3 0
      vertex 30.0347 21.1291 2.8
      vertex 30.0347 21.1291 0
    endloop
  endfacet
  facet normal -0.996913 -0.078517 0
    outer loop
      vertex 30.0347 21.1291 2.8
      vertex 30.1 20.3 0
      vertex 30.1 20.3 2.8
    endloop
  endfacet
  facet normal 0.078517 -0.996913 0
    outer loop
      vertex 23.9709 25.5347 0
      vertex 24.8 25.6 2.8
      vertex 23.9709 25.5347 2.8
    endloop
  endfacet
  facet normal 0.078517 -0.996913 0
    outer loop
      vertex 24.8 25.6 2.8
      vertex 23.9709 25.5347 0
      vertex 24.8 25.6 0
    endloop
  endfacet
  facet normal -0.078517 0.996913 0
    outer loop
      vertex 25.6291 15.0653 0
      vertex 24.8 15 2.8
      vertex 25.6291 15.0653 2.8
    endloop
  endfacet
  facet normal -0.078517 0.996913 0
    outer loop
      vertex 24.8 15 2.8
      vertex 25.6291 15.0653 0
      vertex 24.8 15 0
    endloop
  endfacet
  facet normal -0.649434 -0.760418 0
    outer loop
      vertex 27.9153 24.5878 0
      vertex 28.5477 24.0477 2.8
      vertex 27.9153 24.5878 2.8
    endloop
  endfacet
  facet normal -0.649434 -0.760418 -0
    outer loop
      vertex 28.5477 24.0477 2.8
      vertex 27.9153 24.5878 0
      vertex 28.5477 24.0477 0
    endloop
  endfacet
  facet normal 0.649434 -0.760418 0
    outer loop
      vertex 21.0523 24.0477 0
      vertex 21.6847 24.5878 2.8
      vertex 21.0523 24.0477 2.8
    endloop
  endfacet
  facet normal 0.649434 -0.760418 0
    outer loop
      vertex 21.6847 24.5878 2.8
      vertex 21.0523 24.0477 0
      vertex 21.6847 24.5878 0
    endloop
  endfacet
  facet normal 0.382745 -0.923854 0
    outer loop
      vertex 22.3939 25.0223 0
      vertex 23.1622 25.3406 2.8
      vertex 22.3939 25.0223 2.8
    endloop
  endfacet
  facet normal 0.382745 -0.923854 0
    outer loop
      vertex 23.1622 25.3406 2.8
      vertex 22.3939 25.0223 0
      vertex 23.1622 25.3406 0
    endloop
  endfacet
  facet normal -0.852693 0.522413 0
    outer loop
      vertex 29.0878 17.1847 0
      vertex 29.5223 17.8939 2.8
      vertex 29.5223 17.8939 0
    endloop
  endfacet
  facet normal -0.852693 0.522413 0
    outer loop
      vertex 29.5223 17.8939 2.8
      vertex 29.0878 17.1847 0
      vertex 29.0878 17.1847 2.8
    endloop
  endfacet
  facet normal -0.973152 -0.230165 0
    outer loop
      vertex 30.0347 21.1291 0
      vertex 30.029 21.1532 2.8
      vertex 30.029 21.1532 0
    endloop
  endfacet
  facet normal -0.973152 -0.230165 0
    outer loop
      vertex 30.029 21.1532 2.8
      vertex 30.0347 21.1291 0
      vertex 30.0347 21.1291 2.8
    endloop
  endfacet
  facet normal -0.233387 -0.972384 0
    outer loop
      vertex 25.6291 25.5347 0
      vertex 26.4378 25.3406 2.8
      vertex 25.6291 25.5347 2.8
    endloop
  endfacet
  facet normal -0.233387 -0.972384 -0
    outer loop
      vertex 26.4378 25.3406 2.8
      vertex 25.6291 25.5347 0
      vertex 26.4378 25.3406 0
    endloop
  endfacet
  facet normal -0.078517 -0.996913 0
    outer loop
      vertex 24.8 25.6 0
      vertex 25.6291 25.5347 2.8
      vertex 24.8 25.6 2.8
    endloop
  endfacet
  facet normal -0.078517 -0.996913 -0
    outer loop
      vertex 25.6291 25.5347 2.8
      vertex 24.8 25.6 0
      vertex 25.6291 25.5347 0
    endloop
  endfacet
  facet normal -0.382702 -0.923872 0
    outer loop
      vertex 26.4378 25.3406 0
      vertex 27.2062 25.0223 2.8
      vertex 26.4378 25.3406 2.8
    endloop
  endfacet
  facet normal -0.382702 -0.923872 -0
    outer loop
      vertex 27.2062 25.0223 2.8
      vertex 26.4378 25.3406 0
      vertex 27.2062 25.0223 0
    endloop
  endfacet
  facet normal 0.923872 -0.382702 0
    outer loop
      vertex 19.7594 21.9378 2.8
      vertex 20.0777 22.7062 0
      vertex 20.0777 22.7062 2.8
    endloop
  endfacet
  facet normal 0.923872 -0.382702 0
    outer loop
      vertex 20.0777 22.7062 0
      vertex 19.7594 21.9378 2.8
      vertex 19.7594 21.9378 0
    endloop
  endfacet
  facet normal 0.972369 -0.233449 0
    outer loop
      vertex 19.6783 21.6 2.8
      vertex 19.7594 21.9378 0
      vertex 19.7594 21.9378 2.8
    endloop
  endfacet
  facet normal 0.972369 -0.233449 0
    outer loop
      vertex 19.7594 21.9378 0
      vertex 19.6783 21.6 2.8
      vertex 19.6783 21.6 0
    endloop
  endfacet
  facet normal 0.522413 -0.852693 0
    outer loop
      vertex 21.6847 24.5878 0
      vertex 22.3939 25.0223 2.8
      vertex 21.6847 24.5878 2.8
    endloop
  endfacet
  facet normal 0.522413 -0.852693 0
    outer loop
      vertex 22.3939 25.0223 2.8
      vertex 21.6847 24.5878 0
      vertex 22.3939 25.0223 0
    endloop
  endfacet
  facet normal 0.233387 -0.972384 0
    outer loop
      vertex 23.1622 25.3406 0
      vertex 23.9709 25.5347 2.8
      vertex 23.1622 25.3406 2.8
    endloop
  endfacet
  facet normal 0.233387 -0.972384 0
    outer loop
      vertex 23.9709 25.5347 2.8
      vertex 23.1622 25.3406 0
      vertex 23.9709 25.5347 0
    endloop
  endfacet
  facet normal -0.996913 0.078517 0
    outer loop
      vertex 30.0347 19.4709 0
      vertex 30.1 20.3 2.8
      vertex 30.1 20.3 0
    endloop
  endfacet
  facet normal -0.996913 0.078517 0
    outer loop
      vertex 30.1 20.3 2.8
      vertex 30.0347 19.4709 0
      vertex 30.0347 19.4709 2.8
    endloop
  endfacet
  facet normal -0.760448 -0.649398 0
    outer loop
      vertex 28.9857 23.5348 0
      vertex 28.5477 24.0477 2.8
      vertex 28.5477 24.0477 0
    endloop
  endfacet
  facet normal -0.760448 -0.649398 0
    outer loop
      vertex 28.5477 24.0477 2.8
      vertex 28.9857 23.5348 0
      vertex 28.9857 23.5348 2.8
    endloop
  endfacet
  facet normal -0.522466 -0.85266 0
    outer loop
      vertex 27.2062 25.0223 0
      vertex 27.9153 24.5878 2.8
      vertex 27.2062 25.0223 2.8
    endloop
  endfacet
  facet normal -0.522466 -0.85266 -0
    outer loop
      vertex 27.9153 24.5878 2.8
      vertex 27.2062 25.0223 0
      vertex 27.9153 24.5878 0
    endloop
  endfacet
  facet normal 0.85266 -0.522466 0
    outer loop
      vertex 20.0777 22.7062 2.8
      vertex 20.5122 23.4153 0
      vertex 20.5122 23.4153 2.8
    endloop
  endfacet
  facet normal 0.85266 -0.522466 0
    outer loop
      vertex 20.5122 23.4153 0
      vertex 20.0777 22.7062 2.8
      vertex 20.0777 22.7062 0
    endloop
  endfacet
  facet normal 0.760418 -0.649434 0
    outer loop
      vertex 20.5122 23.4153 2.8
      vertex 21.0523 24.0477 0
      vertex 21.0523 24.0477 2.8
    endloop
  endfacet
  facet normal 0.760418 -0.649434 0
    outer loop
      vertex 21.0523 24.0477 0
      vertex 20.5122 23.4153 2.8
      vertex 20.5122 23.4153 0
    endloop
  endfacet
  facet normal -0.522466 0.85266 0
    outer loop
      vertex 27.9153 16.0122 0
      vertex 27.2062 15.5777 2.8
      vertex 27.9153 16.0122 2.8
    endloop
  endfacet
  facet normal -0.522466 0.85266 0
    outer loop
      vertex 27.2062 15.5777 2.8
      vertex 27.9153 16.0122 0
      vertex 27.2062 15.5777 0
    endloop
  endfacet
  facet normal -0.760418 0.649434 0
    outer loop
      vertex 28.5477 16.5523 0
      vertex 29.0878 17.1847 2.8
      vertex 29.0878 17.1847 0
    endloop
  endfacet
  facet normal -0.760418 0.649434 0
    outer loop
      vertex 29.0878 17.1847 2.8
      vertex 28.5477 16.5523 0
      vertex 28.5477 16.5523 2.8
    endloop
  endfacet
  facet normal 0.649434 0.760418 -0
    outer loop
      vertex 21.6847 16.0122 0
      vertex 21.0523 16.5523 2.8
      vertex 21.6847 16.0122 2.8
    endloop
  endfacet
  facet normal 0.649434 0.760418 0
    outer loop
      vertex 21.0523 16.5523 2.8
      vertex 21.6847 16.0122 0
      vertex 21.0523 16.5523 0
    endloop
  endfacet
  facet normal 0.923854 0.382745 0
    outer loop
      vertex 20.0777 17.8939 2.8
      vertex 19.7594 18.6622 0
      vertex 19.7594 18.6622 2.8
    endloop
  endfacet
  facet normal 0.923854 0.382745 0
    outer loop
      vertex 19.7594 18.6622 0
      vertex 20.0777 17.8939 2.8
      vertex 20.0777 17.8939 0
    endloop
  endfacet
  facet normal 0.852693 0.522413 0
    outer loop
      vertex 20.5122 17.1847 2.8
      vertex 20.0777 17.8939 0
      vertex 20.0777 17.8939 2.8
    endloop
  endfacet
  facet normal 0.852693 0.522413 0
    outer loop
      vertex 20.0777 17.8939 0
      vertex 20.5122 17.1847 2.8
      vertex 20.5122 17.1847 0
    endloop
  endfacet
  facet normal -0.233387 0.972384 0
    outer loop
      vertex 26.4378 15.2594 0
      vertex 25.6291 15.0653 2.8
      vertex 26.4378 15.2594 2.8
    endloop
  endfacet
  facet normal -0.233387 0.972384 0
    outer loop
      vertex 25.6291 15.0653 2.8
      vertex 26.4378 15.2594 0
      vertex 25.6291 15.0653 0
    endloop
  endfacet
  facet normal -0.923854 0.382745 0
    outer loop
      vertex 29.5223 17.8939 0
      vertex 29.8406 18.6622 2.8
      vertex 29.8406 18.6622 0
    endloop
  endfacet
  facet normal -0.923854 0.382745 0
    outer loop
      vertex 29.8406 18.6622 2.8
      vertex 29.5223 17.8939 0
      vertex 29.5223 17.8939 2.8
    endloop
  endfacet
  facet normal 0.233387 0.972384 -0
    outer loop
      vertex 23.9709 15.0653 0
      vertex 23.1622 15.2594 2.8
      vertex 23.9709 15.0653 2.8
    endloop
  endfacet
  facet normal 0.233387 0.972384 0
    outer loop
      vertex 23.1622 15.2594 2.8
      vertex 23.9709 15.0653 0
      vertex 23.1622 15.2594 0
    endloop
  endfacet
  facet normal 0.760418 0.649434 0
    outer loop
      vertex 21.0523 16.5523 2.8
      vertex 20.5122 17.1847 0
      vertex 20.5122 17.1847 2.8
    endloop
  endfacet
  facet normal 0.760418 0.649434 0
    outer loop
      vertex 20.5122 17.1847 0
      vertex 21.0523 16.5523 2.8
      vertex 21.0523 16.5523 0
    endloop
  endfacet
  facet normal 0.972369 0.233449 0
    outer loop
      vertex 19.7594 18.6622 2.8
      vertex 19.6783 19 0
      vertex 19.6783 19 2.8
    endloop
  endfacet
  facet normal 0.972369 0.233449 0
    outer loop
      vertex 19.6783 19 0
      vertex 19.7594 18.6622 2.8
      vertex 19.7594 18.6622 0
    endloop
  endfacet
  facet normal -0.382702 0.923872 0
    outer loop
      vertex 27.2062 15.5777 0
      vertex 26.4378 15.2594 2.8
      vertex 27.2062 15.5777 2.8
    endloop
  endfacet
  facet normal -0.382702 0.923872 0
    outer loop
      vertex 26.4378 15.2594 2.8
      vertex 27.2062 15.5777 0
      vertex 26.4378 15.2594 0
    endloop
  endfacet
  facet normal -0.649434 0.760418 0
    outer loop
      vertex 28.5477 16.5523 0
      vertex 27.9153 16.0122 2.8
      vertex 28.5477 16.5523 2.8
    endloop
  endfacet
  facet normal -0.649434 0.760418 0
    outer loop
      vertex 27.9153 16.0122 2.8
      vertex 28.5477 16.5523 0
      vertex 27.9153 16.0122 0
    endloop
  endfacet
  facet normal -0.972384 0.233387 0
    outer loop
      vertex 29.8406 18.6622 0
      vertex 30.0347 19.4709 2.8
      vertex 30.0347 19.4709 0
    endloop
  endfacet
  facet normal -0.972384 0.233387 0
    outer loop
      vertex 30.0347 19.4709 2.8
      vertex 29.8406 18.6622 0
      vertex 29.8406 18.6622 2.8
    endloop
  endfacet
  facet normal 0.078517 0.996913 -0
    outer loop
      vertex 24.8 15 0
      vertex 23.9709 15.0653 2.8
      vertex 24.8 15 2.8
    endloop
  endfacet
  facet normal 0.078517 0.996913 0
    outer loop
      vertex 23.9709 15.0653 2.8
      vertex 24.8 15 0
      vertex 23.9709 15.0653 0
    endloop
  endfacet
  facet normal 0.382745 0.923854 -0
    outer loop
      vertex 23.1622 15.2594 0
      vertex 22.3939 15.5777 2.8
      vertex 23.1622 15.2594 2.8
    endloop
  endfacet
  facet normal 0.382745 0.923854 0
    outer loop
      vertex 22.3939 15.5777 2.8
      vertex 23.1622 15.2594 0
      vertex 22.3939 15.5777 0
    endloop
  endfacet
  facet normal 0.522413 0.852693 -0
    outer loop
      vertex 22.3939 15.5777 0
      vertex 21.6847 16.0122 2.8
      vertex 22.3939 15.5777 2.8
    endloop
  endfacet
  facet normal 0.522413 0.852693 0
    outer loop
      vertex 21.6847 16.0122 2.8
      vertex 22.3939 15.5777 0
      vertex 21.6847 16.0122 0
    endloop
  endfacet
  facet normal 1 -0 0
    outer loop
      vertex 8.8 0 28.88
      vertex 8.8 2.8 2.8
      vertex 8.8 2.8 28.88
    endloop
  endfacet
  facet normal 1 0 0
    outer loop
      vertex 8.8 2.8 2.8
      vertex 8.8 0 28.88
      vertex 8.8 0 2.8
    endloop
  endfacet
  facet normal 0 0 -1
    outer loop
      vertex 8.8 0 28.88
      vertex 22.8 2.8 28.88
      vertex 22.8 0 28.88
    endloop
  endfacet
  facet normal -0 0 -1
    outer loop
      vertex 22.8 2.8 28.88
      vertex 8.8 0 28.88
      vertex 8.8 2.8 28.88
    endloop
  endfacet
  facet normal -1 0 0
    outer loop
      vertex 22.8 0 2.8
      vertex 22.8 2.8 28.88
      vertex 22.8 2.8 2.8
    endloop
  endfacet
  facet normal -1 -0 0
    outer loop
      vertex 22.8 2.8 28.88
      vertex 22.8 0 2.8
      vertex 22.8 0 28.88
    endloop
  endfacet
  facet normal 0 0 1
    outer loop
      vertex 13.8 19 2.8
      vertex 2.9 14.1498 2.8
      vertex 8.8 2.8 2.8
    endloop
  endfacet
  facet normal 0 0 1
    outer loop
      vertex 2.8 2.8 2.8
      vertex 2.9 14.1498 2.8
      vertex 2.8 14.1498 2.8
    endloop
  endfacet
  facet normal 0 0 1
    outer loop
      vertex 2.9 14.1498 2.8
      vertex 2.8 2.8 2.8
      vertex 8.8 2.8 2.8
    endloop
  endfacet
  facet normal 0 0 1
    outer loop
      vertex 93.2086 31.9021 2.8
      vertex 93.65 30.8 2.8
      vertex 93.65 31.7961 2.8
    endloop
  endfacet
  facet normal 0 0 1
    outer loop
      vertex 93.2086 31.9021 2.8
      vertex 92.7858 30.8 2.8
      vertex 93.65 30.8 2.8
    endloop
  endfacet
  facet normal 0 0 1
    outer loop
      vertex 92.1142 30.8 2.8
      vertex 92.7858 30.8 2.8
      vertex 92.4619 32.2113 2.8
    endloop
  endfacet
  facet normal 0 0 1
    outer loop
      vertex 92.4619 32.2113 2.8
      vertex 92.7858 30.8 2.8
      vertex 93.2086 31.9021 2.8
    endloop
  endfacet
  facet normal 0 0 1
    outer loop
      vertex 44.6505 27.502 2.8
      vertex 30.0347 21.1291 2.8
      vertex 30.1 20.3 2.8
    endloop
  endfacet
  facet normal 0 -0 1
    outer loop
      vertex 30.0347 21.1291 2.8
      vertex 44.6505 27.502 2.8
      vertex 30.029 21.1532 2.8
    endloop
  endfacet
  facet normal 0 0 1
    outer loop
      vertex 50.7858 30.8 2.8
      vertex 44.6505 27.502 2.8
      vertex 50.7858 9.8 2.8
    endloop
  endfacet
  facet normal 0 0 1
    outer loop
      vertex 44.0751 30.0867 2.8
      vertex 50.7858 30.8 2.8
      vertex 51.8309 33.4544 2.8
    endloop
  endfacet
  facet normal 0 -0 1
    outer loop
      vertex 44.1222 28.9752 2.8
      vertex 50.7858 30.8 2.8
      vertex 44.0751 30.0867 2.8
    endloop
  endfacet
  facet normal 0 0 1
    outer loop
      vertex 50.7858 30.8 2.8
      vertex 44.3365 28.1754 2.8
      vertex 44.6505 27.502 2.8
    endloop
  endfacet
  facet normal 0 0 1
    outer loop
      vertex 50.7858 30.8 2.8
      vertex 44.1222 28.9752 2.8
      vertex 44.3365 28.1754 2.8
    endloop
  endfacet
  facet normal -0 0 1
    outer loop
      vertex 39.8039 35.65 2.8
      vertex 51.8309 33.4544 2.8
      vertex 56.8875 35.65 2.8
    endloop
  endfacet
  facet normal 0 0 1
    outer loop
      vertex 39.8039 35.65 2.8
      vertex 44.0751 30.0867 2.8
      vertex 51.8309 33.4544 2.8
    endloop
  endfacet
  facet normal -0 0 1
    outer loop
      vertex 39.6979 35.2086 2.8
      vertex 44.0751 30.0867 2.8
      vertex 39.8039 35.65 2.8
    endloop
  endfacet
  facet normal -0 0 1
    outer loop
      vertex 39.3887 34.4619 2.8
      vertex 44.0751 30.0867 2.8
      vertex 39.6979 35.2086 2.8
    endloop
  endfacet
  facet normal -0 0 1
    outer loop
      vertex 38.9664 33.7729 2.8
      vertex 44.0751 30.0867 2.8
      vertex 39.3887 34.4619 2.8
    endloop
  endfacet
  facet normal -0 0 1
    outer loop
      vertex 38.4416 33.1584 2.8
      vertex 44.0751 30.0867 2.8
      vertex 38.9664 33.7729 2.8
    endloop
  endfacet
  facet normal -0 0 1
    outer loop
      vertex 37.8271 32.6336 2.8
      vertex 44.0751 30.0867 2.8
      vertex 38.4416 33.1584 2.8
    endloop
  endfacet
  facet normal -0 0 1
    outer loop
      vertex 37.1381 32.2113 2.8
      vertex 44.0751 30.0867 2.8
      vertex 37.8271 32.6336 2.8
    endloop
  endfacet
  facet normal -0 0 1
    outer loop
      vertex 36.3914 31.9021 2.8
      vertex 44.0751 30.0867 2.8
      vertex 37.1381 32.2113 2.8
    endloop
  endfacet
  facet normal 0 0 1
    outer loop
      vertex 28.9857 23.5348 2.8
      vertex 36.3914 31.9021 2.8
      vertex 35.6056 31.7134 2.8
    endloop
  endfacet
  facet normal 0 0 1
    outer loop
      vertex 28.9857 23.5348 2.8
      vertex 35.6056 31.7134 2.8
      vertex 34.8 31.65 2.8
    endloop
  endfacet
  facet normal 0 0 1
    outer loop
      vertex 28.9857 23.5348 2.8
      vertex 34.8 31.65 2.8
      vertex 33.9944 31.7134 2.8
    endloop
  endfacet
  facet normal 0 0 1
    outer loop
      vertex 29.9021 38.3914 2.8
      vertex 2.9 26.4502 2.8
      vertex 29.7134 37.6056 2.8
    endloop
  endfacet
  facet normal 0 0 1
    outer loop
      vertex 36.3914 31.9021 2.8
      vertex 28.9857 23.5348 2.8
      vertex 44.0751 30.0867 2.8
    endloop
  endfacet
  facet normal 0 0 1
    outer loop
      vertex 28.5477 24.0477 2.8
      vertex 33.9944 31.7134 2.8
      vertex 33.2086 31.9021 2.8
    endloop
  endfacet
  facet normal 0 0 1
    outer loop
      vertex 27.9153 24.5878 2.8
      vertex 33.2086 31.9021 2.8
      vertex 32.4619 32.2113 2.8
    endloop
  endfacet
  facet normal 0 0 1
    outer loop
      vertex 27.2062 25.0223 2.8
      vertex 32.4619 32.2113 2.8
      vertex 31.7729 32.6336 2.8
    endloop
  endfacet
  facet normal 0 0 1
    outer loop
      vertex 26.4378 25.3406 2.8
      vertex 31.7729 32.6336 2.8
      vertex 31.1584 33.1584 2.8
    endloop
  endfacet
  facet normal 0 0 1
    outer loop
      vertex 25.6291 25.5347 2.8
      vertex 31.1584 33.1584 2.8
      vertex 30.6336 33.7729 2.8
    endloop
  endfacet
  facet normal 0 0 1
    outer loop
      vertex 25.6291 25.5347 2.8
      vertex 30.6336 33.7729 2.8
      vertex 30.2113 34.4619 2.8
    endloop
  endfacet
  facet normal 0 0 1
    outer loop
      vertex 24.8 25.6 2.8
      vertex 30.2113 34.4619 2.8
      vertex 29.9021 35.2086 2.8
    endloop
  endfacet
  facet normal 0 0 1
    outer loop
      vertex 23.9709 25.5347 2.8
      vertex 29.9021 35.2086 2.8
      vertex 29.7134 35.9944 2.8
    endloop
  endfacet
  facet normal 0 0 1
    outer loop
      vertex 23.1622 25.3406 2.8
      vertex 29.7134 35.9944 2.8
      vertex 29.65 36.8 2.8
    endloop
  endfacet
  facet normal 0 0 1
    outer loop
      vertex 29.7134 37.6056 2.8
      vertex 2.9 26.4502 2.8
      vertex 29.65 36.8 2.8
    endloop
  endfacet
  facet normal 0 0 1
    outer loop
      vertex 2.8 74.8 2.8
      vertex 29.1495 64.3031 2.8
      vertex 28.8192 65.1004 2.8
    endloop
  endfacet
  facet normal 0 0 1
    outer loop
      vertex 2.8 74.8 2.8
      vertex 28.8192 65.1004 2.8
      vertex 28.7285 65.4782 2.8
    endloop
  endfacet
  facet normal 0 0 1
    outer loop
      vertex 33.9944 31.7134 2.8
      vertex 28.5477 24.0477 2.8
      vertex 28.9857 23.5348 2.8
    endloop
  endfacet
  facet normal 0 0 1
    outer loop
      vertex 77.2805 74.8 2.8
      vertex 73.3 65.4388 2.8
      vertex 74.5095 66.2857 2.8
    endloop
  endfacet
  facet normal 0 0 1
    outer loop
      vertex 77.2805 74.8 2.8
      vertex 71.9572 64.8126 2.8
      vertex 73.3 65.4388 2.8
    endloop
  endfacet
  facet normal 0 0 1
    outer loop
      vertex 77.2805 74.8 2.8
      vertex 70.526 64.4291 2.8
      vertex 71.9572 64.8126 2.8
    endloop
  endfacet
  facet normal 0 0 1
    outer loop
      vertex 77.2805 74.8 2.8
      vertex 69.05 64.3 2.8
      vertex 70.526 64.4291 2.8
    endloop
  endfacet
  facet normal 0 0 1
    outer loop
      vertex 77.2805 74.8 2.8
      vertex 67.574 64.4291 2.8
      vertex 69.05 64.3 2.8
    endloop
  endfacet
  facet normal 0 0 1
    outer loop
      vertex 77.2805 74.8 2.8
      vertex 66.1428 64.8126 2.8
      vertex 67.574 64.4291 2.8
    endloop
  endfacet
  facet normal 0 0 1
    outer loop
      vertex 77.2805 74.8 2.8
      vertex 64.8 65.4388 2.8
      vertex 66.1428 64.8126 2.8
    endloop
  endfacet
  facet normal 0 0 1
    outer loop
      vertex 77.2805 74.8 2.8
      vertex 63.5905 66.2857 2.8
      vertex 64.8 65.4388 2.8
    endloop
  endfacet
  facet normal 0 0 1
    outer loop
      vertex 89.9021 38.3914 2.8
      vertex 62.2822 37.9924 2.8
      vertex 62.3007 37.95 2.8
    endloop
  endfacet
  facet normal 0 0 1
    outer loop
      vertex 63.6177 65.9396 2.8
      vertex 55.4391 62.9109 2.8
      vertex 62.2822 37.9924 2.8
    endloop
  endfacet
  facet normal 0 0 1
    outer loop
      vertex 56.9823 65.9396 2.8
      vertex 63.5905 66.2857 2.8
      vertex 57.0095 66.2857 2.8
    endloop
  endfacet
  facet normal 0 0 1
    outer loop
      vertex 77.2805 74.8 2.8
      vertex 57.0095 66.2857 2.8
      vertex 63.5905 66.2857 2.8
    endloop
  endfacet
  facet normal 0 0 1
    outer loop
      vertex 57.0095 66.2857 2.8
      vertex 54.4572 64.8126 2.8
      vertex 55.8 65.4388 2.8
    endloop
  endfacet
  facet normal 0 0 1
    outer loop
      vertex 57.0095 66.2857 2.8
      vertex 53.026 64.4291 2.8
      vertex 54.4572 64.8126 2.8
    endloop
  endfacet
  facet normal 0 0 1
    outer loop
      vertex 57.0095 66.2857 2.8
      vertex 51.55 64.3 2.8
      vertex 53.026 64.4291 2.8
    endloop
  endfacet
  facet normal 0 0 1
    outer loop
      vertex 46.0905 66.2857 2.8
      vertex 57.0095 66.2857 2.8
      vertex 77.2805 74.8 2.8
    endloop
  endfacet
  facet normal 0 0 1
    outer loop
      vertex 57.0095 66.2857 2.8
      vertex 46.0905 66.2857 2.8
      vertex 51.55 64.3 2.8
    endloop
  endfacet
  facet normal 0 0 1
    outer loop
      vertex 51.55 64.3 2.8
      vertex 46.0905 66.2857 2.8
      vertex 50.074 64.4291 2.8
    endloop
  endfacet
  facet normal 0 0 1
    outer loop
      vertex 50.074 64.4291 2.8
      vertex 46.0905 66.2857 2.8
      vertex 48.6428 64.8126 2.8
    endloop
  endfacet
  facet normal 0 0 1
    outer loop
      vertex 48.6428 64.8126 2.8
      vertex 46.0905 66.2857 2.8
      vertex 47.3 65.4388 2.8
    endloop
  endfacet
  facet normal 0 0 1
    outer loop
      vertex 62.1845 37.95 2.8
      vertex 39.6979 38.3914 2.8
      vertex 39.8039 37.95 2.8
    endloop
  endfacet
  facet normal 0 0 1
    outer loop
      vertex 39.4823 65.9396 2.8
      vertex 46.0905 66.2857 2.8
      vertex 39.5095 66.2857 2.8
    endloop
  endfacet
  facet normal 0 0 1
    outer loop
      vertex 77.2805 74.8 2.8
      vertex 39.5095 66.2857 2.8
      vertex 46.0905 66.2857 2.8
    endloop
  endfacet
  facet normal 0 0 1
    outer loop
      vertex 39.5095 66.2857 2.8
      vertex 36.9572 64.8126 2.8
      vertex 38.3 65.4388 2.8
    endloop
  endfacet
  facet normal 0 0 1
    outer loop
      vertex 39.5095 66.2857 2.8
      vertex 35.526 64.4291 2.8
      vertex 36.9572 64.8126 2.8
    endloop
  endfacet
  facet normal 0 0 1
    outer loop
      vertex 39.5095 66.2857 2.8
      vertex 34.05 64.3 2.8
      vertex 35.526 64.4291 2.8
    endloop
  endfacet
  facet normal 0 0 1
    outer loop
      vertex 39.5095 66.2857 2.8
      vertex 32.574 64.4291 2.8
      vertex 34.05 64.3 2.8
    endloop
  endfacet
  facet normal -0 0 1
    outer loop
      vertex 29.3107 65.7814 2.8
      vertex 32.574 64.4291 2.8
      vertex 39.5095 66.2857 2.8
    endloop
  endfacet
  facet normal -0 0 1
    outer loop
      vertex 2.8 74.8 2.8
      vertex 39.5095 66.2857 2.8
      vertex 77.2805 74.8 2.8
    endloop
  endfacet
  facet normal 0 0 1
    outer loop
      vertex 32.574 64.4291 2.8
      vertex 29.3107 65.7814 2.8
      vertex 31.1428 64.8126 2.8
    endloop
  endfacet
  facet normal 0 0 1
    outer loop
      vertex 31.1428 64.8126 2.8
      vertex 29.3107 65.7814 2.8
      vertex 29.8 65.4388 2.8
    endloop
  endfacet
  facet normal 0 0 1
    outer loop
      vertex 29.3107 65.7814 2.8
      vertex 28.7285 65.4782 2.8
      vertex 29.175 65.6864 2.8
    endloop
  endfacet
  facet normal 0 0 1
    outer loop
      vertex 33.2086 31.9021 2.8
      vertex 27.9153 24.5878 2.8
      vertex 28.5477 24.0477 2.8
    endloop
  endfacet
  facet normal 0 0 1
    outer loop
      vertex 32.4619 32.2113 2.8
      vertex 27.2062 25.0223 2.8
      vertex 27.9153 24.5878 2.8
    endloop
  endfacet
  facet normal 0 0 1
    outer loop
      vertex 31.7729 32.6336 2.8
      vertex 26.4378 25.3406 2.8
      vertex 27.2062 25.0223 2.8
    endloop
  endfacet
  facet normal 0 0 1
    outer loop
      vertex 31.1584 33.1584 2.8
      vertex 25.6291 25.5347 2.8
      vertex 26.4378 25.3406 2.8
    endloop
  endfacet
  facet normal 0 0 1
    outer loop
      vertex 30.2113 34.4619 2.8
      vertex 24.8 25.6 2.8
      vertex 25.6291 25.5347 2.8
    endloop
  endfacet
  facet normal 0 0 1
    outer loop
      vertex 29.9021 35.2086 2.8
      vertex 23.9709 25.5347 2.8
      vertex 24.8 25.6 2.8
    endloop
  endfacet
  facet normal 0 0 1
    outer loop
      vertex 29.7134 35.9944 2.8
      vertex 23.1622 25.3406 2.8
      vertex 23.9709 25.5347 2.8
    endloop
  endfacet
  facet normal 0 -0 1
    outer loop
      vertex 22.3939 25.0223 2.8
      vertex 29.65 36.8 2.8
      vertex 2.9 26.4502 2.8
    endloop
  endfacet
  facet normal 0 0 1
    outer loop
      vertex 29.65 36.8 2.8
      vertex 22.3939 25.0223 2.8
      vertex 23.1622 25.3406 2.8
    endloop
  endfacet
  facet normal 0 0 1
    outer loop
      vertex 22.3939 25.0223 2.8
      vertex 2.9 26.4502 2.8
      vertex 21.6847 24.5878 2.8
    endloop
  endfacet
  facet normal 0 -0 1
    outer loop
      vertex 13.8 21.6 2.8
      vertex 21.6847 24.5878 2.8
      vertex 2.9 26.4502 2.8
    endloop
  endfacet
  facet normal 0 0 1
    outer loop
      vertex 21.6847 24.5878 2.8
      vertex 13.8 21.6 2.8
      vertex 21.0523 24.0477 2.8
    endloop
  endfacet
  facet normal 0 0 1
    outer loop
      vertex 21.0523 24.0477 2.8
      vertex 13.8 21.6 2.8
      vertex 20.5122 23.4153 2.8
    endloop
  endfacet
  facet normal 0 0 1
    outer loop
      vertex 20.5122 23.4153 2.8
      vertex 13.8 21.6 2.8
      vertex 20.0777 22.7062 2.8
    endloop
  endfacet
  facet normal 0 0 1
    outer loop
      vertex 20.0777 22.7062 2.8
      vertex 13.8 21.6 2.8
      vertex 19.7594 21.9378 2.8
    endloop
  endfacet
  facet normal 0 0 1
    outer loop
      vertex 2.9 26.4502 2.8
      vertex 13.8 19 2.8
      vertex 13.8 21.6 2.8
    endloop
  endfacet
  facet normal 0 0 1
    outer loop
      vertex 2.9 14.1498 2.8
      vertex 13.8 19 2.8
      vertex 2.9 26.4502 2.8
    endloop
  endfacet
  facet normal 0 0 1
    outer loop
      vertex 19.7594 21.9378 2.8
      vertex 13.8 21.6 2.8
      vertex 19.6783 21.6 2.8
    endloop
  endfacet
  facet normal 0 0 1
    outer loop
      vertex 39.5095 66.2857 2.8
      vertex 2.8 74.8 2.8
      vertex 29.3107 65.7814 2.8
    endloop
  endfacet
  facet normal 0 0 1
    outer loop
      vertex 2.8 74.8 2.8
      vertex 28.7285 65.4782 2.8
      vertex 29.3107 65.7814 2.8
    endloop
  endfacet
  facet normal 0 0 1
    outer loop
      vertex 29.1495 64.3031 2.8
      vertex 2.8 74.8 2.8
      vertex 2.9 26.4502 2.8
    endloop
  endfacet
  facet normal 0 0 1
    outer loop
      vertex 2.9 26.4502 2.8
      vertex 2.8 74.8 2.8
      vertex 2.8 26.4502 2.8
    endloop
  endfacet
  facet normal 0 0 1
    outer loop
      vertex 63.3178 35.6076 2.8
      vertex 61.2858 30.8 2.8
      vertex 64.1142 30.8 2.8
    endloop
  endfacet
  facet normal 0 0 1
    outer loop
      vertex 61.2858 30.8 2.8
      vertex 60.6142 30.8 2.8
      vertex 61.2858 9.8 2.8
    endloop
  endfacet
  facet normal 0 0 1
    outer loop
      vertex 63.3178 35.6076 2.8
      vertex 60.6142 30.8 2.8
      vertex 61.2858 30.8 2.8
    endloop
  endfacet
  facet normal 0 0 1
    outer loop
      vertex 63.3178 35.6076 2.8
      vertex 57.7858 30.8 2.8
      vertex 60.6142 30.8 2.8
    endloop
  endfacet
  facet normal 0 0 1
    outer loop
      vertex 57.7858 30.8 2.8
      vertex 57.1142 30.8 2.8
      vertex 57.7858 9.8 2.8
    endloop
  endfacet
  facet normal 0 0 1
    outer loop
      vertex 63.3178 35.6076 2.8
      vertex 57.1142 30.8 2.8
      vertex 57.7858 30.8 2.8
    endloop
  endfacet
  facet normal -0 0 1
    outer loop
      vertex 53.3074 31.2609 2.8
      vertex 57.1142 30.8 2.8
      vertex 63.3178 35.6076 2.8
    endloop
  endfacet
  facet normal 0 0 1
    outer loop
      vertex 54.2858 30.8 2.8
      vertex 53.6142 30.8 2.8
      vertex 54.2858 9.8 2.8
    endloop
  endfacet
  facet normal 0 0 1
    outer loop
      vertex 57.1142 30.8 2.8
      vertex 53.3074 31.2609 2.8
      vertex 54.2858 30.8 2.8
    endloop
  endfacet
  facet normal 0 0 1
    outer loop
      vertex 54.2858 30.8 2.8
      vertex 53.3074 31.2609 2.8
      vertex 53.6142 30.8 2.8
    endloop
  endfacet
  facet normal 0 0 1
    outer loop
      vertex 50.7858 30.8 2.8
      vertex 53.2635 31.4246 2.8
      vertex 52.9136 32.175 2.8
    endloop
  endfacet
  facet normal 0 0 1
    outer loop
      vertex 50.7858 30.8 2.8
      vertex 52.9136 32.175 2.8
      vertex 52.4387 32.8532 2.8
    endloop
  endfacet
  facet normal 0 0 1
    outer loop
      vertex 50.7858 30.8 2.8
      vertex 52.4387 32.8532 2.8
      vertex 51.8532 33.4387 2.8
    endloop
  endfacet
  facet normal 0 0 1
    outer loop
      vertex 53.2635 31.4246 2.8
      vertex 50.7858 30.8 2.8
      vertex 53.3074 31.2609 2.8
    endloop
  endfacet
  facet normal 0 0 1
    outer loop
      vertex 50.7858 30.8 2.8
      vertex 51.8532 33.4387 2.8
      vertex 51.8309 33.4544 2.8
    endloop
  endfacet
  facet normal 0 0 1
    outer loop
      vertex 53.3074 31.2609 2.8
      vertex 50.7858 30.8 2.8
      vertex 53.6142 30.8 2.8
    endloop
  endfacet
  facet normal 0 0 1
    outer loop
      vertex 63.6177 65.9396 2.8
      vertex 56.9823 65.9396 2.8
      vertex 56.7808 65.1004 2.8
    endloop
  endfacet
  facet normal 0 0 1
    outer loop
      vertex 63.6177 65.9396 2.8
      vertex 56.7808 65.1004 2.8
      vertex 56.4505 64.3031 2.8
    endloop
  endfacet
  facet normal 0 0 1
    outer loop
      vertex 63.6177 65.9396 2.8
      vertex 56.4505 64.3031 2.8
      vertex 55.9996 63.5672 2.8
    endloop
  endfacet
  facet normal 0 0 1
    outer loop
      vertex 63.6177 65.9396 2.8
      vertex 55.9996 63.5672 2.8
      vertex 55.4391 62.9109 2.8
    endloop
  endfacet
  facet normal -0 0 1
    outer loop
      vertex 54.7828 62.3504 2.8
      vertex 62.2822 37.9924 2.8
      vertex 55.4391 62.9109 2.8
    endloop
  endfacet
  facet normal -0 0 1
    outer loop
      vertex 54.0469 61.8995 2.8
      vertex 62.2822 37.9924 2.8
      vertex 54.7828 62.3504 2.8
    endloop
  endfacet
  facet normal -0 0 1
    outer loop
      vertex 53.2496 61.5692 2.8
      vertex 62.2822 37.9924 2.8
      vertex 54.0469 61.8995 2.8
    endloop
  endfacet
  facet normal 0 0 1
    outer loop
      vertex 62.2822 37.9924 2.8
      vertex 53.2496 61.5692 2.8
      vertex 62.1845 37.95 2.8
    endloop
  endfacet
  facet normal -0 0 1
    outer loop
      vertex 52.4104 61.3677 2.8
      vertex 62.1845 37.95 2.8
      vertex 53.2496 61.5692 2.8
    endloop
  endfacet
  facet normal -0 0 1
    outer loop
      vertex 51.55 61.3 2.8
      vertex 62.1845 37.95 2.8
      vertex 52.4104 61.3677 2.8
    endloop
  endfacet
  facet normal 0 0 1
    outer loop
      vertex 39.6979 38.3914 2.8
      vertex 51.55 61.3 2.8
      vertex 50.6896 61.3677 2.8
    endloop
  endfacet
  facet normal 0 0 1
    outer loop
      vertex 39.6979 38.3914 2.8
      vertex 50.6896 61.3677 2.8
      vertex 49.8504 61.5692 2.8
    endloop
  endfacet
  facet normal 0 0 1
    outer loop
      vertex 39.6979 38.3914 2.8
      vertex 49.8504 61.5692 2.8
      vertex 49.0531 61.8995 2.8
    endloop
  endfacet
  facet normal 0 0 1
    outer loop
      vertex 39.6979 38.3914 2.8
      vertex 49.0531 61.8995 2.8
      vertex 48.3172 62.3504 2.8
    endloop
  endfacet
  facet normal 0 0 1
    outer loop
      vertex 39.6979 38.3914 2.8
      vertex 48.3172 62.3504 2.8
      vertex 47.6609 62.9109 2.8
    endloop
  endfacet
  facet normal 0 0 1
    outer loop
      vertex 39.6979 38.3914 2.8
      vertex 47.6609 62.9109 2.8
      vertex 47.1004 63.5672 2.8
    endloop
  endfacet
  facet normal 0 0 1
    outer loop
      vertex 39.6979 38.3914 2.8
      vertex 47.1004 63.5672 2.8
      vertex 46.6495 64.3031 2.8
    endloop
  endfacet
  facet normal -0 0 1
    outer loop
      vertex 39.6979 38.3914 2.8
      vertex 62.1845 37.95 2.8
      vertex 51.55 61.3 2.8
    endloop
  endfacet
  facet normal 0 0 1
    outer loop
      vertex 39.6979 38.3914 2.8
      vertex 46.6495 64.3031 2.8
      vertex 46.3192 65.1004 2.8
    endloop
  endfacet
  facet normal 0 0 1
    outer loop
      vertex 39.6979 38.3914 2.8
      vertex 46.3192 65.1004 2.8
      vertex 46.1177 65.9396 2.8
    endloop
  endfacet
  facet normal 0 0 1
    outer loop
      vertex 39.4823 65.9396 2.8
      vertex 46.1177 65.9396 2.8
      vertex 46.0905 66.2857 2.8
    endloop
  endfacet
  facet normal 0 0 1
    outer loop
      vertex 44.1222 28.9752 2.8
      vertex 44.0751 30.0867 2.8
      vertex 44.05 29.8 2.8
    endloop
  endfacet
  facet normal 0 0 1
    outer loop
      vertex 46.1177 65.9396 2.8
      vertex 39.4823 65.9396 2.8
      vertex 39.2808 65.1004 2.8
    endloop
  endfacet
  facet normal 0 0 1
    outer loop
      vertex 46.1177 65.9396 2.8
      vertex 39.2808 65.1004 2.8
      vertex 38.9505 64.3031 2.8
    endloop
  endfacet
  facet normal 0 0 1
    outer loop
      vertex 46.1177 65.9396 2.8
      vertex 39.3887 39.1381 2.8
      vertex 39.6979 38.3914 2.8
    endloop
  endfacet
  facet normal 0 0 1
    outer loop
      vertex 46.1177 65.9396 2.8
      vertex 38.9505 64.3031 2.8
      vertex 38.4996 63.5672 2.8
    endloop
  endfacet
  facet normal 0 0 1
    outer loop
      vertex 46.1177 65.9396 2.8
      vertex 38.9664 39.8271 2.8
      vertex 39.3887 39.1381 2.8
    endloop
  endfacet
  facet normal 0 0 1
    outer loop
      vertex 46.1177 65.9396 2.8
      vertex 38.4996 63.5672 2.8
      vertex 37.9391 62.9109 2.8
    endloop
  endfacet
  facet normal 0 0 1
    outer loop
      vertex 46.1177 65.9396 2.8
      vertex 35.95 45.8 2.8
      vertex 38.9664 39.8271 2.8
    endloop
  endfacet
  facet normal 0 0 1
    outer loop
      vertex 46.1177 65.9396 2.8
      vertex 37.9391 62.9109 2.8
      vertex 35.95 45.8 2.8
    endloop
  endfacet
  facet normal 0 0 1
    outer loop
      vertex 38.9664 39.8271 2.8
      vertex 35.95 45.8 2.8
      vertex 38.4416 40.4416 2.8
    endloop
  endfacet
  facet normal 0 0 1
    outer loop
      vertex 35.95 45.8 2.8
      vertex 37.9391 62.9109 2.8
      vertex 37.2828 62.3504 2.8
    endloop
  endfacet
  facet normal 0 0 1
    outer loop
      vertex 38.4416 40.4416 2.8
      vertex 35.95 45.8 2.8
      vertex 37.8271 40.9664 2.8
    endloop
  endfacet
  facet normal 0 0 1
    outer loop
      vertex 35.95 45.8 2.8
      vertex 37.2828 62.3504 2.8
      vertex 36.5469 61.8995 2.8
    endloop
  endfacet
  facet normal 0 0 1
    outer loop
      vertex 37.8271 40.9664 2.8
      vertex 35.95 45.8 2.8
      vertex 37.1381 41.3887 2.8
    endloop
  endfacet
  facet normal 0 0 1
    outer loop
      vertex 37.1381 41.3887 2.8
      vertex 35.95 45.8 2.8
      vertex 36.3914 41.6979 2.8
    endloop
  endfacet
  facet normal -0 0 1
    outer loop
      vertex 35.7496 61.5692 2.8
      vertex 35.95 45.8 2.8
      vertex 36.5469 61.8995 2.8
    endloop
  endfacet
  facet normal -0 0 1
    outer loop
      vertex 34.9104 61.3677 2.8
      vertex 35.95 45.8 2.8
      vertex 35.7496 61.5692 2.8
    endloop
  endfacet
  facet normal -0 0 1
    outer loop
      vertex 34.05 61.3 2.8
      vertex 35.95 45.8 2.8
      vertex 34.9104 61.3677 2.8
    endloop
  endfacet
  facet normal 0 0 1
    outer loop
      vertex 34.05 61.3 2.8
      vertex 33.65 45.8 2.8
      vertex 35.95 45.8 2.8
    endloop
  endfacet
  facet normal 0 0 1
    outer loop
      vertex 33.65 45.8 2.8
      vertex 33.2086 41.6979 2.8
      vertex 33.65 41.8039 2.8
    endloop
  endfacet
  facet normal 0 0 1
    outer loop
      vertex 33.1896 61.3677 2.8
      vertex 33.65 45.8 2.8
      vertex 34.05 61.3 2.8
    endloop
  endfacet
  facet normal 0 0 1
    outer loop
      vertex 32.3504 61.5692 2.8
      vertex 33.65 45.8 2.8
      vertex 33.1896 61.3677 2.8
    endloop
  endfacet
  facet normal 0 0 1
    outer loop
      vertex 31.5531 61.8995 2.8
      vertex 33.65 45.8 2.8
      vertex 32.3504 61.5692 2.8
    endloop
  endfacet
  facet normal 0 0 1
    outer loop
      vertex 33.65 45.8 2.8
      vertex 32.4619 41.3887 2.8
      vertex 33.2086 41.6979 2.8
    endloop
  endfacet
  facet normal 0 0 1
    outer loop
      vertex 30.8172 62.3504 2.8
      vertex 33.65 45.8 2.8
      vertex 31.5531 61.8995 2.8
    endloop
  endfacet
  facet normal 0 0 1
    outer loop
      vertex 33.65 45.8 2.8
      vertex 31.7729 40.9664 2.8
      vertex 32.4619 41.3887 2.8
    endloop
  endfacet
  facet normal 0 0 1
    outer loop
      vertex 30.1609 62.9109 2.8
      vertex 33.65 45.8 2.8
      vertex 30.8172 62.3504 2.8
    endloop
  endfacet
  facet normal 0 0 1
    outer loop
      vertex 33.65 45.8 2.8
      vertex 31.1584 40.4416 2.8
      vertex 31.7729 40.9664 2.8
    endloop
  endfacet
  facet normal 0 -0 1
    outer loop
      vertex 30.6336 39.8271 2.8
      vertex 33.65 45.8 2.8
      vertex 30.1609 62.9109 2.8
    endloop
  endfacet
  facet normal 0 0 1
    outer loop
      vertex 33.65 45.8 2.8
      vertex 30.6336 39.8271 2.8
      vertex 31.1584 40.4416 2.8
    endloop
  endfacet
  facet normal 0 0 1
    outer loop
      vertex 29.6004 63.5672 2.8
      vertex 30.6336 39.8271 2.8
      vertex 30.1609 62.9109 2.8
    endloop
  endfacet
  facet normal 0 0 1
    outer loop
      vertex 30.6336 39.8271 2.8
      vertex 29.6004 63.5672 2.8
      vertex 30.2113 39.1381 2.8
    endloop
  endfacet
  facet normal 0 0 1
    outer loop
      vertex 29.1495 64.3031 2.8
      vertex 30.2113 39.1381 2.8
      vertex 29.6004 63.5672 2.8
    endloop
  endfacet
  facet normal 0 0 1
    outer loop
      vertex 2.9 26.4502 2.8
      vertex 30.2113 39.1381 2.8
      vertex 29.1495 64.3031 2.8
    endloop
  endfacet
  facet normal 0 0 1
    outer loop
      vertex 30.2113 39.1381 2.8
      vertex 2.9 26.4502 2.8
      vertex 29.9021 38.3914 2.8
    endloop
  endfacet
  facet normal 0 0 1
    outer loop
      vertex 36.3914 41.6979 2.8
      vertex 35.95 45.8 2.8
      vertex 35.95 41.8039 2.8
    endloop
  endfacet
  facet normal 0 0 1
    outer loop
      vertex 91.7729 32.6336 2.8
      vertex 92.1142 30.8 2.8
      vertex 92.4619 32.2113 2.8
    endloop
  endfacet
  facet normal 0 0 1
    outer loop
      vertex 89.2858 30.8 2.8
      vertex 91.7729 32.6336 2.8
      vertex 91.1584 33.1584 2.8
    endloop
  endfacet
  facet normal 0 0 1
    outer loop
      vertex 89.2858 30.8 2.8
      vertex 91.1584 33.1584 2.8
      vertex 90.6336 33.7729 2.8
    endloop
  endfacet
  facet normal 0 0 1
    outer loop
      vertex 88.6142 30.8 2.8
      vertex 90.6336 33.7729 2.8
      vertex 90.2113 34.4619 2.8
    endloop
  endfacet
  facet normal 0 0 1
    outer loop
      vertex 91.7729 32.6336 2.8
      vertex 89.2858 30.8 2.8
      vertex 92.1142 30.8 2.8
    endloop
  endfacet
  facet normal 0 0 1
    outer loop
      vertex 85.7858 30.8 2.8
      vertex 90.2113 34.4619 2.8
      vertex 89.9021 35.2086 2.8
    endloop
  endfacet
  facet normal 0 0 1
    outer loop
      vertex 85.7858 30.8 2.8
      vertex 89.9021 35.2086 2.8
      vertex 89.7961 35.65 2.8
    endloop
  endfacet
  facet normal 0 0 1
    outer loop
      vertex 89.2858 30.8 2.8
      vertex 88.6142 30.8 2.8
      vertex 89.2858 9.8 2.8
    endloop
  endfacet
  facet normal 0 0 1
    outer loop
      vertex 90.6336 33.7729 2.8
      vertex 88.6142 30.8 2.8
      vertex 89.2858 30.8 2.8
    endloop
  endfacet
  facet normal 0 0 1
    outer loop
      vertex 90.2113 34.4619 2.8
      vertex 85.7858 30.8 2.8
      vertex 88.6142 30.8 2.8
    endloop
  endfacet
  facet normal 0 0 1
    outer loop
      vertex 85.7858 30.8 2.8
      vertex 85.1142 30.8 2.8
      vertex 85.7858 9.8 2.8
    endloop
  endfacet
  facet normal 0 0 1
    outer loop
      vertex 89.7961 35.65 2.8
      vertex 85.1142 30.8 2.8
      vertex 85.7858 30.8 2.8
    endloop
  endfacet
  facet normal 0 0 1
    outer loop
      vertex 89.7961 35.65 2.8
      vertex 82.2858 30.8 2.8
      vertex 85.1142 30.8 2.8
    endloop
  endfacet
  facet normal 0 0 1
    outer loop
      vertex 82.2858 30.8 2.8
      vertex 81.6142 30.8 2.8
      vertex 82.2858 9.8 2.8
    endloop
  endfacet
  facet normal 0 0 1
    outer loop
      vertex 89.7961 35.65 2.8
      vertex 81.6142 30.8 2.8
      vertex 82.2858 30.8 2.8
    endloop
  endfacet
  facet normal 0 0 1
    outer loop
      vertex 89.7961 35.65 2.8
      vertex 78.7858 30.8 2.8
      vertex 81.6142 30.8 2.8
    endloop
  endfacet
  facet normal 0 0 1
    outer loop
      vertex 78.7858 30.8 2.8
      vertex 78.1142 30.8 2.8
      vertex 78.7858 9.8 2.8
    endloop
  endfacet
  facet normal 0 0 1
    outer loop
      vertex 89.7961 35.65 2.8
      vertex 78.1142 30.8 2.8
      vertex 78.7858 30.8 2.8
    endloop
  endfacet
  facet normal 0 0 1
    outer loop
      vertex 89.7961 35.65 2.8
      vertex 75.2858 30.8 2.8
      vertex 78.1142 30.8 2.8
    endloop
  endfacet
  facet normal 0 0 1
    outer loop
      vertex 75.2858 30.8 2.8
      vertex 74.6142 30.8 2.8
      vertex 75.2858 9.8 2.8
    endloop
  endfacet
  facet normal -0 0 1
    outer loop
      vertex 63.2993 35.65 2.8
      vertex 75.2858 30.8 2.8
      vertex 89.7961 35.65 2.8
    endloop
  endfacet
  facet normal 0 0 1
    outer loop
      vertex 75.2858 30.8 2.8
      vertex 63.2993 35.65 2.8
      vertex 74.6142 30.8 2.8
    endloop
  endfacet
  facet normal 0 0 1
    outer loop
      vertex 71.7858 30.8 2.8
      vertex 71.1142 30.8 2.8
      vertex 71.7858 9.8 2.8
    endloop
  endfacet
  facet normal 0 0 1
    outer loop
      vertex 74.6142 30.8 2.8
      vertex 63.2993 35.65 2.8
      vertex 71.7858 30.8 2.8
    endloop
  endfacet
  facet normal 0 0 1
    outer loop
      vertex 71.7858 30.8 2.8
      vertex 63.2993 35.65 2.8
      vertex 71.1142 30.8 2.8
    endloop
  endfacet
  facet normal 0 0 1
    outer loop
      vertex 68.2858 30.8 2.8
      vertex 67.6142 30.8 2.8
      vertex 68.2858 9.8 2.8
    endloop
  endfacet
  facet normal -0 -0 1
    outer loop
      vertex 63.3178 35.6076 2.8
      vertex 71.1142 30.8 2.8
      vertex 63.2993 35.65 2.8
    endloop
  endfacet
  facet normal 0 0 1
    outer loop
      vertex 71.1142 30.8 2.8
      vertex 63.3178 35.6076 2.8
      vertex 68.2858 30.8 2.8
    endloop
  endfacet
  facet normal 0 0 1
    outer loop
      vertex 64.7858 30.8 2.8
      vertex 64.1142 30.8 2.8
      vertex 64.7858 9.8 2.8
    endloop
  endfacet
  facet normal 0 0 1
    outer loop
      vertex 67.6142 30.8 2.8
      vertex 63.3178 35.6076 2.8
      vertex 64.7858 30.8 2.8
    endloop
  endfacet
  facet normal 0 0 1
    outer loop
      vertex 64.7858 30.8 2.8
      vertex 63.3178 35.6076 2.8
      vertex 64.1142 30.8 2.8
    endloop
  endfacet
  facet normal 0 0 1
    outer loop
      vertex 68.2858 30.8 2.8
      vertex 63.3178 35.6076 2.8
      vertex 67.6142 30.8 2.8
    endloop
  endfacet
  facet normal 0 0 1
    outer loop
      vertex 100.161 62.9109 2.8
      vertex 90.4391 62.9109 2.8
      vertex 100.817 62.3504 2.8
    endloop
  endfacet
  facet normal 0 0 1
    outer loop
      vertex 89.7828 62.3504 2.8
      vertex 100.817 62.3504 2.8
      vertex 90.4391 62.9109 2.8
    endloop
  endfacet
  facet normal 0 0 1
    outer loop
      vertex 100.817 62.3504 2.8
      vertex 89.7828 62.3504 2.8
      vertex 94.8 41.95 2.8
    endloop
  endfacet
  facet normal -0 0 1
    outer loop
      vertex 89.047 61.8995 2.8
      vertex 94.8 41.95 2.8
      vertex 89.7828 62.3504 2.8
    endloop
  endfacet
  facet normal 0 0 1
    outer loop
      vertex 94.8 41.95 2.8
      vertex 89.047 61.8995 2.8
      vertex 93.9944 41.8866 2.8
    endloop
  endfacet
  facet normal -0 0 1
    outer loop
      vertex 88.2496 61.5692 2.8
      vertex 93.9944 41.8866 2.8
      vertex 89.047 61.8995 2.8
    endloop
  endfacet
  facet normal 0 0 1
    outer loop
      vertex 93.9944 41.8866 2.8
      vertex 88.2496 61.5692 2.8
      vertex 93.2086 41.6979 2.8
    endloop
  endfacet
  facet normal -0 0 1
    outer loop
      vertex 87.4104 61.3677 2.8
      vertex 93.2086 41.6979 2.8
      vertex 88.2496 61.5692 2.8
    endloop
  endfacet
  facet normal 0 0 1
    outer loop
      vertex 93.2086 41.6979 2.8
      vertex 87.4104 61.3677 2.8
      vertex 92.4619 41.3887 2.8
    endloop
  endfacet
  facet normal -0 0 1
    outer loop
      vertex 86.55 61.3 2.8
      vertex 92.4619 41.3887 2.8
      vertex 87.4104 61.3677 2.8
    endloop
  endfacet
  facet normal 0 0 1
    outer loop
      vertex 92.4619 41.3887 2.8
      vertex 86.55 61.3 2.8
      vertex 91.7729 40.9664 2.8
    endloop
  endfacet
  facet normal 0 0 1
    outer loop
      vertex 85.6896 61.3677 2.8
      vertex 91.7729 40.9664 2.8
      vertex 86.55 61.3 2.8
    endloop
  endfacet
  facet normal 0 0 1
    outer loop
      vertex 91.7729 40.9664 2.8
      vertex 85.6896 61.3677 2.8
      vertex 91.1584 40.4416 2.8
    endloop
  endfacet
  facet normal 0 0 1
    outer loop
      vertex 84.8504 61.5692 2.8
      vertex 91.1584 40.4416 2.8
      vertex 85.6896 61.3677 2.8
    endloop
  endfacet
  facet normal 0 0 1
    outer loop
      vertex 91.1584 40.4416 2.8
      vertex 84.8504 61.5692 2.8
      vertex 90.6336 39.8271 2.8
    endloop
  endfacet
  facet normal 0 0 1
    outer loop
      vertex 84.0531 61.8995 2.8
      vertex 90.6336 39.8271 2.8
      vertex 84.8504 61.5692 2.8
    endloop
  endfacet
  facet normal -0 0 1
    outer loop
      vertex 71.547 61.8995 2.8
      vertex 90.6336 39.8271 2.8
      vertex 84.0531 61.8995 2.8
    endloop
  endfacet
  facet normal 0 0 1
    outer loop
      vertex 90.6336 39.8271 2.8
      vertex 71.547 61.8995 2.8
      vertex 90.2113 39.1381 2.8
    endloop
  endfacet
  facet normal -0 0 1
    outer loop
      vertex 70.7496 61.5692 2.8
      vertex 90.2113 39.1381 2.8
      vertex 71.547 61.8995 2.8
    endloop
  endfacet
  facet normal 0 0 1
    outer loop
      vertex 71.547 61.8995 2.8
      vertex 84.0531 61.8995 2.8
      vertex 83.3172 62.3504 2.8
    endloop
  endfacet
  facet normal 0 0 1
    outer loop
      vertex 72.2828 62.3504 2.8
      vertex 83.3172 62.3504 2.8
      vertex 82.6609 62.9109 2.8
    endloop
  endfacet
  facet normal 0 0 1
    outer loop
      vertex 72.9391 62.9109 2.8
      vertex 82.6609 62.9109 2.8
      vertex 82.1004 63.5672 2.8
    endloop
  endfacet
  facet normal 0 0 1
    outer loop
      vertex 73.4996 63.5672 2.8
      vertex 82.1004 63.5672 2.8
      vertex 81.6495 64.3031 2.8
    endloop
  endfacet
  facet normal 0 0 1
    outer loop
      vertex 73.9505 64.3031 2.8
      vertex 81.6495 64.3031 2.8
      vertex 81.3192 65.1004 2.8
    endloop
  endfacet
  facet normal -0 0 1
    outer loop
      vertex 78.05 72.8 2.8
      vertex 81.0905 66.2857 2.8
      vertex 78.3195 74.8 2.8
    endloop
  endfacet
  facet normal 0 0 1
    outer loop
      vertex 74.5095 66.2857 2.8
      vertex 81.0905 66.2857 2.8
      vertex 78.05 72.8 2.8
    endloop
  endfacet
  facet normal 0 0 1
    outer loop
      vertex 78.05 72.8 2.8
      vertex 78.3195 74.8 2.8
      vertex 78.1791 74.276 2.8
    endloop
  endfacet
  facet normal 0 0 1
    outer loop
      vertex 81.0905 66.2857 2.8
      vertex 74.5095 66.2857 2.8
      vertex 81.1177 65.9396 2.8
    endloop
  endfacet
  facet normal 0 0 1
    outer loop
      vertex 74.4823 65.9396 2.8
      vertex 81.1177 65.9396 2.8
      vertex 74.5095 66.2857 2.8
    endloop
  endfacet
  facet normal 0 0 1
    outer loop
      vertex 74.5095 66.2857 2.8
      vertex 78.05 72.8 2.8
      vertex 77.55 72.8 2.8
    endloop
  endfacet
  facet normal 0 0 1
    outer loop
      vertex 77.2805 74.8 2.8
      vertex 77.55 72.8 2.8
      vertex 77.4209 74.276 2.8
    endloop
  endfacet
  facet normal 0 0 1
    outer loop
      vertex 74.5095 66.2857 2.8
      vertex 77.55 72.8 2.8
      vertex 77.2805 74.8 2.8
    endloop
  endfacet
  facet normal 0 0 1
    outer loop
      vertex 81.1177 65.9396 2.8
      vertex 74.4823 65.9396 2.8
      vertex 81.3192 65.1004 2.8
    endloop
  endfacet
  facet normal 0 0 1
    outer loop
      vertex 81.3192 65.1004 2.8
      vertex 74.4823 65.9396 2.8
      vertex 74.2808 65.1004 2.8
    endloop
  endfacet
  facet normal 0 0 1
    outer loop
      vertex 73.9505 64.3031 2.8
      vertex 81.3192 65.1004 2.8
      vertex 74.2808 65.1004 2.8
    endloop
  endfacet
  facet normal 0 0 1
    outer loop
      vertex 81.6495 64.3031 2.8
      vertex 73.9505 64.3031 2.8
      vertex 73.4996 63.5672 2.8
    endloop
  endfacet
  facet normal 0 0 1
    outer loop
      vertex 82.1004 63.5672 2.8
      vertex 73.4996 63.5672 2.8
      vertex 72.9391 62.9109 2.8
    endloop
  endfacet
  facet normal 0 0 1
    outer loop
      vertex 82.6609 62.9109 2.8
      vertex 72.9391 62.9109 2.8
      vertex 72.2828 62.3504 2.8
    endloop
  endfacet
  facet normal 0 0 1
    outer loop
      vertex 83.3172 62.3504 2.8
      vertex 72.2828 62.3504 2.8
      vertex 71.547 61.8995 2.8
    endloop
  endfacet
  facet normal 0 0 1
    outer loop
      vertex 62.2822 37.9924 2.8
      vertex 90.2113 39.1381 2.8
      vertex 70.7496 61.5692 2.8
    endloop
  endfacet
  facet normal 0 0 1
    outer loop
      vertex 62.2822 37.9924 2.8
      vertex 89.9021 38.3914 2.8
      vertex 90.2113 39.1381 2.8
    endloop
  endfacet
  facet normal 0 0 1
    outer loop
      vertex 62.2822 37.9924 2.8
      vertex 70.7496 61.5692 2.8
      vertex 69.9104 61.3677 2.8
    endloop
  endfacet
  facet normal 0 0 1
    outer loop
      vertex 62.2822 37.9924 2.8
      vertex 69.9104 61.3677 2.8
      vertex 69.05 61.3 2.8
    endloop
  endfacet
  facet normal 0 0 1
    outer loop
      vertex 62.2822 37.9924 2.8
      vertex 69.05 61.3 2.8
      vertex 68.1896 61.3677 2.8
    endloop
  endfacet
  facet normal 0 0 1
    outer loop
      vertex 62.2822 37.9924 2.8
      vertex 68.1896 61.3677 2.8
      vertex 67.3504 61.5692 2.8
    endloop
  endfacet
  facet normal 0 0 1
    outer loop
      vertex 62.2822 37.9924 2.8
      vertex 67.3504 61.5692 2.8
      vertex 66.5531 61.8995 2.8
    endloop
  endfacet
  facet normal 0 0 1
    outer loop
      vertex 62.2822 37.9924 2.8
      vertex 66.5531 61.8995 2.8
      vertex 65.8172 62.3504 2.8
    endloop
  endfacet
  facet normal 0 0 1
    outer loop
      vertex 62.2822 37.9924 2.8
      vertex 65.8172 62.3504 2.8
      vertex 65.1609 62.9109 2.8
    endloop
  endfacet
  facet normal 0 0 1
    outer loop
      vertex 89.9021 38.3914 2.8
      vertex 62.3007 37.95 2.8
      vertex 89.7961 37.95 2.8
    endloop
  endfacet
  facet normal 0 0 1
    outer loop
      vertex 62.2822 37.9924 2.8
      vertex 65.1609 62.9109 2.8
      vertex 64.6004 63.5672 2.8
    endloop
  endfacet
  facet normal 0 0 1
    outer loop
      vertex 62.2822 37.9924 2.8
      vertex 64.6004 63.5672 2.8
      vertex 64.1495 64.3031 2.8
    endloop
  endfacet
  facet normal 0 0 1
    outer loop
      vertex 62.2822 37.9924 2.8
      vertex 64.1495 64.3031 2.8
      vertex 63.8192 65.1004 2.8
    endloop
  endfacet
  facet normal 0 0 1
    outer loop
      vertex 62.2822 37.9924 2.8
      vertex 63.8192 65.1004 2.8
      vertex 63.6177 65.9396 2.8
    endloop
  endfacet
  facet normal 0 0 1
    outer loop
      vertex 56.9823 65.9396 2.8
      vertex 63.6177 65.9396 2.8
      vertex 63.5905 66.2857 2.8
    endloop
  endfacet
  facet normal -0 0 1
    outer loop
      vertex 98.4416 33.1584 2.8
      vertex 99.7858 30.8 2.8
      vertex 98.9664 33.7729 2.8
    endloop
  endfacet
  facet normal 0 0 1
    outer loop
      vertex 99.7858 30.8 2.8
      vertex 98.4416 33.1584 2.8
      vertex 99.1142 30.8 2.8
    endloop
  endfacet
  facet normal -0 0 1
    outer loop
      vertex 97.8271 32.6336 2.8
      vertex 99.1142 30.8 2.8
      vertex 98.4416 33.1584 2.8
    endloop
  endfacet
  facet normal -0 0 1
    outer loop
      vertex 97.1381 32.2113 2.8
      vertex 99.1142 30.8 2.8
      vertex 97.8271 32.6336 2.8
    endloop
  endfacet
  facet normal 0 0 1
    outer loop
      vertex 96.2858 30.8 2.8
      vertex 97.1381 32.2113 2.8
      vertex 96.3914 31.9021 2.8
    endloop
  endfacet
  facet normal 0 0 1
    outer loop
      vertex 97.1381 32.2113 2.8
      vertex 96.2858 30.8 2.8
      vertex 99.1142 30.8 2.8
    endloop
  endfacet
  facet normal 0 0 1
    outer loop
      vertex 95.95 10.8 2.8
      vertex 96.2858 30.8 2.8
      vertex 95.95 31.7961 2.8
    endloop
  endfacet
  facet normal -0 0 1
    outer loop
      vertex 95.95 31.7961 2.8
      vertex 96.2858 30.8 2.8
      vertex 96.3914 31.9021 2.8
    endloop
  endfacet
  facet normal 0 0 1
    outer loop
      vertex 106.114 30.8 2.8
      vertex 99.8866 35.9944 2.8
      vertex 103.286 30.8 2.8
    endloop
  endfacet
  facet normal 0 0 1
    outer loop
      vertex 100.817 62.3504 2.8
      vertex 99.6979 38.3914 2.8
      vertex 99.8866 37.6056 2.8
    endloop
  endfacet
  facet normal 0 0 1
    outer loop
      vertex 98.8192 65.1004 2.8
      vertex 91.7808 65.1004 2.8
      vertex 99.1495 64.3031 2.8
    endloop
  endfacet
  facet normal 0 0 1
    outer loop
      vertex 100.817 62.3504 2.8
      vertex 99.3887 39.1381 2.8
      vertex 99.6979 38.3914 2.8
    endloop
  endfacet
  facet normal 0 0 1
    outer loop
      vertex 91.7808 65.1004 2.8
      vertex 98.8192 65.1004 2.8
      vertex 91.9823 65.9396 2.8
    endloop
  endfacet
  facet normal 0 0 1
    outer loop
      vertex 100.817 62.3504 2.8
      vertex 98.9664 39.8271 2.8
      vertex 99.3887 39.1381 2.8
    endloop
  endfacet
  facet normal 0 0 1
    outer loop
      vertex 98.6177 65.9396 2.8
      vertex 91.9823 65.9396 2.8
      vertex 98.8192 65.1004 2.8
    endloop
  endfacet
  facet normal 0 0 1
    outer loop
      vertex 91.9823 65.9396 2.8
      vertex 98.6177 65.9396 2.8
      vertex 92.0095 66.2857 2.8
    endloop
  endfacet
  facet normal -0 0 1
    outer loop
      vertex 92.0095 66.2857 2.8
      vertex 98.6177 65.9396 2.8
      vertex 98.5905 66.2857 2.8
    endloop
  endfacet
  facet normal 0 0 1
    outer loop
      vertex 100.817 62.3504 2.8
      vertex 98.4416 40.4416 2.8
      vertex 98.9664 39.8271 2.8
    endloop
  endfacet
  facet normal 0 0 1
    outer loop
      vertex 99.8866 37.6056 2.8
      vertex 103.19 61.3677 2.8
      vertex 102.35 61.5692 2.8
    endloop
  endfacet
  facet normal 0 0 1
    outer loop
      vertex 99.8866 37.6056 2.8
      vertex 102.35 61.5692 2.8
      vertex 101.553 61.8995 2.8
    endloop
  endfacet
  facet normal 0 0 1
    outer loop
      vertex 99.8866 37.6056 2.8
      vertex 101.553 61.8995 2.8
      vertex 100.817 62.3504 2.8
    endloop
  endfacet
  facet normal 0 0 1
    outer loop
      vertex 90.9996 63.5672 2.8
      vertex 99.6004 63.5672 2.8
      vertex 91.4505 64.3031 2.8
    endloop
  endfacet
  facet normal -0 0 1
    outer loop
      vertex 99.8866 35.9944 2.8
      vertex 106.114 30.8 2.8
      vertex 99.95 36.8 2.8
    endloop
  endfacet
  facet normal -0 0 1
    outer loop
      vertex 99.6979 35.2086 2.8
      vertex 103.286 30.8 2.8
      vertex 99.8866 35.9944 2.8
    endloop
  endfacet
  facet normal 0 0 1
    outer loop
      vertex 103.286 30.8 2.8
      vertex 99.6979 35.2086 2.8
      vertex 102.614 30.8 2.8
    endloop
  endfacet
  facet normal -0 0 1
    outer loop
      vertex 98.9664 33.7729 2.8
      vertex 102.614 30.8 2.8
      vertex 99.3887 34.4619 2.8
    endloop
  endfacet
  facet normal -0 0 1
    outer loop
      vertex 99.3887 34.4619 2.8
      vertex 102.614 30.8 2.8
      vertex 99.6979 35.2086 2.8
    endloop
  endfacet
  facet normal 0 0 1
    outer loop
      vertex 119.85 61.5692 2.8
      vertex 99.8866 37.6056 2.8
      vertex 107.8 30.8 2.8
    endloop
  endfacet
  facet normal 0 0 1
    outer loop
      vertex 107.8 30.8 2.8
      vertex 99.8866 37.6056 2.8
      vertex 106.786 30.8 2.8
    endloop
  endfacet
  facet normal 0 0 1
    outer loop
      vertex 99.8866 37.6056 2.8
      vertex 104.91 61.3677 2.8
      vertex 104.05 61.3 2.8
    endloop
  endfacet
  facet normal -0 -0 1
    outer loop
      vertex 99.95 36.8 2.8
      vertex 106.786 30.8 2.8
      vertex 99.8866 37.6056 2.8
    endloop
  endfacet
  facet normal 0 0 1
    outer loop
      vertex 106.786 30.8 2.8
      vertex 99.95 36.8 2.8
      vertex 106.114 30.8 2.8
    endloop
  endfacet
  facet normal 0 0 1
    outer loop
      vertex 99.8866 37.6056 2.8
      vertex 104.05 61.3 2.8
      vertex 103.19 61.3677 2.8
    endloop
  endfacet
  facet normal 0 0 1
    outer loop
      vertex 106.547 61.8995 2.8
      vertex 119.053 61.8995 2.8
      vertex 107.283 62.3504 2.8
    endloop
  endfacet
  facet normal 0 0 1
    outer loop
      vertex 99.8866 37.6056 2.8
      vertex 119.053 61.8995 2.8
      vertex 106.547 61.8995 2.8
    endloop
  endfacet
  facet normal 0 0 1
    outer loop
      vertex 99.8866 37.6056 2.8
      vertex 105.75 61.5692 2.8
      vertex 104.91 61.3677 2.8
    endloop
  endfacet
  facet normal 0 0 1
    outer loop
      vertex 99.8866 37.6056 2.8
      vertex 106.547 61.8995 2.8
      vertex 105.75 61.5692 2.8
    endloop
  endfacet
  facet normal 0 0 1
    outer loop
      vertex 126.781 65.1004 2.8
      vertex 152.8 74.8 2.8
      vertex 126.872 65.4782 2.8
    endloop
  endfacet
  facet normal -0 0 1
    outer loop
      vertex 126.289 65.7814 2.8
      vertex 126.872 65.4782 2.8
      vertex 152.8 74.8 2.8
    endloop
  endfacet
  facet normal 0 0 1
    outer loop
      vertex 126.872 65.4782 2.8
      vertex 126.289 65.7814 2.8
      vertex 126.425 65.6864 2.8
    endloop
  endfacet
  facet normal 0 0 1
    outer loop
      vertex 126.289 65.7814 2.8
      vertex 124.457 64.8126 2.8
      vertex 125.8 65.4388 2.8
    endloop
  endfacet
  facet normal 0 0 1
    outer loop
      vertex 126.289 65.7814 2.8
      vertex 123.026 64.4291 2.8
      vertex 124.457 64.8126 2.8
    endloop
  endfacet
  facet normal 0 0 1
    outer loop
      vertex 126.289 65.7814 2.8
      vertex 121.55 64.3 2.8
      vertex 123.026 64.4291 2.8
    endloop
  endfacet
  facet normal -0 0 1
    outer loop
      vertex 116.09 66.2857 2.8
      vertex 126.289 65.7814 2.8
      vertex 152.8 74.8 2.8
    endloop
  endfacet
  facet normal 0 0 1
    outer loop
      vertex 126.289 65.7814 2.8
      vertex 116.09 66.2857 2.8
      vertex 121.55 64.3 2.8
    endloop
  endfacet
  facet normal 0 0 1
    outer loop
      vertex 121.55 64.3 2.8
      vertex 116.09 66.2857 2.8
      vertex 120.074 64.4291 2.8
    endloop
  endfacet
  facet normal 0 0 1
    outer loop
      vertex 120.074 64.4291 2.8
      vertex 116.09 66.2857 2.8
      vertex 118.643 64.8126 2.8
    endloop
  endfacet
  facet normal 0 0 1
    outer loop
      vertex 118.643 64.8126 2.8
      vertex 116.09 66.2857 2.8
      vertex 117.3 65.4388 2.8
    endloop
  endfacet
  facet normal -0 0 1
    outer loop
      vertex 78.3195 74.8 2.8
      vertex 116.09 66.2857 2.8
      vertex 152.8 74.8 2.8
    endloop
  endfacet
  facet normal 0 0 1
    outer loop
      vertex 109.51 66.2857 2.8
      vertex 106.957 64.8126 2.8
      vertex 108.3 65.4388 2.8
    endloop
  endfacet
  facet normal 0 0 1
    outer loop
      vertex 109.51 66.2857 2.8
      vertex 105.526 64.4291 2.8
      vertex 106.957 64.8126 2.8
    endloop
  endfacet
  facet normal 0 0 1
    outer loop
      vertex 109.51 66.2857 2.8
      vertex 104.05 64.3 2.8
      vertex 105.526 64.4291 2.8
    endloop
  endfacet
  facet normal 0 0 1
    outer loop
      vertex 109.51 66.2857 2.8
      vertex 102.574 64.4291 2.8
      vertex 104.05 64.3 2.8
    endloop
  endfacet
  facet normal 0 0 1
    outer loop
      vertex 109.51 66.2857 2.8
      vertex 101.143 64.8126 2.8
      vertex 102.574 64.4291 2.8
    endloop
  endfacet
  facet normal 0 0 1
    outer loop
      vertex 116.09 66.2857 2.8
      vertex 78.3195 74.8 2.8
      vertex 109.51 66.2857 2.8
    endloop
  endfacet
  facet normal 0 0 1
    outer loop
      vertex 109.51 66.2857 2.8
      vertex 98.5905 66.2857 2.8
      vertex 101.143 64.8126 2.8
    endloop
  endfacet
  facet normal 0 0 1
    outer loop
      vertex 101.143 64.8126 2.8
      vertex 98.5905 66.2857 2.8
      vertex 99.8 65.4388 2.8
    endloop
  endfacet
  facet normal 0 0 1
    outer loop
      vertex 100.817 62.3504 2.8
      vertex 97.8271 40.9664 2.8
      vertex 98.4416 40.4416 2.8
    endloop
  endfacet
  facet normal 0 0 1
    outer loop
      vertex 100.817 62.3504 2.8
      vertex 97.1381 41.3887 2.8
      vertex 97.8271 40.9664 2.8
    endloop
  endfacet
  facet normal 0 0 1
    outer loop
      vertex 100.817 62.3504 2.8
      vertex 96.3914 41.6979 2.8
      vertex 97.1381 41.3887 2.8
    endloop
  endfacet
  facet normal 0 0 1
    outer loop
      vertex 100.817 62.3504 2.8
      vertex 95.6056 41.8866 2.8
      vertex 96.3914 41.6979 2.8
    endloop
  endfacet
  facet normal 0 0 1
    outer loop
      vertex 100.817 62.3504 2.8
      vertex 94.8 41.95 2.8
      vertex 95.6056 41.8866 2.8
    endloop
  endfacet
  facet normal 0 0 1
    outer loop
      vertex 91.4505 64.3031 2.8
      vertex 99.1495 64.3031 2.8
      vertex 91.7808 65.1004 2.8
    endloop
  endfacet
  facet normal 0 0 1
    outer loop
      vertex 90.4391 62.9109 2.8
      vertex 100.161 62.9109 2.8
      vertex 90.9996 63.5672 2.8
    endloop
  endfacet
  facet normal 0 0 1
    outer loop
      vertex 99.1495 64.3031 2.8
      vertex 91.4505 64.3031 2.8
      vertex 99.6004 63.5672 2.8
    endloop
  endfacet
  facet normal 0 0 1
    outer loop
      vertex 99.6004 63.5672 2.8
      vertex 90.9996 63.5672 2.8
      vertex 100.161 62.9109 2.8
    endloop
  endfacet
  facet normal 0 0 1
    outer loop
      vertex 109.51 66.2857 2.8
      vertex 78.3195 74.8 2.8
      vertex 98.5905 66.2857 2.8
    endloop
  endfacet
  facet normal 0 0 1
    outer loop
      vertex 92.0095 66.2857 2.8
      vertex 89.4572 64.8126 2.8
      vertex 90.8 65.4388 2.8
    endloop
  endfacet
  facet normal 0 0 1
    outer loop
      vertex 92.0095 66.2857 2.8
      vertex 88.026 64.4291 2.8
      vertex 89.4572 64.8126 2.8
    endloop
  endfacet
  facet normal 0 0 1
    outer loop
      vertex 92.0095 66.2857 2.8
      vertex 86.55 64.3 2.8
      vertex 88.026 64.4291 2.8
    endloop
  endfacet
  facet normal 0 0 1
    outer loop
      vertex 92.0095 66.2857 2.8
      vertex 85.074 64.4291 2.8
      vertex 86.55 64.3 2.8
    endloop
  endfacet
  facet normal 0 0 1
    outer loop
      vertex 92.0095 66.2857 2.8
      vertex 83.6428 64.8126 2.8
      vertex 85.074 64.4291 2.8
    endloop
  endfacet
  facet normal 0 0 1
    outer loop
      vertex 92.0095 66.2857 2.8
      vertex 82.3 65.4388 2.8
      vertex 83.6428 64.8126 2.8
    endloop
  endfacet
  facet normal 0 0 1
    outer loop
      vertex 98.5905 66.2857 2.8
      vertex 78.3195 74.8 2.8
      vertex 92.0095 66.2857 2.8
    endloop
  endfacet
  facet normal 0 0 1
    outer loop
      vertex 92.0095 66.2857 2.8
      vertex 78.3195 74.8 2.8
      vertex 82.3 65.4388 2.8
    endloop
  endfacet
  facet normal 0 0 1
    outer loop
      vertex 82.3 65.4388 2.8
      vertex 78.3195 74.8 2.8
      vertex 81.0905 66.2857 2.8
    endloop
  endfacet
  facet normal 0 0 1
    outer loop
      vertex 126.451 64.3031 2.8
      vertex 152.8 74.8 2.8
      vertex 126.781 65.1004 2.8
    endloop
  endfacet
  facet normal 0 0 1
    outer loop
      vertex 126 63.5672 2.8
      vertex 152.8 74.8 2.8
      vertex 126.451 64.3031 2.8
    endloop
  endfacet
  facet normal 0 0 1
    outer loop
      vertex 125.439 62.9109 2.8
      vertex 152.8 74.8 2.8
      vertex 126 63.5672 2.8
    endloop
  endfacet
  facet normal 0 0 1
    outer loop
      vertex 152.8 74.8 2.8
      vertex 125.439 62.9109 2.8
      vertex 152.8 2.8 2.8
    endloop
  endfacet
  facet normal -0 0 1
    outer loop
      vertex 124.783 62.3504 2.8
      vertex 152.8 2.8 2.8
      vertex 125.439 62.9109 2.8
    endloop
  endfacet
  facet normal -0 0 1
    outer loop
      vertex 124.047 61.8995 2.8
      vertex 152.8 2.8 2.8
      vertex 124.783 62.3504 2.8
    endloop
  endfacet
  facet normal 0 0 1
    outer loop
      vertex 107.8 30.8 2.8
      vertex 124.047 61.8995 2.8
      vertex 123.25 61.5692 2.8
    endloop
  endfacet
  facet normal 0 0 1
    outer loop
      vertex 107.8 30.8 2.8
      vertex 123.25 61.5692 2.8
      vertex 122.41 61.3677 2.8
    endloop
  endfacet
  facet normal 0 0 1
    outer loop
      vertex 107.8 30.8 2.8
      vertex 122.41 61.3677 2.8
      vertex 121.55 61.3 2.8
    endloop
  endfacet
  facet normal 0 0 1
    outer loop
      vertex 107.8 30.8 2.8
      vertex 121.55 61.3 2.8
      vertex 120.69 61.3677 2.8
    endloop
  endfacet
  facet normal 0 0 1
    outer loop
      vertex 107.8 30.8 2.8
      vertex 120.69 61.3677 2.8
      vertex 119.85 61.5692 2.8
    endloop
  endfacet
  facet normal 0 0 1
    outer loop
      vertex 99.8866 37.6056 2.8
      vertex 119.85 61.5692 2.8
      vertex 119.053 61.8995 2.8
    endloop
  endfacet
  facet normal 0 0 1
    outer loop
      vertex 107.283 62.3504 2.8
      vertex 118.317 62.3504 2.8
      vertex 107.939 62.9109 2.8
    endloop
  endfacet
  facet normal -0 0 1
    outer loop
      vertex 107.939 62.9109 2.8
      vertex 118.317 62.3504 2.8
      vertex 117.661 62.9109 2.8
    endloop
  endfacet
  facet normal 0 0 1
    outer loop
      vertex 107.939 62.9109 2.8
      vertex 117.661 62.9109 2.8
      vertex 117.1 63.5672 2.8
    endloop
  endfacet
  facet normal 0 0 1
    outer loop
      vertex 108.5 63.5672 2.8
      vertex 117.1 63.5672 2.8
      vertex 116.649 64.3031 2.8
    endloop
  endfacet
  facet normal -0 0 1
    outer loop
      vertex 109.51 66.2857 2.8
      vertex 116.118 65.9396 2.8
      vertex 116.09 66.2857 2.8
    endloop
  endfacet
  facet normal 0 0 1
    outer loop
      vertex 109.482 65.9396 2.8
      vertex 116.118 65.9396 2.8
      vertex 109.51 66.2857 2.8
    endloop
  endfacet
  facet normal 0 0 1
    outer loop
      vertex 116.118 65.9396 2.8
      vertex 109.482 65.9396 2.8
      vertex 116.319 65.1004 2.8
    endloop
  endfacet
  facet normal 0 0 1
    outer loop
      vertex 109.281 65.1004 2.8
      vertex 116.319 65.1004 2.8
      vertex 109.482 65.9396 2.8
    endloop
  endfacet
  facet normal 0 0 1
    outer loop
      vertex 116.319 65.1004 2.8
      vertex 109.281 65.1004 2.8
      vertex 116.649 64.3031 2.8
    endloop
  endfacet
  facet normal 0 0 1
    outer loop
      vertex 108.951 64.3031 2.8
      vertex 116.649 64.3031 2.8
      vertex 109.281 65.1004 2.8
    endloop
  endfacet
  facet normal 0 0 1
    outer loop
      vertex 108.5 63.5672 2.8
      vertex 116.649 64.3031 2.8
      vertex 108.951 64.3031 2.8
    endloop
  endfacet
  facet normal 0 0 1
    outer loop
      vertex 117.1 63.5672 2.8
      vertex 108.5 63.5672 2.8
      vertex 107.939 62.9109 2.8
    endloop
  endfacet
  facet normal 0 0 1
    outer loop
      vertex 118.317 62.3504 2.8
      vertex 107.283 62.3504 2.8
      vertex 119.053 61.8995 2.8
    endloop
  endfacet
  facet normal 0 0 1
    outer loop
      vertex 124.047 61.8995 2.8
      vertex 107.8 30.8 2.8
      vertex 152.8 2.8 2.8
    endloop
  endfacet
  facet normal -0 0 1
    outer loop
      vertex 107.8 9.8 2.8
      vertex 152.8 2.8 2.8
      vertex 107.8 30.8 2.8
    endloop
  endfacet
  facet normal -0 0 1
    outer loop
      vertex 106.786 9.8 2.8
      vertex 152.8 2.8 2.8
      vertex 107.8 9.8 2.8
    endloop
  endfacet
  facet normal 0 0 1
    outer loop
      vertex 106.786 30.8 2.8
      vertex 106.114 30.8 2.8
      vertex 106.786 9.8 2.8
    endloop
  endfacet
  facet normal 0 0 1
    outer loop
      vertex 106.114 9.8 2.8
      vertex 106.786 9.8 2.8
      vertex 106.114 30.8 2.8
    endloop
  endfacet
  facet normal -0 0 1
    outer loop
      vertex 106.114 9.8 2.8
      vertex 152.8 2.8 2.8
      vertex 106.786 9.8 2.8
    endloop
  endfacet
  facet normal -0 0 1
    outer loop
      vertex 103.286 9.8 2.8
      vertex 152.8 2.8 2.8
      vertex 106.114 9.8 2.8
    endloop
  endfacet
  facet normal 0 0 1
    outer loop
      vertex 103.286 30.8 2.8
      vertex 102.614 30.8 2.8
      vertex 103.286 9.8 2.8
    endloop
  endfacet
  facet normal 0 0 1
    outer loop
      vertex 102.614 9.8 2.8
      vertex 103.286 9.8 2.8
      vertex 102.614 30.8 2.8
    endloop
  endfacet
  facet normal -0 0 1
    outer loop
      vertex 102.614 9.8 2.8
      vertex 152.8 2.8 2.8
      vertex 103.286 9.8 2.8
    endloop
  endfacet
  facet normal -0 0 1
    outer loop
      vertex 99.7858 9.8 2.8
      vertex 152.8 2.8 2.8
      vertex 102.614 9.8 2.8
    endloop
  endfacet
  facet normal 0 0 1
    outer loop
      vertex 102.614 30.8 2.8
      vertex 98.9664 33.7729 2.8
      vertex 99.7858 30.8 2.8
    endloop
  endfacet
  facet normal 0 0 1
    outer loop
      vertex 99.7858 30.8 2.8
      vertex 99.1142 30.8 2.8
      vertex 99.7858 9.8 2.8
    endloop
  endfacet
  facet normal 0 0 1
    outer loop
      vertex 99.1142 9.8 2.8
      vertex 99.7858 9.8 2.8
      vertex 99.1142 30.8 2.8
    endloop
  endfacet
  facet normal -0 0 1
    outer loop
      vertex 99.1142 9.8 2.8
      vertex 152.8 2.8 2.8
      vertex 99.7858 9.8 2.8
    endloop
  endfacet
  facet normal -0 0 1
    outer loop
      vertex 96.2858 9.8 2.8
      vertex 152.8 2.8 2.8
      vertex 99.1142 9.8 2.8
    endloop
  endfacet
  facet normal 0 0 1
    outer loop
      vertex 96.2858 30.8 2.8
      vertex 95.95 10.8 2.8
      vertex 96.2858 9.8 2.8
    endloop
  endfacet
  facet normal 0 0 1
    outer loop
      vertex 95.6142 9.8 2.8
      vertex 95.95 10.8 2.8
      vertex 95.6142 10.8 2.8
    endloop
  endfacet
  facet normal 0 0 1
    outer loop
      vertex 95.95 10.8 2.8
      vertex 95.6142 9.8 2.8
      vertex 96.2858 9.8 2.8
    endloop
  endfacet
  facet normal -0 0 1
    outer loop
      vertex 95.6142 9.8 2.8
      vertex 152.8 2.8 2.8
      vertex 96.2858 9.8 2.8
    endloop
  endfacet
  facet normal -0 0 1
    outer loop
      vertex 92.7858 9.8 2.8
      vertex 152.8 2.8 2.8
      vertex 95.6142 9.8 2.8
    endloop
  endfacet
  facet normal 0 0 1
    outer loop
      vertex 92.7858 30.8 2.8
      vertex 92.1142 30.8 2.8
      vertex 92.7858 9.8 2.8
    endloop
  endfacet
  facet normal 0 0 1
    outer loop
      vertex 92.1142 9.8 2.8
      vertex 92.7858 9.8 2.8
      vertex 92.1142 30.8 2.8
    endloop
  endfacet
  facet normal -0 0 1
    outer loop
      vertex 92.1142 9.8 2.8
      vertex 152.8 2.8 2.8
      vertex 92.7858 9.8 2.8
    endloop
  endfacet
  facet normal -0 0 1
    outer loop
      vertex 89.2858 9.8 2.8
      vertex 152.8 2.8 2.8
      vertex 92.1142 9.8 2.8
    endloop
  endfacet
  facet normal 0 0 1
    outer loop
      vertex 88.6142 9.8 2.8
      vertex 89.2858 9.8 2.8
      vertex 88.6142 30.8 2.8
    endloop
  endfacet
  facet normal -0 0 1
    outer loop
      vertex 88.6142 9.8 2.8
      vertex 152.8 2.8 2.8
      vertex 89.2858 9.8 2.8
    endloop
  endfacet
  facet normal -0 0 1
    outer loop
      vertex 85.7858 9.8 2.8
      vertex 152.8 2.8 2.8
      vertex 88.6142 9.8 2.8
    endloop
  endfacet
  facet normal 0 0 1
    outer loop
      vertex 85.1142 9.8 2.8
      vertex 85.7858 9.8 2.8
      vertex 85.1142 30.8 2.8
    endloop
  endfacet
  facet normal -0 0 1
    outer loop
      vertex 85.1142 9.8 2.8
      vertex 152.8 2.8 2.8
      vertex 85.7858 9.8 2.8
    endloop
  endfacet
  facet normal 0 0 1
    outer loop
      vertex 22.8 2.8 2.8
      vertex 85.1142 9.8 2.8
      vertex 82.2858 9.8 2.8
    endloop
  endfacet
  facet normal 0 0 1
    outer loop
      vertex 81.6142 9.8 2.8
      vertex 82.2858 9.8 2.8
      vertex 81.6142 30.8 2.8
    endloop
  endfacet
  facet normal 0 0 1
    outer loop
      vertex 22.8 2.8 2.8
      vertex 82.2858 9.8 2.8
      vertex 81.6142 9.8 2.8
    endloop
  endfacet
  facet normal 0 0 1
    outer loop
      vertex 22.8 2.8 2.8
      vertex 81.6142 9.8 2.8
      vertex 78.7858 9.8 2.8
    endloop
  endfacet
  facet normal 0 0 1
    outer loop
      vertex 78.1142 9.8 2.8
      vertex 78.7858 9.8 2.8
      vertex 78.1142 30.8 2.8
    endloop
  endfacet
  facet normal 0 0 1
    outer loop
      vertex 22.8 2.8 2.8
      vertex 78.7858 9.8 2.8
      vertex 78.1142 9.8 2.8
    endloop
  endfacet
  facet normal 0 0 1
    outer loop
      vertex 22.8 2.8 2.8
      vertex 78.1142 9.8 2.8
      vertex 75.2858 9.8 2.8
    endloop
  endfacet
  facet normal 0 0 1
    outer loop
      vertex 74.6142 9.8 2.8
      vertex 75.2858 9.8 2.8
      vertex 74.6142 30.8 2.8
    endloop
  endfacet
  facet normal 0 0 1
    outer loop
      vertex 22.8 2.8 2.8
      vertex 75.2858 9.8 2.8
      vertex 74.6142 9.8 2.8
    endloop
  endfacet
  facet normal 0 0 1
    outer loop
      vertex 22.8 2.8 2.8
      vertex 74.6142 9.8 2.8
      vertex 71.7858 9.8 2.8
    endloop
  endfacet
  facet normal 0 0 1
    outer loop
      vertex 71.1142 9.8 2.8
      vertex 71.7858 9.8 2.8
      vertex 71.1142 30.8 2.8
    endloop
  endfacet
  facet normal 0 0 1
    outer loop
      vertex 22.8 2.8 2.8
      vertex 71.7858 9.8 2.8
      vertex 71.1142 9.8 2.8
    endloop
  endfacet
  facet normal 0 0 1
    outer loop
      vertex 22.8 2.8 2.8
      vertex 71.1142 9.8 2.8
      vertex 68.2858 9.8 2.8
    endloop
  endfacet
  facet normal 0 0 1
    outer loop
      vertex 67.6142 9.8 2.8
      vertex 68.2858 9.8 2.8
      vertex 67.6142 30.8 2.8
    endloop
  endfacet
  facet normal 0 0 1
    outer loop
      vertex 22.8 2.8 2.8
      vertex 68.2858 9.8 2.8
      vertex 67.6142 9.8 2.8
    endloop
  endfacet
  facet normal 0 0 1
    outer loop
      vertex 22.8 2.8 2.8
      vertex 67.6142 9.8 2.8
      vertex 64.7858 9.8 2.8
    endloop
  endfacet
  facet normal 0 0 1
    outer loop
      vertex 64.1142 9.8 2.8
      vertex 64.7858 9.8 2.8
      vertex 64.1142 30.8 2.8
    endloop
  endfacet
  facet normal 0 0 1
    outer loop
      vertex 22.8 2.8 2.8
      vertex 64.7858 9.8 2.8
      vertex 64.1142 9.8 2.8
    endloop
  endfacet
  facet normal 0 0 1
    outer loop
      vertex 22.8 2.8 2.8
      vertex 64.1142 9.8 2.8
      vertex 61.2858 9.8 2.8
    endloop
  endfacet
  facet normal 0 0 1
    outer loop
      vertex 60.6142 9.8 2.8
      vertex 61.2858 9.8 2.8
      vertex 60.6142 30.8 2.8
    endloop
  endfacet
  facet normal 0 0 1
    outer loop
      vertex 22.8 2.8 2.8
      vertex 61.2858 9.8 2.8
      vertex 60.6142 9.8 2.8
    endloop
  endfacet
  facet normal 0 0 1
    outer loop
      vertex 22.8 2.8 2.8
      vertex 60.6142 9.8 2.8
      vertex 57.7858 9.8 2.8
    endloop
  endfacet
  facet normal 0 0 1
    outer loop
      vertex 57.1142 9.8 2.8
      vertex 57.7858 9.8 2.8
      vertex 57.1142 30.8 2.8
    endloop
  endfacet
  facet normal 0 0 1
    outer loop
      vertex 22.8 2.8 2.8
      vertex 57.7858 9.8 2.8
      vertex 57.1142 9.8 2.8
    endloop
  endfacet
  facet normal 0 0 1
    outer loop
      vertex 22.8 2.8 2.8
      vertex 57.1142 9.8 2.8
      vertex 54.2858 9.8 2.8
    endloop
  endfacet
  facet normal 0 0 1
    outer loop
      vertex 53.6142 9.8 2.8
      vertex 54.2858 9.8 2.8
      vertex 53.6142 30.8 2.8
    endloop
  endfacet
  facet normal 0 0 1
    outer loop
      vertex 22.8 2.8 2.8
      vertex 54.2858 9.8 2.8
      vertex 53.6142 9.8 2.8
    endloop
  endfacet
  facet normal 0 0 1
    outer loop
      vertex 22.8 2.8 2.8
      vertex 53.6142 9.8 2.8
      vertex 50.7858 9.8 2.8
    endloop
  endfacet
  facet normal 0 0 1
    outer loop
      vertex 30.0347 19.4709 2.8
      vertex 44.6505 27.502 2.8
      vertex 30.1 20.3 2.8
    endloop
  endfacet
  facet normal 0 0 1
    outer loop
      vertex 44.6505 27.502 2.8
      vertex 30.0347 19.4709 2.8
      vertex 50.7858 9.8 2.8
    endloop
  endfacet
  facet normal -0 0 1
    outer loop
      vertex 29.8406 18.6622 2.8
      vertex 50.7858 9.8 2.8
      vertex 30.0347 19.4709 2.8
    endloop
  endfacet
  facet normal -0 0 1
    outer loop
      vertex 29.5223 17.8939 2.8
      vertex 50.7858 9.8 2.8
      vertex 29.8406 18.6622 2.8
    endloop
  endfacet
  facet normal -0 0 1
    outer loop
      vertex 29.0878 17.1847 2.8
      vertex 50.7858 9.8 2.8
      vertex 29.5223 17.8939 2.8
    endloop
  endfacet
  facet normal -0 0 1
    outer loop
      vertex 28.5477 16.5523 2.8
      vertex 50.7858 9.8 2.8
      vertex 29.0878 17.1847 2.8
    endloop
  endfacet
  facet normal -0 0 1
    outer loop
      vertex 27.9153 16.0122 2.8
      vertex 50.7858 9.8 2.8
      vertex 28.5477 16.5523 2.8
    endloop
  endfacet
  facet normal 0 0 1
    outer loop
      vertex 22.8 2.8 2.8
      vertex 27.9153 16.0122 2.8
      vertex 27.2062 15.5777 2.8
    endloop
  endfacet
  facet normal 0 0 1
    outer loop
      vertex 22.8 2.8 2.8
      vertex 27.2062 15.5777 2.8
      vertex 26.4378 15.2594 2.8
    endloop
  endfacet
  facet normal 0 0 1
    outer loop
      vertex 22.8 2.8 2.8
      vertex 26.4378 15.2594 2.8
      vertex 25.6291 15.0653 2.8
    endloop
  endfacet
  facet normal 0 0 1
    outer loop
      vertex 22.8 2.8 2.8
      vertex 25.6291 15.0653 2.8
      vertex 24.8 15 2.8
    endloop
  endfacet
  facet normal 0 0 1
    outer loop
      vertex 22.8 2.8 2.8
      vertex 24.8 15 2.8
      vertex 23.9709 15.0653 2.8
    endloop
  endfacet
  facet normal 0 0 1
    outer loop
      vertex 85.1142 9.8 2.8
      vertex 22.8 2.8 2.8
      vertex 152.8 2.8 2.8
    endloop
  endfacet
  facet normal 0 0 1
    outer loop
      vertex 27.9153 16.0122 2.8
      vertex 22.8 2.8 2.8
      vertex 50.7858 9.8 2.8
    endloop
  endfacet
  facet normal 0 0 1
    outer loop
      vertex 23.1622 15.2594 2.8
      vertex 22.8 2.8 2.8
      vertex 23.9709 15.0653 2.8
    endloop
  endfacet
  facet normal 0 0 1
    outer loop
      vertex 22.3939 15.5777 2.8
      vertex 22.8 2.8 2.8
      vertex 23.1622 15.2594 2.8
    endloop
  endfacet
  facet normal 0 0 1
    outer loop
      vertex 21.6847 16.0122 2.8
      vertex 22.8 2.8 2.8
      vertex 22.3939 15.5777 2.8
    endloop
  endfacet
  facet normal 0 0 1
    outer loop
      vertex 8.8 2.8 2.8
      vertex 22.8 2.8 2.8
      vertex 21.6847 16.0122 2.8
    endloop
  endfacet
  facet normal 0 0 1
    outer loop
      vertex 8.8 2.8 2.8
      vertex 21.6847 16.0122 2.8
      vertex 21.0523 16.5523 2.8
    endloop
  endfacet
  facet normal 0 0 1
    outer loop
      vertex 13.8 19 2.8
      vertex 21.0523 16.5523 2.8
      vertex 20.5122 17.1847 2.8
    endloop
  endfacet
  facet normal 0 0 1
    outer loop
      vertex 13.8 19 2.8
      vertex 20.5122 17.1847 2.8
      vertex 20.0777 17.8939 2.8
    endloop
  endfacet
  facet normal 0 0 1
    outer loop
      vertex 13.8 19 2.8
      vertex 20.0777 17.8939 2.8
      vertex 19.7594 18.6622 2.8
    endloop
  endfacet
  facet normal -0 0 1
    outer loop
      vertex 13.8 19 2.8
      vertex 19.7594 18.6622 2.8
      vertex 19.6783 19 2.8
    endloop
  endfacet
  facet normal 0 0 1
    outer loop
      vertex 21.0523 16.5523 2.8
      vertex 13.8 19 2.8
      vertex 8.8 2.8 2.8
    endloop
  endfacet
  facet normal 0 0 1
    outer loop
      vertex 22.8 2.8 2.8
      vertex 8.8 2.8 2.8
      vertex 22.8 0 2.8
    endloop
  endfacet
  facet normal 0 0 1
    outer loop
      vertex 22.8 0 2.8
      vertex 8.8 2.8 2.8
      vertex 8.8 0 2.8
    endloop
  endfacet
  facet normal 0 0 -1
    outer loop
      vertex 38.3 65.4388 2.6
      vertex 39.55 66.8 2.6
      vertex 39.5095 66.2857 2.6
    endloop
  endfacet
  facet normal -0 0 -1
    outer loop
      vertex 39.55 66.8 2.6
      vertex 38.3 65.4388 2.6
      vertex 39.4823 67.6604 2.6
    endloop
  endfacet
  facet normal -0 0 -1
    outer loop
      vertex 39.4823 67.6604 2.6
      vertex 38.3 65.4388 2.6
      vertex 39.2808 68.4996 2.6
    endloop
  endfacet
  facet normal 0 0 -1
    outer loop
      vertex 36.9572 64.8126 2.6
      vertex 39.2808 68.4996 2.6
      vertex 38.3 65.4388 2.6
    endloop
  endfacet
  facet normal -0 0 -1
    outer loop
      vertex 39.2808 68.4996 2.6
      vertex 36.9572 64.8126 2.6
      vertex 38.9505 69.297 2.6
    endloop
  endfacet
  facet normal -0 0 -1
    outer loop
      vertex 38.9505 69.297 2.6
      vertex 36.9572 64.8126 2.6
      vertex 38.4996 70.0328 2.6
    endloop
  endfacet
  facet normal -0 0 -1
    outer loop
      vertex 38.4996 70.0328 2.6
      vertex 36.9572 64.8126 2.6
      vertex 37.9391 70.6891 2.6
    endloop
  endfacet
  facet normal 0 0 -1
    outer loop
      vertex 35.526 64.4291 2.6
      vertex 37.9391 70.6891 2.6
      vertex 36.9572 64.8126 2.6
    endloop
  endfacet
  facet normal -0 0 -1
    outer loop
      vertex 37.9391 70.6891 2.6
      vertex 35.526 64.4291 2.6
      vertex 37.2828 71.2496 2.6
    endloop
  endfacet
  facet normal -0 0 -1
    outer loop
      vertex 37.2828 71.2496 2.6
      vertex 35.526 64.4291 2.6
      vertex 36.5469 71.7005 2.6
    endloop
  endfacet
  facet normal 0 -0 -1
    outer loop
      vertex 35.55 72.0787 2.6
      vertex 36.5469 71.7005 2.6
      vertex 35.526 64.4291 2.6
    endloop
  endfacet
  facet normal 0 0 -1
    outer loop
      vertex 34.05 64.3 2.6
      vertex 35.55 72.0787 2.6
      vertex 35.526 64.4291 2.6
    endloop
  endfacet
  facet normal 0 0 -1
    outer loop
      vertex 36.5469 71.7005 2.6
      vertex 35.55 72.0787 2.6
      vertex 35.7496 72.0308 2.6
    endloop
  endfacet
  facet normal 0 0 -1
    outer loop
      vertex 38.2823 76.6435 2.6
      vertex 38.6318 77.6 2.6
      vertex 38.5675 77.3322 2.6
    endloop
  endfacet
  facet normal 0 0 -1
    outer loop
      vertex 37.8928 76.008 2.6
      vertex 38.6318 77.6 2.6
      vertex 38.2823 76.6435 2.6
    endloop
  endfacet
  facet normal 0 0 -1
    outer loop
      vertex 37.4088 75.4412 2.6
      vertex 38.6318 77.6 2.6
      vertex 37.8928 76.008 2.6
    endloop
  endfacet
  facet normal 0 0 -1
    outer loop
      vertex 36.842 74.9572 2.6
      vertex 38.6318 77.6 2.6
      vertex 37.4088 75.4412 2.6
    endloop
  endfacet
  facet normal 0 0 -1
    outer loop
      vertex 36.2065 74.5677 2.6
      vertex 38.6318 77.6 2.6
      vertex 36.842 74.9572 2.6
    endloop
  endfacet
  facet normal 0 0 -1
    outer loop
      vertex 35.55 74.2958 2.6
      vertex 38.6318 77.6 2.6
      vertex 36.2065 74.5677 2.6
    endloop
  endfacet
  facet normal -0 0 -1
    outer loop
      vertex 35.55 72.0787 2.6
      vertex 34.05 64.3 2.6
      vertex 32.55 72.0787 2.6
    endloop
  endfacet
  facet normal 0 0 -1
    outer loop
      vertex 32.55 72.0787 2.6
      vertex 34.05 64.3 2.6
      vertex 32.574 64.4291 2.6
    endloop
  endfacet
  facet normal 0 0 -1
    outer loop
      vertex 35.55 72.0787 2.6
      vertex 32.55 72.0787 2.6
      vertex 35.55 74.2958 2.6
    endloop
  endfacet
  facet normal 0 0 -1
    outer loop
      vertex 32.55 74.2958 2.6
      vertex 35.55 74.2958 2.6
      vertex 32.55 72.0787 2.6
    endloop
  endfacet
  facet normal 0 0 -1
    outer loop
      vertex 35.55 74.2958 2.6
      vertex 32.55 74.2958 2.6
      vertex 38.6318 77.6 2.6
    endloop
  endfacet
  facet normal 0 0 -1
    outer loop
      vertex 31.8935 74.5677 2.6
      vertex 38.6318 77.6 2.6
      vertex 32.55 74.2958 2.6
    endloop
  endfacet
  facet normal 0 0 -1
    outer loop
      vertex 31.258 74.9572 2.6
      vertex 38.6318 77.6 2.6
      vertex 31.8935 74.5677 2.6
    endloop
  endfacet
  facet normal 0 0 -1
    outer loop
      vertex 30.6912 75.4412 2.6
      vertex 38.6318 77.6 2.6
      vertex 31.258 74.9572 2.6
    endloop
  endfacet
  facet normal 0 0 -1
    outer loop
      vertex 30.2072 76.008 2.6
      vertex 38.6318 77.6 2.6
      vertex 30.6912 75.4412 2.6
    endloop
  endfacet
  facet normal 0 0 -1
    outer loop
      vertex 29.4682 77.6 2.6
      vertex 30.2072 76.008 2.6
      vertex 29.8177 76.6435 2.6
    endloop
  endfacet
  facet normal 0 0 -1
    outer loop
      vertex 29.4682 77.6 2.6
      vertex 29.8177 76.6435 2.6
      vertex 29.5325 77.3322 2.6
    endloop
  endfacet
  facet normal 0 0 -1
    outer loop
      vertex 30.2072 76.008 2.6
      vertex 29.4682 77.6 2.6
      vertex 38.6318 77.6 2.6
    endloop
  endfacet
  facet normal 0 0 -1
    outer loop
      vertex 31.5531 71.7005 2.6
      vertex 32.55 72.0787 2.6
      vertex 32.574 64.4291 2.6
    endloop
  endfacet
  facet normal 0 0 -1
    outer loop
      vertex 32.55 72.0787 2.6
      vertex 31.5531 71.7005 2.6
      vertex 32.3504 72.0308 2.6
    endloop
  endfacet
  facet normal 0 0 -1
    outer loop
      vertex 30.1609 70.6891 2.6
      vertex 32.574 64.4291 2.6
      vertex 31.1428 64.8126 2.6
    endloop
  endfacet
  facet normal 0 0 -1
    outer loop
      vertex 32.574 64.4291 2.6
      vertex 30.8172 71.2496 2.6
      vertex 31.5531 71.7005 2.6
    endloop
  endfacet
  facet normal 0 0 -1
    outer loop
      vertex 32.574 64.4291 2.6
      vertex 30.1609 70.6891 2.6
      vertex 30.8172 71.2496 2.6
    endloop
  endfacet
  facet normal 0 0 -1
    outer loop
      vertex 28.8192 68.4996 2.6
      vertex 31.1428 64.8126 2.6
      vertex 29.8 65.4388 2.6
    endloop
  endfacet
  facet normal 0 0 -1
    outer loop
      vertex 31.1428 64.8126 2.6
      vertex 29.6004 70.0328 2.6
      vertex 30.1609 70.6891 2.6
    endloop
  endfacet
  facet normal 0 0 -1
    outer loop
      vertex 28.6177 67.6604 2.6
      vertex 29.8 65.4388 2.6
      vertex 29.3107 65.7814 2.6
    endloop
  endfacet
  facet normal 0 0 -1
    outer loop
      vertex 28.6177 65.9396 2.6
      vertex 29.3107 65.7814 2.6
      vertex 29.175 65.6864 2.6
    endloop
  endfacet
  facet normal 0 0 -1
    outer loop
      vertex 31.1428 64.8126 2.6
      vertex 29.1495 69.297 2.6
      vertex 29.6004 70.0328 2.6
    endloop
  endfacet
  facet normal 0 0 -1
    outer loop
      vertex 31.1428 64.8126 2.6
      vertex 28.8192 68.4996 2.6
      vertex 29.1495 69.297 2.6
    endloop
  endfacet
  facet normal 0 0 -1
    outer loop
      vertex 28.6177 65.9396 2.6
      vertex 29.175 65.6864 2.6
      vertex 28.7285 65.4782 2.6
    endloop
  endfacet
  facet normal 0 0 -1
    outer loop
      vertex 29.3107 65.7814 2.6
      vertex 28.6177 65.9396 2.6
      vertex 28.55 66.8 2.6
    endloop
  endfacet
  facet normal 0 0 -1
    outer loop
      vertex 29.8 65.4388 2.6
      vertex 28.6177 67.6604 2.6
      vertex 28.8192 68.4996 2.6
    endloop
  endfacet
  facet normal 0 0 -1
    outer loop
      vertex 29.3107 65.7814 2.6
      vertex 28.55 66.8 2.6
      vertex 28.6177 67.6604 2.6
    endloop
  endfacet
  facet normal 0.573503 -0.819204 0
    outer loop
      vertex 29.175 65.6864 2.6
      vertex 29.3107 65.7814 2.8
      vertex 29.175 65.6864 2.8
    endloop
  endfacet
  facet normal 0.573503 -0.819204 0
    outer loop
      vertex 29.3107 65.7814 2.8
      vertex 29.175 65.6864 2.6
      vertex 29.3107 65.7814 2.6
    endloop
  endfacet
  facet normal 0.422608 -0.906313 0
    outer loop
      vertex 28.7285 65.4782 2.6
      vertex 29.175 65.6864 2.8
      vertex 28.7285 65.4782 2.8
    endloop
  endfacet
  facet normal 0.422608 -0.906313 0
    outer loop
      vertex 29.175 65.6864 2.8
      vertex 28.7285 65.4782 2.6
      vertex 29.175 65.6864 2.6
    endloop
  endfacet
  facet normal -0.422219 -0.906494 0
    outer loop
      vertex 126.425 65.6864 2.6
      vertex 126.872 65.4782 2.8
      vertex 126.425 65.6864 2.8
    endloop
  endfacet
  facet normal -0.422219 -0.906494 -0
    outer loop
      vertex 126.872 65.4782 2.8
      vertex 126.425 65.6864 2.6
      vertex 126.872 65.4782 2.6
    endloop
  endfacet
  facet normal 0 0 -1
    outer loop
      vertex 126.289 65.7814 2.6
      vertex 127.05 66.8 2.6
      vertex 126.982 65.9396 2.6
    endloop
  endfacet
  facet normal 0 0 -1
    outer loop
      vertex 126.425 65.6864 2.6
      vertex 126.982 65.9396 2.6
      vertex 126.872 65.4782 2.6
    endloop
  endfacet
  facet normal 0 0 -1
    outer loop
      vertex 126.289 65.7814 2.6
      vertex 126.982 65.9396 2.6
      vertex 126.425 65.6864 2.6
    endloop
  endfacet
  facet normal -0 0 -1
    outer loop
      vertex 127.05 66.8 2.6
      vertex 126.289 65.7814 2.6
      vertex 126.982 67.6604 2.6
    endloop
  endfacet
  facet normal 0 0 -1
    outer loop
      vertex 125.8 65.4388 2.6
      vertex 126.982 67.6604 2.6
      vertex 126.289 65.7814 2.6
    endloop
  endfacet
  facet normal -0 0 -1
    outer loop
      vertex 126.982 67.6604 2.6
      vertex 125.8 65.4388 2.6
      vertex 126.781 68.4996 2.6
    endloop
  endfacet
  facet normal 0 0 -1
    outer loop
      vertex 124.457 64.8126 2.6
      vertex 126.781 68.4996 2.6
      vertex 125.8 65.4388 2.6
    endloop
  endfacet
  facet normal -0 0 -1
    outer loop
      vertex 126.781 68.4996 2.6
      vertex 124.457 64.8126 2.6
      vertex 126.451 69.297 2.6
    endloop
  endfacet
  facet normal -0 0 -1
    outer loop
      vertex 126.451 69.297 2.6
      vertex 124.457 64.8126 2.6
      vertex 126 70.0328 2.6
    endloop
  endfacet
  facet normal -0 0 -1
    outer loop
      vertex 126 70.0328 2.6
      vertex 124.457 64.8126 2.6
      vertex 125.439 70.6891 2.6
    endloop
  endfacet
  facet normal 0 0 -1
    outer loop
      vertex 123.026 64.4291 2.6
      vertex 125.439 70.6891 2.6
      vertex 124.457 64.8126 2.6
    endloop
  endfacet
  facet normal -0 0 -1
    outer loop
      vertex 125.439 70.6891 2.6
      vertex 123.026 64.4291 2.6
      vertex 124.783 71.2496 2.6
    endloop
  endfacet
  facet normal -0 0 -1
    outer loop
      vertex 124.783 71.2496 2.6
      vertex 123.026 64.4291 2.6
      vertex 124.047 71.7005 2.6
    endloop
  endfacet
  facet normal 0 -0 -1
    outer loop
      vertex 123.05 72.0787 2.6
      vertex 124.047 71.7005 2.6
      vertex 123.026 64.4291 2.6
    endloop
  endfacet
  facet normal 0 0 -1
    outer loop
      vertex 121.55 64.3 2.6
      vertex 123.05 72.0787 2.6
      vertex 123.026 64.4291 2.6
    endloop
  endfacet
  facet normal 0 0 -1
    outer loop
      vertex 124.047 71.7005 2.6
      vertex 123.05 72.0787 2.6
      vertex 123.25 72.0308 2.6
    endloop
  endfacet
  facet normal 0 0 -1
    outer loop
      vertex 125.782 76.6435 2.6
      vertex 126.132 77.6 2.6
      vertex 126.068 77.3322 2.6
    endloop
  endfacet
  facet normal 0 0 -1
    outer loop
      vertex 125.393 76.008 2.6
      vertex 126.132 77.6 2.6
      vertex 125.782 76.6435 2.6
    endloop
  endfacet
  facet normal 0 0 -1
    outer loop
      vertex 124.909 75.4412 2.6
      vertex 126.132 77.6 2.6
      vertex 125.393 76.008 2.6
    endloop
  endfacet
  facet normal 0 0 -1
    outer loop
      vertex 124.342 74.9572 2.6
      vertex 126.132 77.6 2.6
      vertex 124.909 75.4412 2.6
    endloop
  endfacet
  facet normal 0 0 -1
    outer loop
      vertex 123.706 74.5677 2.6
      vertex 126.132 77.6 2.6
      vertex 124.342 74.9572 2.6
    endloop
  endfacet
  facet normal 0 0 -1
    outer loop
      vertex 123.05 74.2958 2.6
      vertex 126.132 77.6 2.6
      vertex 123.706 74.5677 2.6
    endloop
  endfacet
  facet normal -0 0 -1
    outer loop
      vertex 123.05 72.0787 2.6
      vertex 121.55 64.3 2.6
      vertex 120.05 72.0787 2.6
    endloop
  endfacet
  facet normal 0 0 -1
    outer loop
      vertex 120.05 72.0787 2.6
      vertex 121.55 64.3 2.6
      vertex 120.074 64.4291 2.6
    endloop
  endfacet
  facet normal 0 0 -1
    outer loop
      vertex 123.05 72.0787 2.6
      vertex 120.05 72.0787 2.6
      vertex 123.05 74.2958 2.6
    endloop
  endfacet
  facet normal 0 0 -1
    outer loop
      vertex 120.05 74.2958 2.6
      vertex 123.05 74.2958 2.6
      vertex 120.05 72.0787 2.6
    endloop
  endfacet
  facet normal 0 0 -1
    outer loop
      vertex 123.05 74.2958 2.6
      vertex 120.05 74.2958 2.6
      vertex 126.132 77.6 2.6
    endloop
  endfacet
  facet normal 0 0 -1
    outer loop
      vertex 119.394 74.5677 2.6
      vertex 126.132 77.6 2.6
      vertex 120.05 74.2958 2.6
    endloop
  endfacet
  facet normal 0 0 -1
    outer loop
      vertex 118.758 74.9572 2.6
      vertex 126.132 77.6 2.6
      vertex 119.394 74.5677 2.6
    endloop
  endfacet
  facet normal 0 0 -1
    outer loop
      vertex 118.191 75.4412 2.6
      vertex 126.132 77.6 2.6
      vertex 118.758 74.9572 2.6
    endloop
  endfacet
  facet normal 0 0 -1
    outer loop
      vertex 117.707 76.008 2.6
      vertex 126.132 77.6 2.6
      vertex 118.191 75.4412 2.6
    endloop
  endfacet
  facet normal 0 0 -1
    outer loop
      vertex 116.968 77.6 2.6
      vertex 117.707 76.008 2.6
      vertex 117.318 76.6435 2.6
    endloop
  endfacet
  facet normal 0 0 -1
    outer loop
      vertex 116.968 77.6 2.6
      vertex 117.318 76.6435 2.6
      vertex 117.032 77.3322 2.6
    endloop
  endfacet
  facet normal 0 0 -1
    outer loop
      vertex 117.707 76.008 2.6
      vertex 116.968 77.6 2.6
      vertex 126.132 77.6 2.6
    endloop
  endfacet
  facet normal 0 0 -1
    outer loop
      vertex 119.053 71.7005 2.6
      vertex 120.05 72.0787 2.6
      vertex 120.074 64.4291 2.6
    endloop
  endfacet
  facet normal 0 0 -1
    outer loop
      vertex 120.05 72.0787 2.6
      vertex 119.053 71.7005 2.6
      vertex 119.85 72.0308 2.6
    endloop
  endfacet
  facet normal 0 0 -1
    outer loop
      vertex 117.661 70.6891 2.6
      vertex 120.074 64.4291 2.6
      vertex 118.643 64.8126 2.6
    endloop
  endfacet
  facet normal 0 0 -1
    outer loop
      vertex 120.074 64.4291 2.6
      vertex 118.317 71.2496 2.6
      vertex 119.053 71.7005 2.6
    endloop
  endfacet
  facet normal 0 0 -1
    outer loop
      vertex 120.074 64.4291 2.6
      vertex 117.661 70.6891 2.6
      vertex 118.317 71.2496 2.6
    endloop
  endfacet
  facet normal 0 0 -1
    outer loop
      vertex 116.319 68.4996 2.6
      vertex 118.643 64.8126 2.6
      vertex 117.3 65.4388 2.6
    endloop
  endfacet
  facet normal 0 0 -1
    outer loop
      vertex 118.643 64.8126 2.6
      vertex 117.1 70.0328 2.6
      vertex 117.661 70.6891 2.6
    endloop
  endfacet
  facet normal 0 0 -1
    outer loop
      vertex 118.643 64.8126 2.6
      vertex 116.649 69.297 2.6
      vertex 117.1 70.0328 2.6
    endloop
  endfacet
  facet normal 0 0 -1
    outer loop
      vertex 118.643 64.8126 2.6
      vertex 116.319 68.4996 2.6
      vertex 116.649 69.297 2.6
    endloop
  endfacet
  facet normal 0 0 -1
    outer loop
      vertex 117.3 65.4388 2.6
      vertex 116.118 67.6604 2.6
      vertex 116.319 68.4996 2.6
    endloop
  endfacet
  facet normal 0 0 -1
    outer loop
      vertex 116.05 66.8 2.6
      vertex 117.3 65.4388 2.6
      vertex 116.09 66.2857 2.6
    endloop
  endfacet
  facet normal 0 0 -1
    outer loop
      vertex 117.3 65.4388 2.6
      vertex 116.05 66.8 2.6
      vertex 116.118 67.6604 2.6
    endloop
  endfacet
  facet normal -0.572653 -0.819798 0
    outer loop
      vertex 126.289 65.7814 2.6
      vertex 126.425 65.6864 2.8
      vertex 126.289 65.7814 2.8
    endloop
  endfacet
  facet normal -0.572653 -0.819798 -0
    outer loop
      vertex 126.425 65.6864 2.8
      vertex 126.289 65.7814 2.6
      vertex 126.425 65.6864 2.6
    endloop
  endfacet
  facet normal -0.99619 0.0872144 0
    outer loop
      vertex 44.05 29.8 2.6
      vertex 44.0751 30.0867 2.8
      vertex 44.0751 30.0867 2.6
    endloop
  endfacet
  facet normal -0.99619 0.0872144 0
    outer loop
      vertex 44.0751 30.0867 2.8
      vertex 44.05 29.8 2.6
      vertex 44.05 29.8 2.8
    endloop
  endfacet
  facet normal 0.707107 0.707107 0
    outer loop
      vertex 52.4387 32.8532 2.8
      vertex 51.8532 33.4387 2.6
      vertex 51.8532 33.4387 2.8
    endloop
  endfacet
  facet normal 0.707107 0.707107 0
    outer loop
      vertex 51.8532 33.4387 2.6
      vertex 52.4387 32.8532 2.8
      vertex 52.4387 32.8532 2.6
    endloop
  endfacet
  facet normal 0.906316 0.422601 0
    outer loop
      vertex 53.2635 31.4246 2.8
      vertex 52.9136 32.175 2.6
      vertex 52.9136 32.175 2.8
    endloop
  endfacet
  facet normal 0.906316 0.422601 0
    outer loop
      vertex 52.9136 32.175 2.6
      vertex 53.2635 31.4246 2.8
      vertex 53.2635 31.4246 2.6
    endloop
  endfacet
  facet normal 0.965872 0.259021 0
    outer loop
      vertex 53.3074 31.2609 2.8
      vertex 53.2635 31.4246 2.6
      vertex 53.2635 31.4246 2.8
    endloop
  endfacet
  facet normal 0.965872 0.259021 0
    outer loop
      vertex 53.2635 31.4246 2.6
      vertex 53.3074 31.2609 2.8
      vertex 53.3074 31.2609 2.6
    endloop
  endfacet
  facet normal 0.819141 0.573592 0
    outer loop
      vertex 52.9136 32.175 2.8
      vertex 52.4387 32.8532 2.6
      vertex 52.4387 32.8532 2.8
    endloop
  endfacet
  facet normal 0.819141 0.573592 0
    outer loop
      vertex 52.4387 32.8532 2.6
      vertex 52.9136 32.175 2.8
      vertex 52.9136 32.175 2.6
    endloop
  endfacet
  facet normal 0.575675 0.817679 -0
    outer loop
      vertex 51.8532 33.4387 2.6
      vertex 51.8309 33.4544 2.8
      vertex 51.8532 33.4387 2.8
    endloop
  endfacet
  facet normal 0.575675 0.817679 0
    outer loop
      vertex 51.8309 33.4544 2.8
      vertex 51.8532 33.4387 2.6
      vertex 51.8309 33.4544 2.6
    endloop
  endfacet
  facet normal -0.996191 -0.0872029 0
    outer loop
      vertex 44.1222 28.9752 2.6
      vertex 44.05 29.8 2.8
      vertex 44.05 29.8 2.6
    endloop
  endfacet
  facet normal -0.996191 -0.0872029 0
    outer loop
      vertex 44.05 29.8 2.8
      vertex 44.1222 28.9752 2.6
      vertex 44.1222 28.9752 2.8
    endloop
  endfacet
  facet normal -0.906314 -0.422605 0
    outer loop
      vertex 44.6505 27.502 2.6
      vertex 44.3365 28.1754 2.8
      vertex 44.3365 28.1754 2.6
    endloop
  endfacet
  facet normal -0.906314 -0.422605 0
    outer loop
      vertex 44.3365 28.1754 2.8
      vertex 44.6505 27.502 2.6
      vertex 44.6505 27.502 2.8
    endloop
  endfacet
  facet normal 0 0 -1
    outer loop
      vertex 44.3365 28.1754 2.6
      vertex 50.5858 30.0792 2.6
      vertex 44.6505 27.502 2.6
    endloop
  endfacet
  facet normal 0 0 -1
    outer loop
      vertex 52.2458 30.8 2.6
      vertex 53.2635 31.4246 2.6
      vertex 53.3074 31.2609 2.6
    endloop
  endfacet
  facet normal -0 0 -1
    outer loop
      vertex 53.2635 31.4246 2.6
      vertex 52.2458 30.8 2.6
      vertex 52.9136 32.175 2.6
    endloop
  endfacet
  facet normal -0 0 -1
    outer loop
      vertex 52.9136 32.175 2.6
      vertex 52.2458 30.8 2.6
      vertex 52.4387 32.8532 2.6
    endloop
  endfacet
  facet normal 0 0 -1
    outer loop
      vertex 50.5858 30.8 2.6
      vertex 52.4387 32.8532 2.6
      vertex 52.2458 30.8 2.6
    endloop
  endfacet
  facet normal -0 0 -1
    outer loop
      vertex 52.4387 32.8532 2.6
      vertex 50.5858 30.8 2.6
      vertex 51.8532 33.4387 2.6
    endloop
  endfacet
  facet normal -0 0 -1
    outer loop
      vertex 51.8532 33.4387 2.6
      vertex 50.5858 30.8 2.6
      vertex 51.8309 33.4544 2.6
    endloop
  endfacet
  facet normal 0 0 -1
    outer loop
      vertex 44.1222 28.9752 2.6
      vertex 50.5858 30.0792 2.6
      vertex 44.3365 28.1754 2.6
    endloop
  endfacet
  facet normal 0 0 -1
    outer loop
      vertex 44.0751 30.0867 2.6
      vertex 50.5858 30.0792 2.6
      vertex 44.1222 28.9752 2.6
    endloop
  endfacet
  facet normal 0 0 -1
    outer loop
      vertex 50.5858 30.0792 2.6
      vertex 44.0751 30.0867 2.6
      vertex 50.5858 30.8 2.6
    endloop
  endfacet
  facet normal -0 0 -1
    outer loop
      vertex 50.5858 30.8 2.6
      vertex 44.0751 30.0867 2.6
      vertex 51.8309 33.4544 2.6
    endloop
  endfacet
  facet normal 0 -0 -1
    outer loop
      vertex 44.0751 30.0867 2.6
      vertex 44.1222 28.9752 2.6
      vertex 44.05 29.8 2.6
    endloop
  endfacet
  facet normal -0.965928 -0.258813 0
    outer loop
      vertex 44.3365 28.1754 2.6
      vertex 44.1222 28.9752 2.8
      vertex 44.1222 28.9752 2.6
    endloop
  endfacet
  facet normal -0.965928 -0.258813 0
    outer loop
      vertex 44.1222 28.9752 2.8
      vertex 44.3365 28.1754 2.6
      vertex 44.3365 28.1754 2.8
    endloop
  endfacet
  facet normal 0.258826 -0.965924 0
    outer loop
      vertex 35.526 64.4291 2.6
      vertex 36.9572 64.8126 2.8
      vertex 35.526 64.4291 2.8
    endloop
  endfacet
  facet normal 0.258826 -0.965924 0
    outer loop
      vertex 36.9572 64.8126 2.8
      vertex 35.526 64.4291 2.6
      vertex 36.9572 64.8126 2.6
    endloop
  endfacet
  facet normal 0.0871335 -0.996197 0
    outer loop
      vertex 34.05 64.3 2.6
      vertex 35.526 64.4291 2.8
      vertex 34.05 64.3 2.8
    endloop
  endfacet
  facet normal 0.0871335 -0.996197 0
    outer loop
      vertex 35.526 64.4291 2.8
      vertex 34.05 64.3 2.6
      vertex 35.526 64.4291 2.6
    endloop
  endfacet
  facet normal 0.573576 -0.819152 0
    outer loop
      vertex 38.3 65.4388 2.6
      vertex 39.5095 66.2857 2.8
      vertex 38.3 65.4388 2.8
    endloop
  endfacet
  facet normal 0.573576 -0.819152 0
    outer loop
      vertex 39.5095 66.2857 2.8
      vertex 38.3 65.4388 2.6
      vertex 39.5095 66.2857 2.6
    endloop
  endfacet
  facet normal -0.422642 -0.906297 0
    outer loop
      vertex 29.8 65.4388 2.6
      vertex 31.1428 64.8126 2.8
      vertex 29.8 65.4388 2.8
    endloop
  endfacet
  facet normal -0.422642 -0.906297 -0
    outer loop
      vertex 31.1428 64.8126 2.8
      vertex 29.8 65.4388 2.6
      vertex 31.1428 64.8126 2.6
    endloop
  endfacet
  facet normal -0.573563 -0.819161 0
    outer loop
      vertex 29.3107 65.7814 2.6
      vertex 29.8 65.4388 2.8
      vertex 29.3107 65.7814 2.8
    endloop
  endfacet
  facet normal -0.573563 -0.819161 -0
    outer loop
      vertex 29.8 65.4388 2.8
      vertex 29.3107 65.7814 2.6
      vertex 29.8 65.4388 2.6
    endloop
  endfacet
  facet normal -0.0871335 -0.996197 0
    outer loop
      vertex 32.574 64.4291 2.6
      vertex 34.05 64.3 2.8
      vertex 32.574 64.4291 2.8
    endloop
  endfacet
  facet normal -0.0871335 -0.996197 -0
    outer loop
      vertex 34.05 64.3 2.8
      vertex 32.574 64.4291 2.6
      vertex 34.05 64.3 2.6
    endloop
  endfacet
  facet normal 0.422642 -0.906297 0
    outer loop
      vertex 36.9572 64.8126 2.6
      vertex 38.3 65.4388 2.8
      vertex 36.9572 64.8126 2.8
    endloop
  endfacet
  facet normal 0.422642 -0.906297 0
    outer loop
      vertex 38.3 65.4388 2.8
      vertex 36.9572 64.8126 2.6
      vertex 38.3 65.4388 2.6
    endloop
  endfacet
  facet normal -0.258826 -0.965924 0
    outer loop
      vertex 31.1428 64.8126 2.6
      vertex 32.574 64.4291 2.8
      vertex 31.1428 64.8126 2.8
    endloop
  endfacet
  facet normal -0.258826 -0.965924 -0
    outer loop
      vertex 32.574 64.4291 2.8
      vertex 31.1428 64.8126 2.6
      vertex 32.574 64.4291 2.6
    endloop
  endfacet
  facet normal -0.0871335 -0.996197 0
    outer loop
      vertex 50.074 64.4291 2.6
      vertex 51.55 64.3 2.8
      vertex 50.074 64.4291 2.8
    endloop
  endfacet
  facet normal -0.0871335 -0.996197 -0
    outer loop
      vertex 51.55 64.3 2.8
      vertex 50.074 64.4291 2.6
      vertex 51.55 64.3 2.6
    endloop
  endfacet
  facet normal 0 0 -1
    outer loop
      vertex 55.8 65.4388 2.6
      vertex 57.05 66.8 2.6
      vertex 57.0095 66.2857 2.6
    endloop
  endfacet
  facet normal -0 0 -1
    outer loop
      vertex 57.05 66.8 2.6
      vertex 55.8 65.4388 2.6
      vertex 56.9823 67.6604 2.6
    endloop
  endfacet
  facet normal -0 0 -1
    outer loop
      vertex 56.9823 67.6604 2.6
      vertex 55.8 65.4388 2.6
      vertex 56.7808 68.4996 2.6
    endloop
  endfacet
  facet normal 0 0 -1
    outer loop
      vertex 54.4572 64.8126 2.6
      vertex 56.7808 68.4996 2.6
      vertex 55.8 65.4388 2.6
    endloop
  endfacet
  facet normal -0 0 -1
    outer loop
      vertex 56.7808 68.4996 2.6
      vertex 54.4572 64.8126 2.6
      vertex 56.4505 69.297 2.6
    endloop
  endfacet
  facet normal -0 0 -1
    outer loop
      vertex 56.4505 69.297 2.6
      vertex 54.4572 64.8126 2.6
      vertex 55.9996 70.0328 2.6
    endloop
  endfacet
  facet normal -0 0 -1
    outer loop
      vertex 55.9996 70.0328 2.6
      vertex 54.4572 64.8126 2.6
      vertex 55.4391 70.6891 2.6
    endloop
  endfacet
  facet normal 0 0 -1
    outer loop
      vertex 53.026 64.4291 2.6
      vertex 55.4391 70.6891 2.6
      vertex 54.4572 64.8126 2.6
    endloop
  endfacet
  facet normal -0 0 -1
    outer loop
      vertex 55.4391 70.6891 2.6
      vertex 53.026 64.4291 2.6
      vertex 54.7828 71.2496 2.6
    endloop
  endfacet
  facet normal -0 0 -1
    outer loop
      vertex 54.7828 71.2496 2.6
      vertex 53.026 64.4291 2.6
      vertex 54.0469 71.7005 2.6
    endloop
  endfacet
  facet normal 0 -0 -1
    outer loop
      vertex 53.05 72.0787 2.6
      vertex 54.0469 71.7005 2.6
      vertex 53.026 64.4291 2.6
    endloop
  endfacet
  facet normal 0 0 -1
    outer loop
      vertex 51.55 64.3 2.6
      vertex 53.05 72.0787 2.6
      vertex 53.026 64.4291 2.6
    endloop
  endfacet
  facet normal 0 0 -1
    outer loop
      vertex 54.0469 71.7005 2.6
      vertex 53.05 72.0787 2.6
      vertex 53.2496 72.0308 2.6
    endloop
  endfacet
  facet normal 0 0 -1
    outer loop
      vertex 55.7823 76.6435 2.6
      vertex 56.1318 77.6 2.6
      vertex 56.0675 77.3322 2.6
    endloop
  endfacet
  facet normal 0 0 -1
    outer loop
      vertex 55.3928 76.008 2.6
      vertex 56.1318 77.6 2.6
      vertex 55.7823 76.6435 2.6
    endloop
  endfacet
  facet normal 0 0 -1
    outer loop
      vertex 54.9088 75.4412 2.6
      vertex 56.1318 77.6 2.6
      vertex 55.3928 76.008 2.6
    endloop
  endfacet
  facet normal 0 0 -1
    outer loop
      vertex 54.342 74.9572 2.6
      vertex 56.1318 77.6 2.6
      vertex 54.9088 75.4412 2.6
    endloop
  endfacet
  facet normal 0 0 -1
    outer loop
      vertex 53.7065 74.5677 2.6
      vertex 56.1318 77.6 2.6
      vertex 54.342 74.9572 2.6
    endloop
  endfacet
  facet normal 0 0 -1
    outer loop
      vertex 53.05 74.2958 2.6
      vertex 56.1318 77.6 2.6
      vertex 53.7065 74.5677 2.6
    endloop
  endfacet
  facet normal -0 0 -1
    outer loop
      vertex 53.05 72.0787 2.6
      vertex 51.55 64.3 2.6
      vertex 50.05 72.0787 2.6
    endloop
  endfacet
  facet normal 0 0 -1
    outer loop
      vertex 50.05 72.0787 2.6
      vertex 51.55 64.3 2.6
      vertex 50.074 64.4291 2.6
    endloop
  endfacet
  facet normal 0 0 -1
    outer loop
      vertex 53.05 72.0787 2.6
      vertex 50.05 72.0787 2.6
      vertex 53.05 74.2958 2.6
    endloop
  endfacet
  facet normal 0 0 -1
    outer loop
      vertex 50.05 74.2958 2.6
      vertex 53.05 74.2958 2.6
      vertex 50.05 72.0787 2.6
    endloop
  endfacet
  facet normal 0 0 -1
    outer loop
      vertex 53.05 74.2958 2.6
      vertex 50.05 74.2958 2.6
      vertex 56.1318 77.6 2.6
    endloop
  endfacet
  facet normal 0 0 -1
    outer loop
      vertex 49.3935 74.5677 2.6
      vertex 56.1318 77.6 2.6
      vertex 50.05 74.2958 2.6
    endloop
  endfacet
  facet normal 0 0 -1
    outer loop
      vertex 48.758 74.9572 2.6
      vertex 56.1318 77.6 2.6
      vertex 49.3935 74.5677 2.6
    endloop
  endfacet
  facet normal 0 0 -1
    outer loop
      vertex 48.1912 75.4412 2.6
      vertex 56.1318 77.6 2.6
      vertex 48.758 74.9572 2.6
    endloop
  endfacet
  facet normal 0 0 -1
    outer loop
      vertex 47.7072 76.008 2.6
      vertex 56.1318 77.6 2.6
      vertex 48.1912 75.4412 2.6
    endloop
  endfacet
  facet normal 0 0 -1
    outer loop
      vertex 46.9682 77.6 2.6
      vertex 47.7072 76.008 2.6
      vertex 47.3177 76.6435 2.6
    endloop
  endfacet
  facet normal 0 0 -1
    outer loop
      vertex 46.9682 77.6 2.6
      vertex 47.3177 76.6435 2.6
      vertex 47.0325 77.3322 2.6
    endloop
  endfacet
  facet normal 0 0 -1
    outer loop
      vertex 47.7072 76.008 2.6
      vertex 46.9682 77.6 2.6
      vertex 56.1318 77.6 2.6
    endloop
  endfacet
  facet normal 0 0 -1
    outer loop
      vertex 49.0531 71.7005 2.6
      vertex 50.05 72.0787 2.6
      vertex 50.074 64.4291 2.6
    endloop
  endfacet
  facet normal 0 0 -1
    outer loop
      vertex 50.05 72.0787 2.6
      vertex 49.0531 71.7005 2.6
      vertex 49.8504 72.0308 2.6
    endloop
  endfacet
  facet normal 0 0 -1
    outer loop
      vertex 47.6609 70.6891 2.6
      vertex 50.074 64.4291 2.6
      vertex 48.6428 64.8126 2.6
    endloop
  endfacet
  facet normal 0 0 -1
    outer loop
      vertex 50.074 64.4291 2.6
      vertex 48.3172 71.2496 2.6
      vertex 49.0531 71.7005 2.6
    endloop
  endfacet
  facet normal 0 0 -1
    outer loop
      vertex 50.074 64.4291 2.6
      vertex 47.6609 70.6891 2.6
      vertex 48.3172 71.2496 2.6
    endloop
  endfacet
  facet normal 0 0 -1
    outer loop
      vertex 46.3192 68.4996 2.6
      vertex 48.6428 64.8126 2.6
      vertex 47.3 65.4388 2.6
    endloop
  endfacet
  facet normal 0 0 -1
    outer loop
      vertex 48.6428 64.8126 2.6
      vertex 47.1004 70.0328 2.6
      vertex 47.6609 70.6891 2.6
    endloop
  endfacet
  facet normal 0 0 -1
    outer loop
      vertex 48.6428 64.8126 2.6
      vertex 46.6495 69.297 2.6
      vertex 47.1004 70.0328 2.6
    endloop
  endfacet
  facet normal 0 0 -1
    outer loop
      vertex 48.6428 64.8126 2.6
      vertex 46.3192 68.4996 2.6
      vertex 46.6495 69.297 2.6
    endloop
  endfacet
  facet normal 0 0 -1
    outer loop
      vertex 47.3 65.4388 2.6
      vertex 46.1177 67.6604 2.6
      vertex 46.3192 68.4996 2.6
    endloop
  endfacet
  facet normal 0 0 -1
    outer loop
      vertex 46.05 66.8 2.6
      vertex 47.3 65.4388 2.6
      vertex 46.0905 66.2857 2.6
    endloop
  endfacet
  facet normal 0 0 -1
    outer loop
      vertex 47.3 65.4388 2.6
      vertex 46.05 66.8 2.6
      vertex 46.1177 67.6604 2.6
    endloop
  endfacet
  facet normal 0.422642 -0.906297 0
    outer loop
      vertex 54.4572 64.8126 2.6
      vertex 55.8 65.4388 2.8
      vertex 54.4572 64.8126 2.8
    endloop
  endfacet
  facet normal 0.422642 -0.906297 0
    outer loop
      vertex 55.8 65.4388 2.8
      vertex 54.4572 64.8126 2.6
      vertex 55.8 65.4388 2.6
    endloop
  endfacet
  facet normal 0.0871335 -0.996197 0
    outer loop
      vertex 51.55 64.3 2.6
      vertex 53.026 64.4291 2.8
      vertex 51.55 64.3 2.8
    endloop
  endfacet
  facet normal 0.0871335 -0.996197 0
    outer loop
      vertex 53.026 64.4291 2.8
      vertex 51.55 64.3 2.6
      vertex 53.026 64.4291 2.6
    endloop
  endfacet
  facet normal 0.573576 -0.819152 0
    outer loop
      vertex 55.8 65.4388 2.6
      vertex 57.0095 66.2857 2.8
      vertex 55.8 65.4388 2.8
    endloop
  endfacet
  facet normal 0.573576 -0.819152 0
    outer loop
      vertex 57.0095 66.2857 2.8
      vertex 55.8 65.4388 2.6
      vertex 57.0095 66.2857 2.6
    endloop
  endfacet
  facet normal 0.258826 -0.965924 0
    outer loop
      vertex 53.026 64.4291 2.6
      vertex 54.4572 64.8126 2.8
      vertex 53.026 64.4291 2.8
    endloop
  endfacet
  facet normal 0.258826 -0.965924 0
    outer loop
      vertex 54.4572 64.8126 2.8
      vertex 53.026 64.4291 2.6
      vertex 54.4572 64.8126 2.6
    endloop
  endfacet
  facet normal -0.573576 -0.819152 0
    outer loop
      vertex 46.0905 66.2857 2.6
      vertex 47.3 65.4388 2.8
      vertex 46.0905 66.2857 2.8
    endloop
  endfacet
  facet normal -0.573576 -0.819152 -0
    outer loop
      vertex 47.3 65.4388 2.8
      vertex 46.0905 66.2857 2.6
      vertex 47.3 65.4388 2.6
    endloop
  endfacet
  facet normal -0.422642 -0.906297 0
    outer loop
      vertex 47.3 65.4388 2.6
      vertex 48.6428 64.8126 2.8
      vertex 47.3 65.4388 2.8
    endloop
  endfacet
  facet normal -0.422642 -0.906297 -0
    outer loop
      vertex 48.6428 64.8126 2.8
      vertex 47.3 65.4388 2.6
      vertex 48.6428 64.8126 2.6
    endloop
  endfacet
  facet normal -0.258826 -0.965924 0
    outer loop
      vertex 48.6428 64.8126 2.6
      vertex 50.074 64.4291 2.8
      vertex 48.6428 64.8126 2.8
    endloop
  endfacet
  facet normal -0.258826 -0.965924 -0
    outer loop
      vertex 50.074 64.4291 2.8
      vertex 48.6428 64.8126 2.6
      vertex 50.074 64.4291 2.6
    endloop
  endfacet
  facet normal 0.996197 0.0871335 0
    outer loop
      vertex 77.55 72.8 2.8
      vertex 77.4209 74.276 2.6
      vertex 77.4209 74.276 2.8
    endloop
  endfacet
  facet normal 0.996197 0.0871335 0
    outer loop
      vertex 77.4209 74.276 2.6
      vertex 77.55 72.8 2.8
      vertex 77.55 72.8 2.6
    endloop
  endfacet
  facet normal 0 0 -1
    outer loop
      vertex 73.3 65.4388 2.6
      vertex 74.55 66.8 2.6
      vertex 74.5095 66.2857 2.6
    endloop
  endfacet
  facet normal -0 0 -1
    outer loop
      vertex 74.55 66.8 2.6
      vertex 73.3 65.4388 2.6
      vertex 74.4823 67.6604 2.6
    endloop
  endfacet
  facet normal -0 0 -1
    outer loop
      vertex 74.4823 67.6604 2.6
      vertex 73.3 65.4388 2.6
      vertex 74.2808 68.4996 2.6
    endloop
  endfacet
  facet normal 0 0 -1
    outer loop
      vertex 71.9572 64.8126 2.6
      vertex 74.2808 68.4996 2.6
      vertex 73.3 65.4388 2.6
    endloop
  endfacet
  facet normal -0 0 -1
    outer loop
      vertex 74.2808 68.4996 2.6
      vertex 71.9572 64.8126 2.6
      vertex 73.9505 69.297 2.6
    endloop
  endfacet
  facet normal -0 0 -1
    outer loop
      vertex 73.9505 69.297 2.6
      vertex 71.9572 64.8126 2.6
      vertex 73.4996 70.0328 2.6
    endloop
  endfacet
  facet normal -0 0 -1
    outer loop
      vertex 73.4996 70.0328 2.6
      vertex 71.9572 64.8126 2.6
      vertex 72.9391 70.6891 2.6
    endloop
  endfacet
  facet normal 0 0 -1
    outer loop
      vertex 70.526 64.4291 2.6
      vertex 72.9391 70.6891 2.6
      vertex 71.9572 64.8126 2.6
    endloop
  endfacet
  facet normal -0 0 -1
    outer loop
      vertex 72.9391 70.6891 2.6
      vertex 70.526 64.4291 2.6
      vertex 72.2828 71.2496 2.6
    endloop
  endfacet
  facet normal -0 0 -1
    outer loop
      vertex 72.2828 71.2496 2.6
      vertex 70.526 64.4291 2.6
      vertex 71.547 71.7005 2.6
    endloop
  endfacet
  facet normal 0 0 -1
    outer loop
      vertex 69.05 64.3 2.6
      vertex 71.05 71.9064 2.6
      vertex 70.526 64.4291 2.6
    endloop
  endfacet
  facet normal -0 0 -1
    outer loop
      vertex 71.547 71.7005 2.6
      vertex 70.526 64.4291 2.6
      vertex 71.05 71.9064 2.6
    endloop
  endfacet
  facet normal 0 0 -1
    outer loop
      vertex 74.05 71.8 2.6
      vertex 72.55 71.8 2.6
      vertex 74.05 72.8 2.6
    endloop
  endfacet
  facet normal 0 0 -1
    outer loop
      vertex 75.55 72.8 2.6
      vertex 77.05 72.8 2.6
      vertex 77.05 71.8 2.6
    endloop
  endfacet
  facet normal 0 0 -1
    outer loop
      vertex 77.05 72.8 2.6
      vertex 75.55 72.8 2.6
      vertex 77.0374 75.7072 2.6
    endloop
  endfacet
  facet normal 0 0 -1
    outer loop
      vertex 74.05 72.8 2.6
      vertex 77.0374 75.7072 2.6
      vertex 75.55 72.8 2.6
    endloop
  endfacet
  facet normal 0 0 -1
    outer loop
      vertex 75.55 72.8 2.6
      vertex 77.05 71.8 2.6
      vertex 75.55 71.8 2.6
    endloop
  endfacet
  facet normal -0 0 -1
    outer loop
      vertex 77.0374 75.7072 2.6
      vertex 74.05 72.8 2.6
      vertex 76.4112 77.05 2.6
    endloop
  endfacet
  facet normal -0 0 -1
    outer loop
      vertex 76.4112 77.05 2.6
      vertex 74.05 72.8 2.6
      vertex 76.0261 77.6 2.6
    endloop
  endfacet
  facet normal 0 0 -1
    outer loop
      vertex 72.55 72.8 2.6
      vertex 74.05 72.8 2.6
      vertex 72.55 71.8 2.6
    endloop
  endfacet
  facet normal 0 0 -1
    outer loop
      vertex 74.05 72.8 2.6
      vertex 72.55 72.8 2.6
      vertex 76.0261 77.6 2.6
    endloop
  endfacet
  facet normal 0 0 -1
    outer loop
      vertex 71.05 72.8 2.6
      vertex 76.0261 77.6 2.6
      vertex 72.55 72.8 2.6
    endloop
  endfacet
  facet normal -0 0 -1
    outer loop
      vertex 71.05 71.9064 2.6
      vertex 69.05 64.3 2.6
      vertex 67.55 72.0787 2.6
    endloop
  endfacet
  facet normal 0 0 -1
    outer loop
      vertex 67.55 72.0787 2.6
      vertex 69.05 64.3 2.6
      vertex 67.574 64.4291 2.6
    endloop
  endfacet
  facet normal 0 0 -1
    outer loop
      vertex 71.05 71.9064 2.6
      vertex 67.55 72.0787 2.6
      vertex 71.05 72.8 2.6
    endloop
  endfacet
  facet normal 0 0 -1
    outer loop
      vertex 67.55 74.2958 2.6
      vertex 71.05 72.8 2.6
      vertex 67.55 72.0787 2.6
    endloop
  endfacet
  facet normal 0 0 -1
    outer loop
      vertex 71.05 72.8 2.6
      vertex 67.55 74.2958 2.6
      vertex 76.0261 77.6 2.6
    endloop
  endfacet
  facet normal 0 0 -1
    outer loop
      vertex 64.4682 77.6 2.6
      vertex 67.55 74.2958 2.6
      vertex 66.8935 74.5677 2.6
    endloop
  endfacet
  facet normal 0 0 -1
    outer loop
      vertex 64.4682 77.6 2.6
      vertex 66.8935 74.5677 2.6
      vertex 66.258 74.9572 2.6
    endloop
  endfacet
  facet normal 0 0 -1
    outer loop
      vertex 64.4682 77.6 2.6
      vertex 66.258 74.9572 2.6
      vertex 65.6912 75.4412 2.6
    endloop
  endfacet
  facet normal 0 0 -1
    outer loop
      vertex 64.4682 77.6 2.6
      vertex 65.6912 75.4412 2.6
      vertex 65.2072 76.008 2.6
    endloop
  endfacet
  facet normal 0 0 -1
    outer loop
      vertex 64.4682 77.6 2.6
      vertex 65.2072 76.008 2.6
      vertex 64.8177 76.6435 2.6
    endloop
  endfacet
  facet normal 0 0 -1
    outer loop
      vertex 64.4682 77.6 2.6
      vertex 64.8177 76.6435 2.6
      vertex 64.5325 77.3322 2.6
    endloop
  endfacet
  facet normal 0 0 -1
    outer loop
      vertex 67.55 74.2958 2.6
      vertex 64.4682 77.6 2.6
      vertex 76.0261 77.6 2.6
    endloop
  endfacet
  facet normal 0 0 -1
    outer loop
      vertex 77.05 72.8 2.6
      vertex 77.4209 74.276 2.6
      vertex 77.55 72.8 2.6
    endloop
  endfacet
  facet normal -0 0 -1
    outer loop
      vertex 77.4209 74.276 2.6
      vertex 77.05 72.8 2.6
      vertex 77.0374 75.7072 2.6
    endloop
  endfacet
  facet normal 0 0 -1
    outer loop
      vertex 66.5531 71.7005 2.6
      vertex 67.55 72.0787 2.6
      vertex 67.574 64.4291 2.6
    endloop
  endfacet
  facet normal 0 0 -1
    outer loop
      vertex 67.55 72.0787 2.6
      vertex 66.5531 71.7005 2.6
      vertex 67.3504 72.0308 2.6
    endloop
  endfacet
  facet normal 0 0 -1
    outer loop
      vertex 65.1609 70.6891 2.6
      vertex 67.574 64.4291 2.6
      vertex 66.1428 64.8126 2.6
    endloop
  endfacet
  facet normal 0 0 -1
    outer loop
      vertex 67.574 64.4291 2.6
      vertex 65.8172 71.2496 2.6
      vertex 66.5531 71.7005 2.6
    endloop
  endfacet
  facet normal 0 0 -1
    outer loop
      vertex 67.574 64.4291 2.6
      vertex 65.1609 70.6891 2.6
      vertex 65.8172 71.2496 2.6
    endloop
  endfacet
  facet normal 0 0 -1
    outer loop
      vertex 63.8192 68.4996 2.6
      vertex 66.1428 64.8126 2.6
      vertex 64.8 65.4388 2.6
    endloop
  endfacet
  facet normal 0 0 -1
    outer loop
      vertex 66.1428 64.8126 2.6
      vertex 64.6004 70.0328 2.6
      vertex 65.1609 70.6891 2.6
    endloop
  endfacet
  facet normal 0 0 -1
    outer loop
      vertex 66.1428 64.8126 2.6
      vertex 64.1495 69.297 2.6
      vertex 64.6004 70.0328 2.6
    endloop
  endfacet
  facet normal 0 0 -1
    outer loop
      vertex 66.1428 64.8126 2.6
      vertex 63.8192 68.4996 2.6
      vertex 64.1495 69.297 2.6
    endloop
  endfacet
  facet normal 0 0 -1
    outer loop
      vertex 64.8 65.4388 2.6
      vertex 63.6177 67.6604 2.6
      vertex 63.8192 68.4996 2.6
    endloop
  endfacet
  facet normal 0 0 -1
    outer loop
      vertex 63.55 66.8 2.6
      vertex 64.8 65.4388 2.6
      vertex 63.5905 66.2857 2.6
    endloop
  endfacet
  facet normal 0 0 -1
    outer loop
      vertex 64.8 65.4388 2.6
      vertex 63.55 66.8 2.6
      vertex 63.6177 67.6604 2.6
    endloop
  endfacet
  facet normal 0.906297 0.422642 0
    outer loop
      vertex 77.0374 75.7072 2.88
      vertex 76.4112 77.05 2.6
      vertex 76.4112 77.05 2.88
    endloop
  endfacet
  facet normal 0.906297 0.422642 0
    outer loop
      vertex 76.4112 77.05 2.6
      vertex 77.0374 75.7072 2.88
      vertex 77.0374 75.7072 2.6
    endloop
  endfacet
  facet normal 0.965921 0.258835 -0
    outer loop
      vertex 77.2805 74.8 2.8
      vertex 77.0374 75.7072 2.88
      vertex 77.2805 74.8 2.88
    endloop
  endfacet
  facet normal 0.965921 0.258835 0
    outer loop
      vertex 77.0374 75.7072 2.88
      vertex 77.2805 74.8 2.8
      vertex 77.0374 75.7072 2.6
    endloop
  endfacet
  facet normal 0.965928 0.25881 -0
    outer loop
      vertex 77.4209 74.276 2.6
      vertex 77.2805 74.8 2.8
      vertex 77.4209 74.276 2.8
    endloop
  endfacet
  facet normal 0.965924 0.258826 -4.56236e-05
    outer loop
      vertex 77.2805 74.8 2.8
      vertex 77.4209 74.276 2.6
      vertex 77.0374 75.7072 2.6
    endloop
  endfacet
  facet normal 0.819162 0.573562 0
    outer loop
      vertex 76.4112 77.05 2.88
      vertex 76.0261 77.6 2.6
      vertex 76.0261 77.6 2.88
    endloop
  endfacet
  facet normal 0.819162 0.573562 0
    outer loop
      vertex 76.0261 77.6 2.6
      vertex 76.4112 77.05 2.88
      vertex 76.4112 77.05 2.6
    endloop
  endfacet
  facet normal 0.0871335 -0.996197 0
    outer loop
      vertex 69.05 64.3 2.6
      vertex 70.526 64.4291 2.8
      vertex 69.05 64.3 2.8
    endloop
  endfacet
  facet normal 0.0871335 -0.996197 0
    outer loop
      vertex 70.526 64.4291 2.8
      vertex 69.05 64.3 2.6
      vertex 70.526 64.4291 2.6
    endloop
  endfacet
  facet normal 0.573576 -0.819152 0
    outer loop
      vertex 73.3 65.4388 2.6
      vertex 74.5095 66.2857 2.8
      vertex 73.3 65.4388 2.8
    endloop
  endfacet
  facet normal 0.573576 -0.819152 0
    outer loop
      vertex 74.5095 66.2857 2.8
      vertex 73.3 65.4388 2.6
      vertex 74.5095 66.2857 2.6
    endloop
  endfacet
  facet normal 0.258826 -0.965924 0
    outer loop
      vertex 70.526 64.4291 2.6
      vertex 71.9572 64.8126 2.8
      vertex 70.526 64.4291 2.8
    endloop
  endfacet
  facet normal 0.258826 -0.965924 0
    outer loop
      vertex 71.9572 64.8126 2.8
      vertex 70.526 64.4291 2.6
      vertex 71.9572 64.8126 2.6
    endloop
  endfacet
  facet normal -0.573576 -0.819152 0
    outer loop
      vertex 63.5905 66.2857 2.6
      vertex 64.8 65.4388 2.8
      vertex 63.5905 66.2857 2.8
    endloop
  endfacet
  facet normal -0.573576 -0.819152 -0
    outer loop
      vertex 64.8 65.4388 2.8
      vertex 63.5905 66.2857 2.6
      vertex 64.8 65.4388 2.6
    endloop
  endfacet
  facet normal -0.422642 -0.906297 0
    outer loop
      vertex 64.8 65.4388 2.6
      vertex 66.1428 64.8126 2.8
      vertex 64.8 65.4388 2.8
    endloop
  endfacet
  facet normal -0.422642 -0.906297 -0
    outer loop
      vertex 66.1428 64.8126 2.8
      vertex 64.8 65.4388 2.6
      vertex 66.1428 64.8126 2.6
    endloop
  endfacet
  facet normal -0.0871335 -0.996197 0
    outer loop
      vertex 67.574 64.4291 2.6
      vertex 69.05 64.3 2.8
      vertex 67.574 64.4291 2.8
    endloop
  endfacet
  facet normal -0.0871335 -0.996197 -0
    outer loop
      vertex 69.05 64.3 2.8
      vertex 67.574 64.4291 2.6
      vertex 69.05 64.3 2.6
    endloop
  endfacet
  facet normal 0.422642 -0.906297 0
    outer loop
      vertex 71.9572 64.8126 2.6
      vertex 73.3 65.4388 2.8
      vertex 71.9572 64.8126 2.8
    endloop
  endfacet
  facet normal 0.422642 -0.906297 0
    outer loop
      vertex 73.3 65.4388 2.8
      vertex 71.9572 64.8126 2.6
      vertex 73.3 65.4388 2.6
    endloop
  endfacet
  facet normal -0.258826 -0.965924 0
    outer loop
      vertex 66.1428 64.8126 2.6
      vertex 67.574 64.4291 2.8
      vertex 66.1428 64.8126 2.8
    endloop
  endfacet
  facet normal -0.258826 -0.965924 -0
    outer loop
      vertex 67.574 64.4291 2.8
      vertex 66.1428 64.8126 2.6
      vertex 67.574 64.4291 2.6
    endloop
  endfacet
  facet normal -0.996197 0.0871335 0
    outer loop
      vertex 78.05 72.8 2.6
      vertex 78.1791 74.276 2.8
      vertex 78.1791 74.276 2.6
    endloop
  endfacet
  facet normal -0.996197 0.0871335 0
    outer loop
      vertex 78.1791 74.276 2.8
      vertex 78.05 72.8 2.6
      vertex 78.05 72.8 2.8
    endloop
  endfacet
  facet normal -0.819162 0.573562 0
    outer loop
      vertex 79.1888 77.05 2.6
      vertex 79.5739 77.6 2.88
      vertex 79.5739 77.6 2.6
    endloop
  endfacet
  facet normal -0.819162 0.573562 0
    outer loop
      vertex 79.5739 77.6 2.88
      vertex 79.1888 77.05 2.6
      vertex 79.1888 77.05 2.88
    endloop
  endfacet
  facet normal -0.965921 0.258835 0
    outer loop
      vertex 78.5626 75.7072 2.6
      vertex 78.3195 74.8 2.8
      vertex 78.5626 75.7072 2.88
    endloop
  endfacet
  facet normal -0.965924 0.258826 -4.56236e-05
    outer loop
      vertex 78.1791 74.276 2.6
      vertex 78.3195 74.8 2.8
      vertex 78.5626 75.7072 2.6
    endloop
  endfacet
  facet normal -0.965928 0.25881 0
    outer loop
      vertex 78.3195 74.8 2.8
      vertex 78.1791 74.276 2.6
      vertex 78.1791 74.276 2.8
    endloop
  endfacet
  facet normal -0.965921 0.258835 0
    outer loop
      vertex 78.5626 75.7072 2.88
      vertex 78.3195 74.8 2.8
      vertex 78.3195 74.8 2.88
    endloop
  endfacet
  facet normal 0.258826 -0.965924 0
    outer loop
      vertex 88.026 64.4291 2.6
      vertex 89.4572 64.8126 2.8
      vertex 88.026 64.4291 2.8
    endloop
  endfacet
  facet normal 0.258826 -0.965924 0
    outer loop
      vertex 89.4572 64.8126 2.8
      vertex 88.026 64.4291 2.6
      vertex 89.4572 64.8126 2.6
    endloop
  endfacet
  facet normal 0.0871335 -0.996197 0
    outer loop
      vertex 86.55 64.3 2.6
      vertex 88.026 64.4291 2.8
      vertex 86.55 64.3 2.8
    endloop
  endfacet
  facet normal 0.0871335 -0.996197 0
    outer loop
      vertex 88.026 64.4291 2.8
      vertex 86.55 64.3 2.6
      vertex 88.026 64.4291 2.6
    endloop
  endfacet
  facet normal 0.573576 -0.819152 0
    outer loop
      vertex 90.8 65.4388 2.6
      vertex 92.0095 66.2857 2.8
      vertex 90.8 65.4388 2.8
    endloop
  endfacet
  facet normal 0.573576 -0.819152 0
    outer loop
      vertex 92.0095 66.2857 2.8
      vertex 90.8 65.4388 2.6
      vertex 92.0095 66.2857 2.6
    endloop
  endfacet
  facet normal -0.422642 -0.906297 0
    outer loop
      vertex 82.3 65.4388 2.6
      vertex 83.6428 64.8126 2.8
      vertex 82.3 65.4388 2.8
    endloop
  endfacet
  facet normal -0.422642 -0.906297 -0
    outer loop
      vertex 83.6428 64.8126 2.8
      vertex 82.3 65.4388 2.6
      vertex 83.6428 64.8126 2.6
    endloop
  endfacet
  facet normal -0.573576 -0.819152 0
    outer loop
      vertex 81.0905 66.2857 2.6
      vertex 82.3 65.4388 2.8
      vertex 81.0905 66.2857 2.8
    endloop
  endfacet
  facet normal -0.573576 -0.819152 -0
    outer loop
      vertex 82.3 65.4388 2.8
      vertex 81.0905 66.2857 2.6
      vertex 82.3 65.4388 2.6
    endloop
  endfacet
  facet normal 0 0 -1
    outer loop
      vertex 90.8 65.4388 2.6
      vertex 92.05 66.8 2.6
      vertex 92.0095 66.2857 2.6
    endloop
  endfacet
  facet normal -0 0 -1
    outer loop
      vertex 92.05 66.8 2.6
      vertex 90.8 65.4388 2.6
      vertex 91.9823 67.6604 2.6
    endloop
  endfacet
  facet normal -0 0 -1
    outer loop
      vertex 91.9823 67.6604 2.6
      vertex 90.8 65.4388 2.6
      vertex 91.7808 68.4996 2.6
    endloop
  endfacet
  facet normal 0 0 -1
    outer loop
      vertex 89.4572 64.8126 2.6
      vertex 91.7808 68.4996 2.6
      vertex 90.8 65.4388 2.6
    endloop
  endfacet
  facet normal -0 0 -1
    outer loop
      vertex 91.7808 68.4996 2.6
      vertex 89.4572 64.8126 2.6
      vertex 91.4505 69.297 2.6
    endloop
  endfacet
  facet normal -0 0 -1
    outer loop
      vertex 91.4505 69.297 2.6
      vertex 89.4572 64.8126 2.6
      vertex 90.9996 70.0328 2.6
    endloop
  endfacet
  facet normal -0 0 -1
    outer loop
      vertex 90.9996 70.0328 2.6
      vertex 89.4572 64.8126 2.6
      vertex 90.4391 70.6891 2.6
    endloop
  endfacet
  facet normal 0 0 -1
    outer loop
      vertex 88.026 64.4291 2.6
      vertex 90.4391 70.6891 2.6
      vertex 89.4572 64.8126 2.6
    endloop
  endfacet
  facet normal -0 0 -1
    outer loop
      vertex 90.4391 70.6891 2.6
      vertex 88.026 64.4291 2.6
      vertex 89.7828 71.2496 2.6
    endloop
  endfacet
  facet normal -0 0 -1
    outer loop
      vertex 89.7828 71.2496 2.6
      vertex 88.026 64.4291 2.6
      vertex 89.047 71.7005 2.6
    endloop
  endfacet
  facet normal 0 -0 -1
    outer loop
      vertex 88.05 72.0787 2.6
      vertex 89.047 71.7005 2.6
      vertex 88.026 64.4291 2.6
    endloop
  endfacet
  facet normal 0 0 -1
    outer loop
      vertex 86.55 64.3 2.6
      vertex 88.05 72.0787 2.6
      vertex 88.026 64.4291 2.6
    endloop
  endfacet
  facet normal 0 0 -1
    outer loop
      vertex 89.047 71.7005 2.6
      vertex 88.05 72.0787 2.6
      vertex 88.2496 72.0308 2.6
    endloop
  endfacet
  facet normal 0 0 -1
    outer loop
      vertex 91.8 72.8 2.6
      vertex 90.2152 75.8 2.6
      vertex 91.8 75.8 2.6
    endloop
  endfacet
  facet normal 0 -0 -1
    outer loop
      vertex 90.2152 75.8 2.6
      vertex 91.8 72.8 2.6
      vertex 88.05 72.8 2.6
    endloop
  endfacet
  facet normal 0 0 -1
    outer loop
      vertex 90.7823 76.6435 2.6
      vertex 91.1318 77.6 2.6
      vertex 91.0675 77.3322 2.6
    endloop
  endfacet
  facet normal 0 0 -1
    outer loop
      vertex 90.2152 75.8 2.6
      vertex 90.7823 76.6435 2.6
      vertex 90.3928 76.008 2.6
    endloop
  endfacet
  facet normal -0 0 -1
    outer loop
      vertex 90.7823 76.6435 2.6
      vertex 90.2152 75.8 2.6
      vertex 91.1318 77.6 2.6
    endloop
  endfacet
  facet normal 0 0 -1
    outer loop
      vertex 84.55 72.8 2.6
      vertex 90.2152 75.8 2.6
      vertex 88.05 72.8 2.6
    endloop
  endfacet
  facet normal 0 0 -1
    outer loop
      vertex 88.05 72.0787 2.6
      vertex 86.55 64.3 2.6
      vertex 84.55 71.9064 2.6
    endloop
  endfacet
  facet normal 0 0 -1
    outer loop
      vertex 84.55 71.9064 2.6
      vertex 86.55 64.3 2.6
      vertex 85.074 64.4291 2.6
    endloop
  endfacet
  facet normal 0 0 -1
    outer loop
      vertex 84.55 72.8 2.6
      vertex 88.05 72.0787 2.6
      vertex 84.55 71.9064 2.6
    endloop
  endfacet
  facet normal 0 0 -1
    outer loop
      vertex 88.05 72.0787 2.6
      vertex 84.55 72.8 2.6
      vertex 88.05 72.8 2.6
    endloop
  endfacet
  facet normal 0 0 -1
    outer loop
      vertex 79.5739 77.6 2.6
      vertex 90.2152 75.8 2.6
      vertex 84.55 72.8 2.6
    endloop
  endfacet
  facet normal 0 0 -1
    outer loop
      vertex 79.5739 77.6 2.6
      vertex 84.55 72.8 2.6
      vertex 83.05 72.8 2.6
    endloop
  endfacet
  facet normal 0 0 -1
    outer loop
      vertex 81.55 72.8 2.6
      vertex 83.05 72.8 2.6
      vertex 81.55 71.8 2.6
    endloop
  endfacet
  facet normal 0 0 -1
    outer loop
      vertex 79.5739 77.6 2.6
      vertex 83.05 72.8 2.6
      vertex 81.55 72.8 2.6
    endloop
  endfacet
  facet normal 0 0 -1
    outer loop
      vertex 78.5626 75.7072 2.6
      vertex 81.55 72.8 2.6
      vertex 80.05 72.8 2.6
    endloop
  endfacet
  facet normal 0 0 -1
    outer loop
      vertex 90.2152 75.8 2.6
      vertex 79.5739 77.6 2.6
      vertex 91.1318 77.6 2.6
    endloop
  endfacet
  facet normal 0 0 -1
    outer loop
      vertex 83.05 71.8 2.6
      vertex 81.55 71.8 2.6
      vertex 83.05 72.8 2.6
    endloop
  endfacet
  facet normal 0 0 -1
    outer loop
      vertex 85.074 64.4291 2.6
      vertex 84.0531 71.7005 2.6
      vertex 84.55 71.9064 2.6
    endloop
  endfacet
  facet normal 0 0 -1
    outer loop
      vertex 82.6609 70.6891 2.6
      vertex 85.074 64.4291 2.6
      vertex 83.6428 64.8126 2.6
    endloop
  endfacet
  facet normal 0 0 -1
    outer loop
      vertex 85.074 64.4291 2.6
      vertex 83.3172 71.2496 2.6
      vertex 84.0531 71.7005 2.6
    endloop
  endfacet
  facet normal 0 0 -1
    outer loop
      vertex 85.074 64.4291 2.6
      vertex 82.6609 70.6891 2.6
      vertex 83.3172 71.2496 2.6
    endloop
  endfacet
  facet normal 0 0 -1
    outer loop
      vertex 81.3192 68.4996 2.6
      vertex 83.6428 64.8126 2.6
      vertex 82.3 65.4388 2.6
    endloop
  endfacet
  facet normal 0 0 -1
    outer loop
      vertex 83.6428 64.8126 2.6
      vertex 82.1004 70.0328 2.6
      vertex 82.6609 70.6891 2.6
    endloop
  endfacet
  facet normal 0 0 -1
    outer loop
      vertex 83.6428 64.8126 2.6
      vertex 81.6495 69.297 2.6
      vertex 82.1004 70.0328 2.6
    endloop
  endfacet
  facet normal 0 0 -1
    outer loop
      vertex 83.6428 64.8126 2.6
      vertex 81.3192 68.4996 2.6
      vertex 81.6495 69.297 2.6
    endloop
  endfacet
  facet normal 0 0 -1
    outer loop
      vertex 82.3 65.4388 2.6
      vertex 81.1177 67.6604 2.6
      vertex 81.3192 68.4996 2.6
    endloop
  endfacet
  facet normal 0 0 -1
    outer loop
      vertex 81.05 66.8 2.6
      vertex 82.3 65.4388 2.6
      vertex 81.0905 66.2857 2.6
    endloop
  endfacet
  facet normal 0 0 -1
    outer loop
      vertex 82.3 65.4388 2.6
      vertex 81.05 66.8 2.6
      vertex 81.1177 67.6604 2.6
    endloop
  endfacet
  facet normal 0 0 -1
    outer loop
      vertex 78.55 72.8 2.6
      vertex 80.05 72.8 2.6
      vertex 80.05 71.8 2.6
    endloop
  endfacet
  facet normal 0 0 -1
    outer loop
      vertex 81.55 72.8 2.6
      vertex 79.1888 77.05 2.6
      vertex 79.5739 77.6 2.6
    endloop
  endfacet
  facet normal 0 0 -1
    outer loop
      vertex 81.55 72.8 2.6
      vertex 78.5626 75.7072 2.6
      vertex 79.1888 77.05 2.6
    endloop
  endfacet
  facet normal 0 0 -1
    outer loop
      vertex 78.55 72.8 2.6
      vertex 80.05 71.8 2.6
      vertex 78.55 71.8 2.6
    endloop
  endfacet
  facet normal 0 0 -1
    outer loop
      vertex 80.05 72.8 2.6
      vertex 78.55 72.8 2.6
      vertex 78.1791 74.276 2.6
    endloop
  endfacet
  facet normal 0 0 -1
    outer loop
      vertex 80.05 72.8 2.6
      vertex 78.1791 74.276 2.6
      vertex 78.5626 75.7072 2.6
    endloop
  endfacet
  facet normal 0 -0 -1
    outer loop
      vertex 78.1791 74.276 2.6
      vertex 78.55 72.8 2.6
      vertex 78.05 72.8 2.6
    endloop
  endfacet
  facet normal -0.0871335 -0.996197 0
    outer loop
      vertex 85.074 64.4291 2.6
      vertex 86.55 64.3 2.8
      vertex 85.074 64.4291 2.8
    endloop
  endfacet
  facet normal -0.0871335 -0.996197 -0
    outer loop
      vertex 86.55 64.3 2.8
      vertex 85.074 64.4291 2.6
      vertex 86.55 64.3 2.6
    endloop
  endfacet
  facet normal -0.906297 0.422642 0
    outer loop
      vertex 78.5626 75.7072 2.6
      vertex 79.1888 77.05 2.88
      vertex 79.1888 77.05 2.6
    endloop
  endfacet
  facet normal -0.906297 0.422642 0
    outer loop
      vertex 79.1888 77.05 2.88
      vertex 78.5626 75.7072 2.6
      vertex 78.5626 75.7072 2.88
    endloop
  endfacet
  facet normal 0.422642 -0.906297 0
    outer loop
      vertex 89.4572 64.8126 2.6
      vertex 90.8 65.4388 2.8
      vertex 89.4572 64.8126 2.8
    endloop
  endfacet
  facet normal 0.422642 -0.906297 0
    outer loop
      vertex 90.8 65.4388 2.8
      vertex 89.4572 64.8126 2.6
      vertex 90.8 65.4388 2.6
    endloop
  endfacet
  facet normal -0.258826 -0.965924 0
    outer loop
      vertex 83.6428 64.8126 2.6
      vertex 85.074 64.4291 2.8
      vertex 83.6428 64.8126 2.8
    endloop
  endfacet
  facet normal -0.258826 -0.965924 -0
    outer loop
      vertex 85.074 64.4291 2.8
      vertex 83.6428 64.8126 2.6
      vertex 85.074 64.4291 2.6
    endloop
  endfacet
  facet normal 0.25886 -0.965915 0
    outer loop
      vertex 105.526 64.4291 2.6
      vertex 106.957 64.8126 2.8
      vertex 105.526 64.4291 2.8
    endloop
  endfacet
  facet normal 0.25886 -0.965915 0
    outer loop
      vertex 106.957 64.8126 2.8
      vertex 105.526 64.4291 2.6
      vertex 106.957 64.8126 2.6
    endloop
  endfacet
  facet normal 0.0871335 -0.996197 0
    outer loop
      vertex 104.05 64.3 2.6
      vertex 105.526 64.4291 2.8
      vertex 104.05 64.3 2.8
    endloop
  endfacet
  facet normal 0.0871335 -0.996197 0
    outer loop
      vertex 105.526 64.4291 2.8
      vertex 104.05 64.3 2.6
      vertex 105.526 64.4291 2.6
    endloop
  endfacet
  facet normal 0.573417 -0.819264 0
    outer loop
      vertex 108.3 65.4388 2.6
      vertex 109.51 66.2857 2.8
      vertex 108.3 65.4388 2.8
    endloop
  endfacet
  facet normal 0.573417 -0.819264 0
    outer loop
      vertex 109.51 66.2857 2.8
      vertex 108.3 65.4388 2.6
      vertex 109.51 66.2857 2.6
    endloop
  endfacet
  facet normal -0.42259 -0.906321 0
    outer loop
      vertex 99.8 65.4388 2.6
      vertex 101.143 64.8126 2.8
      vertex 99.8 65.4388 2.8
    endloop
  endfacet
  facet normal -0.42259 -0.906321 -0
    outer loop
      vertex 101.143 64.8126 2.8
      vertex 99.8 65.4388 2.6
      vertex 101.143 64.8126 2.6
    endloop
  endfacet
  facet normal -0.573576 -0.819152 0
    outer loop
      vertex 98.5905 66.2857 2.6
      vertex 99.8 65.4388 2.8
      vertex 98.5905 66.2857 2.8
    endloop
  endfacet
  facet normal -0.573576 -0.819152 -0
    outer loop
      vertex 99.8 65.4388 2.8
      vertex 98.5905 66.2857 2.6
      vertex 99.8 65.4388 2.6
    endloop
  endfacet
  facet normal 0 0 -1
    outer loop
      vertex 108.3 65.4388 2.6
      vertex 109.55 66.8 2.6
      vertex 109.51 66.2857 2.6
    endloop
  endfacet
  facet normal -0 0 -1
    outer loop
      vertex 109.55 66.8 2.6
      vertex 108.3 65.4388 2.6
      vertex 109.482 67.6604 2.6
    endloop
  endfacet
  facet normal -0 0 -1
    outer loop
      vertex 109.482 67.6604 2.6
      vertex 108.3 65.4388 2.6
      vertex 109.281 68.4996 2.6
    endloop
  endfacet
  facet normal 0 0 -1
    outer loop
      vertex 106.957 64.8126 2.6
      vertex 109.281 68.4996 2.6
      vertex 108.3 65.4388 2.6
    endloop
  endfacet
  facet normal -0 0 -1
    outer loop
      vertex 109.281 68.4996 2.6
      vertex 106.957 64.8126 2.6
      vertex 108.951 69.297 2.6
    endloop
  endfacet
  facet normal -0 0 -1
    outer loop
      vertex 108.951 69.297 2.6
      vertex 106.957 64.8126 2.6
      vertex 108.5 70.0328 2.6
    endloop
  endfacet
  facet normal -0 0 -1
    outer loop
      vertex 108.5 70.0328 2.6
      vertex 106.957 64.8126 2.6
      vertex 107.939 70.6891 2.6
    endloop
  endfacet
  facet normal 0 0 -1
    outer loop
      vertex 105.526 64.4291 2.6
      vertex 107.939 70.6891 2.6
      vertex 106.957 64.8126 2.6
    endloop
  endfacet
  facet normal -0 0 -1
    outer loop
      vertex 107.939 70.6891 2.6
      vertex 105.526 64.4291 2.6
      vertex 107.283 71.2496 2.6
    endloop
  endfacet
  facet normal -0 0 -1
    outer loop
      vertex 107.283 71.2496 2.6
      vertex 105.526 64.4291 2.6
      vertex 106.547 71.7005 2.6
    endloop
  endfacet
  facet normal 0 -0 -1
    outer loop
      vertex 105.55 72.0787 2.6
      vertex 106.547 71.7005 2.6
      vertex 105.526 64.4291 2.6
    endloop
  endfacet
  facet normal 0 0 -1
    outer loop
      vertex 104.05 64.3 2.6
      vertex 105.55 72.0787 2.6
      vertex 105.526 64.4291 2.6
    endloop
  endfacet
  facet normal 0 0 -1
    outer loop
      vertex 106.547 71.7005 2.6
      vertex 105.55 72.0787 2.6
      vertex 105.75 72.0308 2.6
    endloop
  endfacet
  facet normal 0 0 -1
    outer loop
      vertex 108.282 76.6435 2.6
      vertex 108.632 77.6 2.6
      vertex 108.568 77.3322 2.6
    endloop
  endfacet
  facet normal 0 0 -1
    outer loop
      vertex 107.893 76.008 2.6
      vertex 108.632 77.6 2.6
      vertex 108.282 76.6435 2.6
    endloop
  endfacet
  facet normal 0 0 -1
    outer loop
      vertex 107.409 75.4412 2.6
      vertex 108.632 77.6 2.6
      vertex 107.893 76.008 2.6
    endloop
  endfacet
  facet normal 0 0 -1
    outer loop
      vertex 106.842 74.9572 2.6
      vertex 108.632 77.6 2.6
      vertex 107.409 75.4412 2.6
    endloop
  endfacet
  facet normal 0 0 -1
    outer loop
      vertex 106.206 74.5677 2.6
      vertex 108.632 77.6 2.6
      vertex 106.842 74.9572 2.6
    endloop
  endfacet
  facet normal 0 0 -1
    outer loop
      vertex 105.55 74.2958 2.6
      vertex 108.632 77.6 2.6
      vertex 106.206 74.5677 2.6
    endloop
  endfacet
  facet normal -0 0 -1
    outer loop
      vertex 105.55 72.0787 2.6
      vertex 104.05 64.3 2.6
      vertex 102.55 72.0787 2.6
    endloop
  endfacet
  facet normal 0 0 -1
    outer loop
      vertex 102.55 72.0787 2.6
      vertex 104.05 64.3 2.6
      vertex 102.574 64.4291 2.6
    endloop
  endfacet
  facet normal 0 0 -1
    outer loop
      vertex 105.55 72.0787 2.6
      vertex 102.55 72.0787 2.6
      vertex 105.55 74.2958 2.6
    endloop
  endfacet
  facet normal 0 0 -1
    outer loop
      vertex 102.55 74.2958 2.6
      vertex 105.55 74.2958 2.6
      vertex 102.55 72.0787 2.6
    endloop
  endfacet
  facet normal 0 0 -1
    outer loop
      vertex 105.55 74.2958 2.6
      vertex 102.55 74.2958 2.6
      vertex 108.632 77.6 2.6
    endloop
  endfacet
  facet normal 0 0 -1
    outer loop
      vertex 101.894 74.5677 2.6
      vertex 108.632 77.6 2.6
      vertex 102.55 74.2958 2.6
    endloop
  endfacet
  facet normal 0 0 -1
    outer loop
      vertex 101.258 74.9572 2.6
      vertex 108.632 77.6 2.6
      vertex 101.894 74.5677 2.6
    endloop
  endfacet
  facet normal 0 0 -1
    outer loop
      vertex 100.691 75.4412 2.6
      vertex 108.632 77.6 2.6
      vertex 101.258 74.9572 2.6
    endloop
  endfacet
  facet normal 0 0 -1
    outer loop
      vertex 100.207 76.008 2.6
      vertex 108.632 77.6 2.6
      vertex 100.691 75.4412 2.6
    endloop
  endfacet
  facet normal 0 0 -1
    outer loop
      vertex 99.4682 77.6 2.6
      vertex 100.207 76.008 2.6
      vertex 99.8177 76.6435 2.6
    endloop
  endfacet
  facet normal 0 0 -1
    outer loop
      vertex 99.4682 77.6 2.6
      vertex 99.8177 76.6435 2.6
      vertex 99.5325 77.3322 2.6
    endloop
  endfacet
  facet normal 0 0 -1
    outer loop
      vertex 100.207 76.008 2.6
      vertex 99.4682 77.6 2.6
      vertex 108.632 77.6 2.6
    endloop
  endfacet
  facet normal 0 0 -1
    outer loop
      vertex 101.553 71.7005 2.6
      vertex 102.55 72.0787 2.6
      vertex 102.574 64.4291 2.6
    endloop
  endfacet
  facet normal 0 0 -1
    outer loop
      vertex 102.55 72.0787 2.6
      vertex 101.553 71.7005 2.6
      vertex 102.35 72.0308 2.6
    endloop
  endfacet
  facet normal 0 0 -1
    outer loop
      vertex 100.161 70.6891 2.6
      vertex 102.574 64.4291 2.6
      vertex 101.143 64.8126 2.6
    endloop
  endfacet
  facet normal 0 0 -1
    outer loop
      vertex 102.574 64.4291 2.6
      vertex 100.817 71.2496 2.6
      vertex 101.553 71.7005 2.6
    endloop
  endfacet
  facet normal 0 0 -1
    outer loop
      vertex 102.574 64.4291 2.6
      vertex 100.161 70.6891 2.6
      vertex 100.817 71.2496 2.6
    endloop
  endfacet
  facet normal 0 0 -1
    outer loop
      vertex 98.8192 68.4996 2.6
      vertex 101.143 64.8126 2.6
      vertex 99.8 65.4388 2.6
    endloop
  endfacet
  facet normal 0 0 -1
    outer loop
      vertex 101.143 64.8126 2.6
      vertex 99.6004 70.0328 2.6
      vertex 100.161 70.6891 2.6
    endloop
  endfacet
  facet normal 0 0 -1
    outer loop
      vertex 101.143 64.8126 2.6
      vertex 99.1495 69.297 2.6
      vertex 99.6004 70.0328 2.6
    endloop
  endfacet
  facet normal 0 0 -1
    outer loop
      vertex 101.143 64.8126 2.6
      vertex 98.8192 68.4996 2.6
      vertex 99.1495 69.297 2.6
    endloop
  endfacet
  facet normal 0 0 -1
    outer loop
      vertex 99.8 65.4388 2.6
      vertex 98.6177 67.6604 2.6
      vertex 98.8192 68.4996 2.6
    endloop
  endfacet
  facet normal 0 0 -1
    outer loop
      vertex 98.55 66.8 2.6
      vertex 99.8 65.4388 2.6
      vertex 98.5905 66.2857 2.6
    endloop
  endfacet
  facet normal 0 0 -1
    outer loop
      vertex 99.8 65.4388 2.6
      vertex 98.55 66.8 2.6
      vertex 98.6177 67.6604 2.6
    endloop
  endfacet
  facet normal -0.0871335 -0.996197 0
    outer loop
      vertex 102.574 64.4291 2.6
      vertex 104.05 64.3 2.8
      vertex 102.574 64.4291 2.8
    endloop
  endfacet
  facet normal -0.0871335 -0.996197 -0
    outer loop
      vertex 104.05 64.3 2.8
      vertex 102.574 64.4291 2.6
      vertex 104.05 64.3 2.6
    endloop
  endfacet
  facet normal 0.42259 -0.906321 0
    outer loop
      vertex 106.957 64.8126 2.6
      vertex 108.3 65.4388 2.8
      vertex 106.957 64.8126 2.8
    endloop
  endfacet
  facet normal 0.42259 -0.906321 0
    outer loop
      vertex 108.3 65.4388 2.8
      vertex 106.957 64.8126 2.6
      vertex 108.3 65.4388 2.6
    endloop
  endfacet
  facet normal -0.25886 -0.965915 0
    outer loop
      vertex 101.143 64.8126 2.6
      vertex 102.574 64.4291 2.8
      vertex 101.143 64.8126 2.8
    endloop
  endfacet
  facet normal -0.25886 -0.965915 -0
    outer loop
      vertex 102.574 64.4291 2.8
      vertex 101.143 64.8126 2.6
      vertex 102.574 64.4291 2.6
    endloop
  endfacet
  facet normal 0.25886 -0.965915 0
    outer loop
      vertex 123.026 64.4291 2.6
      vertex 124.457 64.8126 2.8
      vertex 123.026 64.4291 2.8
    endloop
  endfacet
  facet normal 0.25886 -0.965915 0
    outer loop
      vertex 124.457 64.8126 2.8
      vertex 123.026 64.4291 2.6
      vertex 124.457 64.8126 2.6
    endloop
  endfacet
  facet normal 0.0871335 -0.996197 0
    outer loop
      vertex 121.55 64.3 2.6
      vertex 123.026 64.4291 2.8
      vertex 121.55 64.3 2.8
    endloop
  endfacet
  facet normal 0.0871335 -0.996197 0
    outer loop
      vertex 123.026 64.4291 2.8
      vertex 121.55 64.3 2.6
      vertex 123.026 64.4291 2.6
    endloop
  endfacet
  facet normal 0.5738 -0.818996 0
    outer loop
      vertex 125.8 65.4388 2.6
      vertex 126.289 65.7814 2.8
      vertex 125.8 65.4388 2.8
    endloop
  endfacet
  facet normal 0.5738 -0.818996 0
    outer loop
      vertex 126.289 65.7814 2.8
      vertex 125.8 65.4388 2.6
      vertex 126.289 65.7814 2.6
    endloop
  endfacet
  facet normal -0.42259 -0.906321 0
    outer loop
      vertex 117.3 65.4388 2.6
      vertex 118.643 64.8126 2.8
      vertex 117.3 65.4388 2.8
    endloop
  endfacet
  facet normal -0.42259 -0.906321 -0
    outer loop
      vertex 118.643 64.8126 2.8
      vertex 117.3 65.4388 2.6
      vertex 118.643 64.8126 2.6
    endloop
  endfacet
  facet normal -0.573417 -0.819264 0
    outer loop
      vertex 116.09 66.2857 2.6
      vertex 117.3 65.4388 2.8
      vertex 116.09 66.2857 2.8
    endloop
  endfacet
  facet normal -0.573417 -0.819264 -0
    outer loop
      vertex 117.3 65.4388 2.8
      vertex 116.09 66.2857 2.6
      vertex 117.3 65.4388 2.6
    endloop
  endfacet
  facet normal -0.0871335 -0.996197 0
    outer loop
      vertex 120.074 64.4291 2.6
      vertex 121.55 64.3 2.8
      vertex 120.074 64.4291 2.8
    endloop
  endfacet
  facet normal -0.0871335 -0.996197 -0
    outer loop
      vertex 121.55 64.3 2.8
      vertex 120.074 64.4291 2.6
      vertex 121.55 64.3 2.6
    endloop
  endfacet
  facet normal 0.42259 -0.906321 0
    outer loop
      vertex 124.457 64.8126 2.6
      vertex 125.8 65.4388 2.8
      vertex 124.457 64.8126 2.8
    endloop
  endfacet
  facet normal 0.42259 -0.906321 0
    outer loop
      vertex 125.8 65.4388 2.8
      vertex 124.457 64.8126 2.6
      vertex 125.8 65.4388 2.6
    endloop
  endfacet
  facet normal -0.25886 -0.965915 0
    outer loop
      vertex 118.643 64.8126 2.6
      vertex 120.074 64.4291 2.8
      vertex 118.643 64.8126 2.8
    endloop
  endfacet
  facet normal -0.25886 -0.965915 -0
    outer loop
      vertex 120.074 64.4291 2.8
      vertex 118.643 64.8126 2.6
      vertex 120.074 64.4291 2.6
    endloop
  endfacet
  facet normal 1 0 0
    outer loop
      vertex 93.65 30.8 0.835786
      vertex 93.65 31.7961 2.8
      vertex 93.65 30.8 2.8
    endloop
  endfacet
  facet normal 1 0 0
    outer loop
      vertex 93.65 31.7961 2.8
      vertex 93.65 30.8 0.835786
      vertex 93.65 31.7961 0.299999
    endloop
  endfacet
  facet normal 1 0 0
    outer loop
      vertex 93.65 10.8 0.299999
      vertex 93.65 30.8 0.835786
      vertex 93.65 10.8 0.835786
    endloop
  endfacet
  facet normal 1 0 0
    outer loop
      vertex 93.65 30.8 0.835786
      vertex 93.65 10.8 0.299999
      vertex 93.65 31.7961 0.299999
    endloop
  endfacet
  facet normal 0 1 -0
    outer loop
      vertex 95.95 10.8 2.46421
      vertex 95.6142 10.8 2.8
      vertex 95.95 10.8 2.8
    endloop
  endfacet
  facet normal 0 1 0
    outer loop
      vertex 95.95 10.8 2.46421
      vertex 93.65 10.8 0.835786
      vertex 95.6142 10.8 2.8
    endloop
  endfacet
  facet normal 0 1 -0
    outer loop
      vertex 93.7858 10.8 0.299999
      vertex 93.65 10.8 0.835786
      vertex 95.95 10.8 2.46421
    endloop
  endfacet
  facet normal 0 1 0
    outer loop
      vertex 93.65 10.8 0.835786
      vertex 93.7858 10.8 0.299999
      vertex 93.65 10.8 0.299999
    endloop
  endfacet
  facet normal 0 0 1
    outer loop
      vertex 33.65 41.8039 0.299999
      vertex 35.95 41.8039 0.299999
      vertex 35.95 45.8 0.299999
    endloop
  endfacet
  facet normal 0 0 1
    outer loop
      vertex 35.95 41.8039 0.299999
      vertex 33.65 41.8039 0.299999
      vertex 35.6056 31.7134 0.299999
    endloop
  endfacet
  facet normal 0 0 1
    outer loop
      vertex 35.6056 31.7134 0.299999
      vertex 33.65 41.8039 0.299999
      vertex 34.8 31.65 0.299999
    endloop
  endfacet
  facet normal 0 0 1
    outer loop
      vertex 33.65 41.8039 0.299999
      vertex 35.95 45.8 0.299999
      vertex 33.65 45.8 0.299999
    endloop
  endfacet
  facet normal 0 0 1
    outer loop
      vertex 34.8 31.65 0.299999
      vertex 33.65 41.8039 0.299999
      vertex 33.9944 31.7134 0.299999
    endloop
  endfacet
  facet normal 0 0 1
    outer loop
      vertex 32.4619 41.3887 0.299999
      vertex 33.65 41.8039 0.299999
      vertex 33.2086 41.6979 0.299999
    endloop
  endfacet
  facet normal 0 0 1
    outer loop
      vertex 33.65 41.8039 0.299999
      vertex 33.2086 31.9021 0.299999
      vertex 33.9944 31.7134 0.299999
    endloop
  endfacet
  facet normal 0 0 1
    outer loop
      vertex 31.7729 40.9664 0.299999
      vertex 33.65 41.8039 0.299999
      vertex 32.4619 41.3887 0.299999
    endloop
  endfacet
  facet normal 0 0 1
    outer loop
      vertex 33.65 41.8039 0.299999
      vertex 32.4619 32.2113 0.299999
      vertex 33.2086 31.9021 0.299999
    endloop
  endfacet
  facet normal 0 0 1
    outer loop
      vertex 33.65 41.8039 0.299999
      vertex 31.7729 40.9664 0.299999
      vertex 32.4619 32.2113 0.299999
    endloop
  endfacet
  facet normal 0 0 1
    outer loop
      vertex 31.7729 40.9664 0.299999
      vertex 31.7729 32.6336 0.299999
      vertex 32.4619 32.2113 0.299999
    endloop
  endfacet
  facet normal -0 0 1
    outer loop
      vertex 31.1584 40.4416 0.299999
      vertex 31.7729 32.6336 0.299999
      vertex 31.7729 40.9664 0.299999
    endloop
  endfacet
  facet normal 0 0 1
    outer loop
      vertex 31.1584 40.4416 0.299999
      vertex 31.1584 33.1584 0.299999
      vertex 31.7729 32.6336 0.299999
    endloop
  endfacet
  facet normal -0 0 1
    outer loop
      vertex 30.6336 39.8271 0.299999
      vertex 31.1584 33.1584 0.299999
      vertex 31.1584 40.4416 0.299999
    endloop
  endfacet
  facet normal 0 0 1
    outer loop
      vertex 30.6336 39.8271 0.299999
      vertex 30.6336 33.7729 0.299999
      vertex 31.1584 33.1584 0.299999
    endloop
  endfacet
  facet normal -0 0 1
    outer loop
      vertex 30.2113 39.1381 0.299999
      vertex 30.6336 33.7729 0.299999
      vertex 30.6336 39.8271 0.299999
    endloop
  endfacet
  facet normal 0 0 1
    outer loop
      vertex 30.2113 39.1381 0.299999
      vertex 30.2113 34.4619 0.299999
      vertex 30.6336 33.7729 0.299999
    endloop
  endfacet
  facet normal -0 0 1
    outer loop
      vertex 29.9021 38.3914 0.299999
      vertex 30.2113 34.4619 0.299999
      vertex 30.2113 39.1381 0.299999
    endloop
  endfacet
  facet normal 0 0 1
    outer loop
      vertex 29.9021 38.3914 0.299999
      vertex 29.9021 35.2086 0.299999
      vertex 30.2113 34.4619 0.299999
    endloop
  endfacet
  facet normal -0 0 1
    outer loop
      vertex 29.7134 37.6056 0.299999
      vertex 29.9021 35.2086 0.299999
      vertex 29.9021 38.3914 0.299999
    endloop
  endfacet
  facet normal 0 0 1
    outer loop
      vertex 29.7134 37.6056 0.299999
      vertex 29.7134 35.9944 0.299999
      vertex 29.9021 35.2086 0.299999
    endloop
  endfacet
  facet normal 0 -0 1
    outer loop
      vertex 29.7134 35.9944 0.299999
      vertex 29.7134 37.6056 0.299999
      vertex 29.65 36.8 0.299999
    endloop
  endfacet
  facet normal -0 0 1
    outer loop
      vertex 39.8039 37.95 0.299999
      vertex 56.8875 35.65 0.299999
      vertex 62.1845 37.95 0.299999
    endloop
  endfacet
  facet normal 0 0 1
    outer loop
      vertex 39.8039 37.95 0.299999
      vertex 39.8039 35.65 0.299999
      vertex 56.8875 35.65 0.299999
    endloop
  endfacet
  facet normal 0 0 1
    outer loop
      vertex 39.3887 39.1381 0.299999
      vertex 39.8039 37.95 0.299999
      vertex 39.6979 38.3914 0.299999
    endloop
  endfacet
  facet normal 0 0 1
    outer loop
      vertex 38.9664 39.8271 0.299999
      vertex 39.8039 37.95 0.299999
      vertex 39.3887 39.1381 0.299999
    endloop
  endfacet
  facet normal 0 0 1
    outer loop
      vertex 38.4416 40.4416 0.299999
      vertex 39.8039 37.95 0.299999
      vertex 38.9664 39.8271 0.299999
    endloop
  endfacet
  facet normal 0 0 1
    outer loop
      vertex 39.8039 35.65 0.299999
      vertex 39.3887 34.4619 0.299999
      vertex 39.6979 35.2086 0.299999
    endloop
  endfacet
  facet normal 0 0 1
    outer loop
      vertex 39.8039 37.95 0.299999
      vertex 38.4416 40.4416 0.299999
      vertex 39.8039 35.65 0.299999
    endloop
  endfacet
  facet normal 0 0 1
    outer loop
      vertex 39.8039 35.65 0.299999
      vertex 38.9664 33.7729 0.299999
      vertex 39.3887 34.4619 0.299999
    endloop
  endfacet
  facet normal 0 0 1
    outer loop
      vertex 38.4416 33.1584 0.299999
      vertex 39.8039 35.65 0.299999
      vertex 38.4416 40.4416 0.299999
    endloop
  endfacet
  facet normal 0 0 1
    outer loop
      vertex 39.8039 35.65 0.299999
      vertex 38.4416 33.1584 0.299999
      vertex 38.9664 33.7729 0.299999
    endloop
  endfacet
  facet normal 0 0 1
    outer loop
      vertex 37.8271 40.9664 0.299999
      vertex 38.4416 33.1584 0.299999
      vertex 38.4416 40.4416 0.299999
    endloop
  endfacet
  facet normal 0 0 1
    outer loop
      vertex 37.8271 40.9664 0.299999
      vertex 37.8271 32.6336 0.299999
      vertex 38.4416 33.1584 0.299999
    endloop
  endfacet
  facet normal 0 0 1
    outer loop
      vertex 35.95 41.8039 0.299999
      vertex 37.8271 40.9664 0.299999
      vertex 37.1381 41.3887 0.299999
    endloop
  endfacet
  facet normal 0 0 1
    outer loop
      vertex 37.8271 40.9664 0.299999
      vertex 35.95 41.8039 0.299999
      vertex 37.8271 32.6336 0.299999
    endloop
  endfacet
  facet normal 0 0 1
    outer loop
      vertex 35.95 41.8039 0.299999
      vertex 37.1381 41.3887 0.299999
      vertex 36.3914 41.6979 0.299999
    endloop
  endfacet
  facet normal 0 0 1
    outer loop
      vertex 37.8271 32.6336 0.299999
      vertex 35.95 41.8039 0.299999
      vertex 37.1381 32.2113 0.299999
    endloop
  endfacet
  facet normal 0 0 1
    outer loop
      vertex 37.1381 32.2113 0.299999
      vertex 35.95 41.8039 0.299999
      vertex 36.3914 31.9021 0.299999
    endloop
  endfacet
  facet normal 0 0 1
    outer loop
      vertex 36.3914 31.9021 0.299999
      vertex 35.95 41.8039 0.299999
      vertex 35.6056 31.7134 0.299999
    endloop
  endfacet
  facet normal 0 0 1
    outer loop
      vertex 99.8866 37.6056 0.299999
      vertex 99.8866 35.9944 0.299999
      vertex 99.95 36.8 0.299999
    endloop
  endfacet
  facet normal 0 0 1
    outer loop
      vertex 99.6979 38.3914 0.299999
      vertex 99.8866 35.9944 0.299999
      vertex 99.8866 37.6056 0.299999
    endloop
  endfacet
  facet normal 0 0 1
    outer loop
      vertex 99.6979 38.3914 0.299999
      vertex 99.6979 35.2086 0.299999
      vertex 99.8866 35.9944 0.299999
    endloop
  endfacet
  facet normal 0 0 1
    outer loop
      vertex 99.3887 39.1381 0.299999
      vertex 99.6979 35.2086 0.299999
      vertex 99.6979 38.3914 0.299999
    endloop
  endfacet
  facet normal 0 0 1
    outer loop
      vertex 99.3887 39.1381 0.299999
      vertex 99.3887 34.4619 0.299999
      vertex 99.6979 35.2086 0.299999
    endloop
  endfacet
  facet normal 0 0 1
    outer loop
      vertex 98.9664 39.8271 0.299999
      vertex 99.3887 34.4619 0.299999
      vertex 99.3887 39.1381 0.299999
    endloop
  endfacet
  facet normal 0 0 1
    outer loop
      vertex 98.9664 39.8271 0.299999
      vertex 98.9664 33.7729 0.299999
      vertex 99.3887 34.4619 0.299999
    endloop
  endfacet
  facet normal 0 0 1
    outer loop
      vertex 98.4416 40.4416 0.299999
      vertex 98.9664 33.7729 0.299999
      vertex 98.9664 39.8271 0.299999
    endloop
  endfacet
  facet normal 0 0 1
    outer loop
      vertex 98.4416 40.4416 0.299999
      vertex 98.4416 33.1584 0.299999
      vertex 98.9664 33.7729 0.299999
    endloop
  endfacet
  facet normal 0 0 1
    outer loop
      vertex 97.8271 40.9664 0.299999
      vertex 98.4416 33.1584 0.299999
      vertex 98.4416 40.4416 0.299999
    endloop
  endfacet
  facet normal 0 0 1
    outer loop
      vertex 97.8271 40.9664 0.299999
      vertex 97.8271 32.6336 0.299999
      vertex 98.4416 33.1584 0.299999
    endloop
  endfacet
  facet normal 0 0 1
    outer loop
      vertex 97.1381 41.3887 0.299999
      vertex 97.8271 32.6336 0.299999
      vertex 97.8271 40.9664 0.299999
    endloop
  endfacet
  facet normal 0 0 1
    outer loop
      vertex 95.95 31.7961 0.299999
      vertex 97.8271 32.6336 0.299999
      vertex 97.1381 41.3887 0.299999
    endloop
  endfacet
  facet normal 0 0 1
    outer loop
      vertex 95.95 31.7961 0.299999
      vertex 97.1381 41.3887 0.299999
      vertex 96.3914 41.6979 0.299999
    endloop
  endfacet
  facet normal 0 0 1
    outer loop
      vertex 97.8271 32.6336 0.299999
      vertex 95.95 31.7961 0.299999
      vertex 97.1381 32.2113 0.299999
    endloop
  endfacet
  facet normal 0 0 1
    outer loop
      vertex 97.1381 32.2113 0.299999
      vertex 95.95 31.7961 0.299999
      vertex 96.3914 31.9021 0.299999
    endloop
  endfacet
  facet normal 0 0 1
    outer loop
      vertex 95.6056 41.8866 0.299999
      vertex 95.95 31.7961 0.299999
      vertex 96.3914 41.6979 0.299999
    endloop
  endfacet
  facet normal 0 0 1
    outer loop
      vertex 93.65 31.7961 0.299999
      vertex 95.95 31.7961 0.299999
      vertex 95.6056 41.8866 0.299999
    endloop
  endfacet
  facet normal 0 0 1
    outer loop
      vertex 93.65 31.7961 0.299999
      vertex 95.6056 41.8866 0.299999
      vertex 94.8 41.95 0.299999
    endloop
  endfacet
  facet normal 0 0 1
    outer loop
      vertex 93.65 31.7961 0.299999
      vertex 94.8 41.95 0.299999
      vertex 93.9944 41.8866 0.299999
    endloop
  endfacet
  facet normal 0 -0 1
    outer loop
      vertex 93.7858 30.8 0.299999
      vertex 95.95 31.7961 0.299999
      vertex 93.65 31.7961 0.299999
    endloop
  endfacet
  facet normal 0 0 1
    outer loop
      vertex 93.65 10.8 0.299999
      vertex 93.7858 30.8 0.299999
      vertex 93.65 31.7961 0.299999
    endloop
  endfacet
  facet normal 0 0 1
    outer loop
      vertex 95.95 31.7961 0.299999
      vertex 93.7858 30.8 0.299999
      vertex 95.95 30.8 0.299999
    endloop
  endfacet
  facet normal -0 0 1
    outer loop
      vertex 93.2086 41.6979 0.299999
      vertex 93.65 31.7961 0.299999
      vertex 93.9944 41.8866 0.299999
    endloop
  endfacet
  facet normal -0 0 1
    outer loop
      vertex 92.4619 41.3887 0.299999
      vertex 93.65 31.7961 0.299999
      vertex 93.2086 41.6979 0.299999
    endloop
  endfacet
  facet normal -0 0 1
    outer loop
      vertex 91.7729 40.9664 0.299999
      vertex 93.65 31.7961 0.299999
      vertex 92.4619 41.3887 0.299999
    endloop
  endfacet
  facet normal 0 0 1
    outer loop
      vertex 93.65 31.7961 0.299999
      vertex 92.4619 32.2113 0.299999
      vertex 93.2086 31.9021 0.299999
    endloop
  endfacet
  facet normal -0 0 1
    outer loop
      vertex 91.7729 32.6336 0.299999
      vertex 93.65 31.7961 0.299999
      vertex 91.7729 40.9664 0.299999
    endloop
  endfacet
  facet normal 0 0 1
    outer loop
      vertex 93.65 31.7961 0.299999
      vertex 91.7729 32.6336 0.299999
      vertex 92.4619 32.2113 0.299999
    endloop
  endfacet
  facet normal -0 0 1
    outer loop
      vertex 91.1584 40.4416 0.299999
      vertex 91.7729 32.6336 0.299999
      vertex 91.7729 40.9664 0.299999
    endloop
  endfacet
  facet normal 0 0 1
    outer loop
      vertex 91.1584 40.4416 0.299999
      vertex 91.1584 33.1584 0.299999
      vertex 91.7729 32.6336 0.299999
    endloop
  endfacet
  facet normal 0 0 1
    outer loop
      vertex 89.7961 37.95 0.299999
      vertex 91.1584 40.4416 0.299999
      vertex 90.6336 39.8271 0.299999
    endloop
  endfacet
  facet normal 0 0 1
    outer loop
      vertex 91.1584 40.4416 0.299999
      vertex 89.7961 37.95 0.299999
      vertex 91.1584 33.1584 0.299999
    endloop
  endfacet
  facet normal 0 0 1
    outer loop
      vertex 89.7961 37.95 0.299999
      vertex 90.6336 39.8271 0.299999
      vertex 90.2113 39.1381 0.299999
    endloop
  endfacet
  facet normal -0 0 1
    outer loop
      vertex 89.7961 35.65 0.299999
      vertex 91.1584 33.1584 0.299999
      vertex 89.7961 37.95 0.299999
    endloop
  endfacet
  facet normal 0 0 1
    outer loop
      vertex 89.7961 37.95 0.299999
      vertex 90.2113 39.1381 0.299999
      vertex 89.9021 38.3914 0.299999
    endloop
  endfacet
  facet normal 0 0 1
    outer loop
      vertex 91.1584 33.1584 0.299999
      vertex 89.7961 35.65 0.299999
      vertex 90.6336 33.7729 0.299999
    endloop
  endfacet
  facet normal 0 0 1
    outer loop
      vertex 90.6336 33.7729 0.299999
      vertex 89.7961 35.65 0.299999
      vertex 90.2113 34.4619 0.299999
    endloop
  endfacet
  facet normal 0 0 1
    outer loop
      vertex 90.2113 34.4619 0.299999
      vertex 89.7961 35.65 0.299999
      vertex 89.9021 35.2086 0.299999
    endloop
  endfacet
  facet normal 0 0 1
    outer loop
      vertex 89.7961 37.95 0.299999
      vertex 63.2993 35.65 0.299999
      vertex 89.7961 35.65 0.299999
    endloop
  endfacet
  facet normal 0 -0 1
    outer loop
      vertex 63.2993 35.65 0.299999
      vertex 89.7961 37.95 0.299999
      vertex 62.3007 37.95 0.299999
    endloop
  endfacet
  facet normal 0 0 1
    outer loop
      vertex 93.7858 30.8 0.299999
      vertex 93.65 10.8 0.299999
      vertex 93.7858 10.8 0.299999
    endloop
  endfacet
  facet normal -1 0 0
    outer loop
      vertex 95.95 30.8 2.46421
      vertex 95.95 31.7961 0.299999
      vertex 95.95 30.8 0.299999
    endloop
  endfacet
  facet normal -1 0 0
    outer loop
      vertex 95.95 31.7961 0.299999
      vertex 95.95 30.8 2.46421
      vertex 95.95 31.7961 2.8
    endloop
  endfacet
  facet normal -1 0 0
    outer loop
      vertex 95.95 10.8 2.8
      vertex 95.95 30.8 2.46421
      vertex 95.95 10.8 2.46421
    endloop
  endfacet
  facet normal -1 0 0
    outer loop
      vertex 95.95 30.8 2.46421
      vertex 95.95 10.8 2.8
      vertex 95.95 31.7961 2.8
    endloop
  endfacet
  facet normal 0 -1 0
    outer loop
      vertex 39.8039 37.95 0.299999
      vertex 62.1845 37.95 2.8
      vertex 39.8039 37.95 2.8
    endloop
  endfacet
  facet normal 0 -1 -0
    outer loop
      vertex 62.1845 37.95 2.8
      vertex 39.8039 37.95 0.299999
      vertex 62.1845 37.95 0.299999
    endloop
  endfacet
  facet normal 0 -1 0
    outer loop
      vertex 62.3007 37.95 0.299999
      vertex 89.7961 37.95 2.8
      vertex 62.3007 37.95 2.8
    endloop
  endfacet
  facet normal 0 -1 -0
    outer loop
      vertex 89.7961 37.95 2.8
      vertex 62.3007 37.95 0.299999
      vertex 89.7961 37.95 0.299999
    endloop
  endfacet
  facet normal 0 1 -0
    outer loop
      vertex 56.8875 35.65 0.299999
      vertex 39.8039 35.65 2.8
      vertex 56.8875 35.65 2.8
    endloop
  endfacet
  facet normal 0 1 0
    outer loop
      vertex 39.8039 35.65 2.8
      vertex 56.8875 35.65 0.299999
      vertex 39.8039 35.65 0.299999
    endloop
  endfacet
  facet normal 0 1 -0
    outer loop
      vertex 89.7961 35.65 0.299999
      vertex 63.2993 35.65 2.8
      vertex 89.7961 35.65 2.8
    endloop
  endfacet
  facet normal 0 1 0
    outer loop
      vertex 63.2993 35.65 2.8
      vertex 89.7961 35.65 0.299999
      vertex 63.2993 35.65 0.299999
    endloop
  endfacet
  facet normal 0 -1 0
    outer loop
      vertex 33.65 45.8 0.299999
      vertex 35.95 45.8 2.8
      vertex 33.65 45.8 2.8
    endloop
  endfacet
  facet normal 0 -1 -0
    outer loop
      vertex 35.95 45.8 2.8
      vertex 33.65 45.8 0.299999
      vertex 35.95 45.8 0.299999
    endloop
  endfacet
  facet normal 1 -0 0
    outer loop
      vertex 33.65 41.8039 2.8
      vertex 33.65 45.8 0.299999
      vertex 33.65 45.8 2.8
    endloop
  endfacet
  facet normal 1 0 0
    outer loop
      vertex 33.65 45.8 0.299999
      vertex 33.65 41.8039 2.8
      vertex 33.65 41.8039 0.299999
    endloop
  endfacet
  facet normal -1 0 0
    outer loop
      vertex 35.95 41.8039 0.299999
      vertex 35.95 45.8 2.8
      vertex 35.95 45.8 0.299999
    endloop
  endfacet
  facet normal -1 -0 0
    outer loop
      vertex 35.95 45.8 2.8
      vertex 35.95 41.8039 0.299999
      vertex 35.95 41.8039 2.8
    endloop
  endfacet
  facet normal -0.649425 -0.760426 0
    outer loop
      vertex 97.8271 40.9664 0.299999
      vertex 98.4416 40.4416 2.8
      vertex 97.8271 40.9664 2.8
    endloop
  endfacet
  facet normal -0.649425 -0.760426 -0
    outer loop
      vertex 98.4416 40.4416 2.8
      vertex 97.8271 40.9664 0.299999
      vertex 98.4416 40.4416 0.299999
    endloop
  endfacet
  facet normal -0.972357 0.233499 0
    outer loop
      vertex 99.6979 35.2086 0.299999
      vertex 99.8866 35.9944 2.8
      vertex 99.8866 35.9944 0.299999
    endloop
  endfacet
  facet normal -0.972357 0.233499 0
    outer loop
      vertex 99.8866 35.9944 2.8
      vertex 99.6979 35.2086 0.299999
      vertex 99.6979 35.2086 2.8
    endloop
  endfacet
  facet normal 0.233506 0.972355 -0
    outer loop
      vertex 93.65 31.7961 0.299999
      vertex 93.2086 31.9021 2.8
      vertex 93.65 31.7961 2.8
    endloop
  endfacet
  facet normal 0.233506 0.972355 0
    outer loop
      vertex 93.2086 31.9021 2.8
      vertex 93.65 31.7961 0.299999
      vertex 93.2086 31.9021 0.299999
    endloop
  endfacet
  facet normal 0.233499 -0.972357 0
    outer loop
      vertex 93.2086 41.6979 0.299999
      vertex 93.9944 41.8866 2.8
      vertex 93.2086 41.6979 2.8
    endloop
  endfacet
  facet normal 0.233499 -0.972357 0
    outer loop
      vertex 93.9944 41.8866 2.8
      vertex 93.2086 41.6979 0.299999
      vertex 93.9944 41.8866 0.299999
    endloop
  endfacet
  facet normal 0.852596 -0.522571 0
    outer loop
      vertex 90.2113 39.1381 2.8
      vertex 90.6336 39.8271 0.299999
      vertex 90.6336 39.8271 2.8
    endloop
  endfacet
  facet normal 0.852596 -0.522571 0
    outer loop
      vertex 90.6336 39.8271 0.299999
      vertex 90.2113 39.1381 2.8
      vertex 90.2113 39.1381 0.299999
    endloop
  endfacet
  facet normal -0.92392 -0.382585 0
    outer loop
      vertex 99.6979 38.3914 0.299999
      vertex 99.3887 39.1381 2.8
      vertex 99.3887 39.1381 0.299999
    endloop
  endfacet
  facet normal -0.92392 -0.382585 0
    outer loop
      vertex 99.3887 39.1381 2.8
      vertex 99.6979 38.3914 0.299999
      vertex 99.6979 38.3914 2.8
    endloop
  endfacet
  facet normal -0.852596 -0.522571 0
    outer loop
      vertex 99.3887 39.1381 0.299999
      vertex 98.9664 39.8271 2.8
      vertex 98.9664 39.8271 0.299999
    endloop
  endfacet
  facet normal -0.852596 -0.522571 0
    outer loop
      vertex 98.9664 39.8271 2.8
      vertex 99.3887 39.1381 0.299999
      vertex 99.3887 39.1381 2.8
    endloop
  endfacet
  facet normal -0.760426 -0.649425 0
    outer loop
      vertex 98.9664 39.8271 0.299999
      vertex 98.4416 40.4416 2.8
      vertex 98.4416 40.4416 0.299999
    endloop
  endfacet
  facet normal -0.760426 -0.649425 0
    outer loop
      vertex 98.4416 40.4416 2.8
      vertex 98.9664 39.8271 0.299999
      vertex 98.9664 39.8271 2.8
    endloop
  endfacet
  facet normal -0.522571 -0.852596 0
    outer loop
      vertex 97.1381 41.3887 0.299999
      vertex 97.8271 40.9664 2.8
      vertex 97.1381 41.3887 2.8
    endloop
  endfacet
  facet normal -0.522571 -0.852596 -0
    outer loop
      vertex 97.8271 40.9664 2.8
      vertex 97.1381 41.3887 0.299999
      vertex 97.8271 40.9664 0.299999
    endloop
  endfacet
  facet normal -0.0784565 -0.996918 0
    outer loop
      vertex 94.8 41.95 0.299999
      vertex 95.6056 41.8866 2.8
      vertex 94.8 41.95 2.8
    endloop
  endfacet
  facet normal -0.0784565 -0.996918 -0
    outer loop
      vertex 95.6056 41.8866 2.8
      vertex 94.8 41.95 0.299999
      vertex 95.6056 41.8866 0.299999
    endloop
  endfacet
  facet normal 0.760426 -0.649425 0
    outer loop
      vertex 90.6336 39.8271 2.8
      vertex 91.1584 40.4416 0.299999
      vertex 91.1584 40.4416 2.8
    endloop
  endfacet
  facet normal 0.760426 -0.649425 0
    outer loop
      vertex 91.1584 40.4416 0.299999
      vertex 90.6336 39.8271 2.8
      vertex 90.6336 39.8271 0.299999
    endloop
  endfacet
  facet normal 0.0784565 -0.996918 0
    outer loop
      vertex 93.9944 41.8866 0.299999
      vertex 94.8 41.95 2.8
      vertex 93.9944 41.8866 2.8
    endloop
  endfacet
  facet normal 0.0784565 -0.996918 0
    outer loop
      vertex 94.8 41.95 2.8
      vertex 93.9944 41.8866 0.299999
      vertex 94.8 41.95 0.299999
    endloop
  endfacet
  facet normal 0.649425 -0.760426 0
    outer loop
      vertex 91.1584 40.4416 0.299999
      vertex 91.7729 40.9664 2.8
      vertex 91.1584 40.4416 2.8
    endloop
  endfacet
  facet normal 0.649425 -0.760426 0
    outer loop
      vertex 91.7729 40.9664 2.8
      vertex 91.1584 40.4416 0.299999
      vertex 91.7729 40.9664 0.299999
    endloop
  endfacet
  facet normal -0.996918 0.0784565 0
    outer loop
      vertex 99.8866 35.9944 0.299999
      vertex 99.95 36.8 2.8
      vertex 99.95 36.8 0.299999
    endloop
  endfacet
  facet normal -0.996918 0.0784565 0
    outer loop
      vertex 99.95 36.8 2.8
      vertex 99.8866 35.9944 0.299999
      vertex 99.8866 35.9944 2.8
    endloop
  endfacet
  facet normal -0.382585 0.92392 0
    outer loop
      vertex 97.1381 32.2113 0.299999
      vertex 96.3914 31.9021 2.8
      vertex 97.1381 32.2113 2.8
    endloop
  endfacet
  facet normal -0.382585 0.92392 0
    outer loop
      vertex 96.3914 31.9021 2.8
      vertex 97.1381 32.2113 0.299999
      vertex 96.3914 31.9021 0.299999
    endloop
  endfacet
  facet normal -0.522571 0.852596 0
    outer loop
      vertex 97.8271 32.6336 0.299999
      vertex 97.1381 32.2113 2.8
      vertex 97.8271 32.6336 2.8
    endloop
  endfacet
  facet normal -0.522571 0.852596 0
    outer loop
      vertex 97.1381 32.2113 2.8
      vertex 97.8271 32.6336 0.299999
      vertex 97.1381 32.2113 0.299999
    endloop
  endfacet
  facet normal -0.760426 0.649425 0
    outer loop
      vertex 98.4416 33.1584 0.299999
      vertex 98.9664 33.7729 2.8
      vertex 98.9664 33.7729 0.299999
    endloop
  endfacet
  facet normal -0.760426 0.649425 0
    outer loop
      vertex 98.9664 33.7729 2.8
      vertex 98.4416 33.1584 0.299999
      vertex 98.4416 33.1584 2.8
    endloop
  endfacet
  facet normal 0.649425 0.760426 -0
    outer loop
      vertex 91.7729 32.6336 0.299999
      vertex 91.1584 33.1584 2.8
      vertex 91.7729 32.6336 2.8
    endloop
  endfacet
  facet normal 0.649425 0.760426 0
    outer loop
      vertex 91.1584 33.1584 2.8
      vertex 91.7729 32.6336 0.299999
      vertex 91.1584 33.1584 0.299999
    endloop
  endfacet
  facet normal 0.760426 0.649425 0
    outer loop
      vertex 91.1584 33.1584 2.8
      vertex 90.6336 33.7729 0.299999
      vertex 90.6336 33.7729 2.8
    endloop
  endfacet
  facet normal 0.760426 0.649425 0
    outer loop
      vertex 90.6336 33.7729 0.299999
      vertex 91.1584 33.1584 2.8
      vertex 91.1584 33.1584 0.299999
    endloop
  endfacet
  facet normal -0.972357 -0.233499 0
    outer loop
      vertex 99.8866 37.6056 0.299999
      vertex 99.6979 38.3914 2.8
      vertex 99.6979 38.3914 0.299999
    endloop
  endfacet
  facet normal -0.972357 -0.233499 0
    outer loop
      vertex 99.6979 38.3914 2.8
      vertex 99.8866 37.6056 0.299999
      vertex 99.8866 37.6056 2.8
    endloop
  endfacet
  facet normal -0.382585 -0.92392 0
    outer loop
      vertex 96.3914 41.6979 0.299999
      vertex 97.1381 41.3887 2.8
      vertex 96.3914 41.6979 2.8
    endloop
  endfacet
  facet normal -0.382585 -0.92392 -0
    outer loop
      vertex 97.1381 41.3887 2.8
      vertex 96.3914 41.6979 0.299999
      vertex 97.1381 41.3887 0.299999
    endloop
  endfacet
  facet normal -0.233499 -0.972357 0
    outer loop
      vertex 95.6056 41.8866 0.299999
      vertex 96.3914 41.6979 2.8
      vertex 95.6056 41.8866 2.8
    endloop
  endfacet
  facet normal -0.233499 -0.972357 -0
    outer loop
      vertex 96.3914 41.6979 2.8
      vertex 95.6056 41.8866 0.299999
      vertex 96.3914 41.6979 0.299999
    endloop
  endfacet
  facet normal 0.92392 -0.382585 0
    outer loop
      vertex 89.9021 38.3914 2.8
      vertex 90.2113 39.1381 0.299999
      vertex 90.2113 39.1381 2.8
    endloop
  endfacet
  facet normal 0.92392 -0.382585 0
    outer loop
      vertex 90.2113 39.1381 0.299999
      vertex 89.9021 38.3914 2.8
      vertex 89.9021 38.3914 0.299999
    endloop
  endfacet
  facet normal 0.972355 -0.233506 0
    outer loop
      vertex 89.7961 37.95 2.8
      vertex 89.9021 38.3914 0.299999
      vertex 89.9021 38.3914 2.8
    endloop
  endfacet
  facet normal 0.972355 -0.233506 0
    outer loop
      vertex 89.9021 38.3914 0.299999
      vertex 89.7961 37.95 2.8
      vertex 89.7961 37.95 0.299999
    endloop
  endfacet
  facet normal 0.522571 -0.852596 0
    outer loop
      vertex 91.7729 40.9664 0.299999
      vertex 92.4619 41.3887 2.8
      vertex 91.7729 40.9664 2.8
    endloop
  endfacet
  facet normal 0.522571 -0.852596 0
    outer loop
      vertex 92.4619 41.3887 2.8
      vertex 91.7729 40.9664 0.299999
      vertex 92.4619 41.3887 0.299999
    endloop
  endfacet
  facet normal 0.382585 -0.92392 0
    outer loop
      vertex 92.4619 41.3887 0.299999
      vertex 93.2086 41.6979 2.8
      vertex 92.4619 41.3887 2.8
    endloop
  endfacet
  facet normal 0.382585 -0.92392 0
    outer loop
      vertex 93.2086 41.6979 2.8
      vertex 92.4619 41.3887 0.299999
      vertex 93.2086 41.6979 0.299999
    endloop
  endfacet
  facet normal -0.996918 -0.0784565 0
    outer loop
      vertex 99.95 36.8 0.299999
      vertex 99.8866 37.6056 2.8
      vertex 99.8866 37.6056 0.299999
    endloop
  endfacet
  facet normal -0.996918 -0.0784565 0
    outer loop
      vertex 99.8866 37.6056 2.8
      vertex 99.95 36.8 0.299999
      vertex 99.95 36.8 2.8
    endloop
  endfacet
  facet normal -0.233506 0.972355 0
    outer loop
      vertex 96.3914 31.9021 0.299999
      vertex 95.95 31.7961 2.8
      vertex 96.3914 31.9021 2.8
    endloop
  endfacet
  facet normal -0.233506 0.972355 0
    outer loop
      vertex 95.95 31.7961 2.8
      vertex 96.3914 31.9021 0.299999
      vertex 95.95 31.7961 0.299999
    endloop
  endfacet
  facet normal -0.649425 0.760426 0
    outer loop
      vertex 98.4416 33.1584 0.299999
      vertex 97.8271 32.6336 2.8
      vertex 98.4416 33.1584 2.8
    endloop
  endfacet
  facet normal -0.649425 0.760426 0
    outer loop
      vertex 97.8271 32.6336 2.8
      vertex 98.4416 33.1584 0.299999
      vertex 97.8271 32.6336 0.299999
    endloop
  endfacet
  facet normal -0.852596 0.522571 0
    outer loop
      vertex 98.9664 33.7729 0.299999
      vertex 99.3887 34.4619 2.8
      vertex 99.3887 34.4619 0.299999
    endloop
  endfacet
  facet normal -0.852596 0.522571 0
    outer loop
      vertex 99.3887 34.4619 2.8
      vertex 98.9664 33.7729 0.299999
      vertex 98.9664 33.7729 2.8
    endloop
  endfacet
  facet normal 0.522571 0.852596 -0
    outer loop
      vertex 92.4619 32.2113 0.299999
      vertex 91.7729 32.6336 2.8
      vertex 92.4619 32.2113 2.8
    endloop
  endfacet
  facet normal 0.522571 0.852596 0
    outer loop
      vertex 91.7729 32.6336 2.8
      vertex 92.4619 32.2113 0.299999
      vertex 91.7729 32.6336 0.299999
    endloop
  endfacet
  facet normal 0.972355 0.233506 0
    outer loop
      vertex 89.9021 35.2086 2.8
      vertex 89.7961 35.65 0.299999
      vertex 89.7961 35.65 2.8
    endloop
  endfacet
  facet normal 0.972355 0.233506 0
    outer loop
      vertex 89.7961 35.65 0.299999
      vertex 89.9021 35.2086 2.8
      vertex 89.9021 35.2086 0.299999
    endloop
  endfacet
  facet normal 0.92392 0.382585 0
    outer loop
      vertex 90.2113 34.4619 2.8
      vertex 89.9021 35.2086 0.299999
      vertex 89.9021 35.2086 2.8
    endloop
  endfacet
  facet normal 0.92392 0.382585 0
    outer loop
      vertex 89.9021 35.2086 0.299999
      vertex 90.2113 34.4619 2.8
      vertex 90.2113 34.4619 0.299999
    endloop
  endfacet
  facet normal -0.92392 0.382585 0
    outer loop
      vertex 99.3887 34.4619 0.299999
      vertex 99.6979 35.2086 2.8
      vertex 99.6979 35.2086 0.299999
    endloop
  endfacet
  facet normal -0.92392 0.382585 0
    outer loop
      vertex 99.6979 35.2086 2.8
      vertex 99.3887 34.4619 0.299999
      vertex 99.3887 34.4619 2.8
    endloop
  endfacet
  facet normal 0.382585 0.92392 -0
    outer loop
      vertex 93.2086 31.9021 0.299999
      vertex 92.4619 32.2113 2.8
      vertex 93.2086 31.9021 2.8
    endloop
  endfacet
  facet normal 0.382585 0.92392 0
    outer loop
      vertex 92.4619 32.2113 2.8
      vertex 93.2086 31.9021 0.299999
      vertex 92.4619 32.2113 0.299999
    endloop
  endfacet
  facet normal 0.852596 0.522571 0
    outer loop
      vertex 90.6336 33.7729 2.8
      vertex 90.2113 34.4619 0.299999
      vertex 90.2113 34.4619 2.8
    endloop
  endfacet
  facet normal 0.852596 0.522571 0
    outer loop
      vertex 90.2113 34.4619 0.299999
      vertex 90.6336 33.7729 2.8
      vertex 90.6336 33.7729 0.299999
    endloop
  endfacet
  facet normal 0.996918 -0.0784565 0
    outer loop
      vertex 29.65 36.8 2.8
      vertex 29.7134 37.6056 0.299999
      vertex 29.7134 37.6056 2.8
    endloop
  endfacet
  facet normal 0.996918 -0.0784565 0
    outer loop
      vertex 29.7134 37.6056 0.299999
      vertex 29.65 36.8 2.8
      vertex 29.65 36.8 0.299999
    endloop
  endfacet
  facet normal -0.760426 -0.649425 0
    outer loop
      vertex 38.9664 39.8271 0.299999
      vertex 38.4416 40.4416 2.8
      vertex 38.4416 40.4416 0.299999
    endloop
  endfacet
  facet normal -0.760426 -0.649425 0
    outer loop
      vertex 38.4416 40.4416 2.8
      vertex 38.9664 39.8271 0.299999
      vertex 38.9664 39.8271 2.8
    endloop
  endfacet
  facet normal 0.649425 -0.760426 0
    outer loop
      vertex 31.1584 40.4416 0.299999
      vertex 31.7729 40.9664 2.8
      vertex 31.1584 40.4416 2.8
    endloop
  endfacet
  facet normal 0.649425 -0.760426 0
    outer loop
      vertex 31.7729 40.9664 2.8
      vertex 31.1584 40.4416 0.299999
      vertex 31.7729 40.9664 0.299999
    endloop
  endfacet
  facet normal 0.233506 -0.972355 0
    outer loop
      vertex 33.2086 41.6979 0.299999
      vertex 33.65 41.8039 2.8
      vertex 33.2086 41.6979 2.8
    endloop
  endfacet
  facet normal 0.233506 -0.972355 0
    outer loop
      vertex 33.65 41.8039 2.8
      vertex 33.2086 41.6979 0.299999
      vertex 33.65 41.8039 0.299999
    endloop
  endfacet
  facet normal 0.760426 0.649425 0
    outer loop
      vertex 31.1584 33.1584 2.8
      vertex 30.6336 33.7729 0.299999
      vertex 30.6336 33.7729 2.8
    endloop
  endfacet
  facet normal 0.760426 0.649425 0
    outer loop
      vertex 30.6336 33.7729 0.299999
      vertex 31.1584 33.1584 2.8
      vertex 31.1584 33.1584 0.299999
    endloop
  endfacet
  facet normal -0.92392 -0.382585 0
    outer loop
      vertex 39.6979 38.3914 0.299999
      vertex 39.3887 39.1381 2.8
      vertex 39.3887 39.1381 0.299999
    endloop
  endfacet
  facet normal -0.92392 -0.382585 0
    outer loop
      vertex 39.3887 39.1381 2.8
      vertex 39.6979 38.3914 0.299999
      vertex 39.6979 38.3914 2.8
    endloop
  endfacet
  facet normal -0.972355 -0.233506 0
    outer loop
      vertex 39.8039 37.95 0.299999
      vertex 39.6979 38.3914 2.8
      vertex 39.6979 38.3914 0.299999
    endloop
  endfacet
  facet normal -0.972355 -0.233506 0
    outer loop
      vertex 39.6979 38.3914 2.8
      vertex 39.8039 37.95 0.299999
      vertex 39.8039 37.95 2.8
    endloop
  endfacet
  facet normal -0.852596 -0.522571 0
    outer loop
      vertex 39.3887 39.1381 0.299999
      vertex 38.9664 39.8271 2.8
      vertex 38.9664 39.8271 0.299999
    endloop
  endfacet
  facet normal -0.852596 -0.522571 0
    outer loop
      vertex 38.9664 39.8271 2.8
      vertex 39.3887 39.1381 0.299999
      vertex 39.3887 39.1381 2.8
    endloop
  endfacet
  facet normal -0.522571 -0.852596 0
    outer loop
      vertex 37.1381 41.3887 0.299999
      vertex 37.8271 40.9664 2.8
      vertex 37.1381 41.3887 2.8
    endloop
  endfacet
  facet normal -0.522571 -0.852596 -0
    outer loop
      vertex 37.8271 40.9664 2.8
      vertex 37.1381 41.3887 0.299999
      vertex 37.8271 40.9664 0.299999
    endloop
  endfacet
  facet normal -0.233506 -0.972355 0
    outer loop
      vertex 35.95 41.8039 0.299999
      vertex 36.3914 41.6979 2.8
      vertex 35.95 41.8039 2.8
    endloop
  endfacet
  facet normal -0.233506 -0.972355 -0
    outer loop
      vertex 36.3914 41.6979 2.8
      vertex 35.95 41.8039 0.299999
      vertex 36.3914 41.6979 0.299999
    endloop
  endfacet
  facet normal -0.649425 -0.760426 0
    outer loop
      vertex 37.8271 40.9664 0.299999
      vertex 38.4416 40.4416 2.8
      vertex 37.8271 40.9664 2.8
    endloop
  endfacet
  facet normal -0.649425 -0.760426 -0
    outer loop
      vertex 38.4416 40.4416 2.8
      vertex 37.8271 40.9664 0.299999
      vertex 38.4416 40.4416 0.299999
    endloop
  endfacet
  facet normal 0.852596 -0.522571 0
    outer loop
      vertex 30.2113 39.1381 2.8
      vertex 30.6336 39.8271 0.299999
      vertex 30.6336 39.8271 2.8
    endloop
  endfacet
  facet normal 0.852596 -0.522571 0
    outer loop
      vertex 30.6336 39.8271 0.299999
      vertex 30.2113 39.1381 2.8
      vertex 30.2113 39.1381 0.299999
    endloop
  endfacet
  facet normal 0.760426 -0.649425 0
    outer loop
      vertex 30.6336 39.8271 2.8
      vertex 31.1584 40.4416 0.299999
      vertex 31.1584 40.4416 2.8
    endloop
  endfacet
  facet normal 0.760426 -0.649425 0
    outer loop
      vertex 31.1584 40.4416 0.299999
      vertex 30.6336 39.8271 2.8
      vertex 30.6336 39.8271 0.299999
    endloop
  endfacet
  facet normal 0.972357 -0.233499 0
    outer loop
      vertex 29.7134 37.6056 2.8
      vertex 29.9021 38.3914 0.299999
      vertex 29.9021 38.3914 2.8
    endloop
  endfacet
  facet normal 0.972357 -0.233499 0
    outer loop
      vertex 29.9021 38.3914 0.299999
      vertex 29.7134 37.6056 2.8
      vertex 29.7134 37.6056 0.299999
    endloop
  endfacet
  facet normal 0.522571 -0.852596 0
    outer loop
      vertex 31.7729 40.9664 0.299999
      vertex 32.4619 41.3887 2.8
      vertex 31.7729 40.9664 2.8
    endloop
  endfacet
  facet normal 0.522571 -0.852596 0
    outer loop
      vertex 32.4619 41.3887 2.8
      vertex 31.7729 40.9664 0.299999
      vertex 32.4619 41.3887 0.299999
    endloop
  endfacet
  facet normal -0.233499 0.972357 0
    outer loop
      vertex 36.3914 31.9021 0.299999
      vertex 35.6056 31.7134 2.8
      vertex 36.3914 31.9021 2.8
    endloop
  endfacet
  facet normal -0.233499 0.972357 0
    outer loop
      vertex 35.6056 31.7134 2.8
      vertex 36.3914 31.9021 0.299999
      vertex 35.6056 31.7134 0.299999
    endloop
  endfacet
  facet normal -0.0784565 0.996918 0
    outer loop
      vertex 35.6056 31.7134 0.299999
      vertex 34.8 31.65 2.8
      vertex 35.6056 31.7134 2.8
    endloop
  endfacet
  facet normal -0.0784565 0.996918 0
    outer loop
      vertex 34.8 31.65 2.8
      vertex 35.6056 31.7134 0.299999
      vertex 34.8 31.65 0.299999
    endloop
  endfacet
  facet normal -0.522571 0.852596 0
    outer loop
      vertex 37.8271 32.6336 0.299999
      vertex 37.1381 32.2113 2.8
      vertex 37.8271 32.6336 2.8
    endloop
  endfacet
  facet normal -0.522571 0.852596 0
    outer loop
      vertex 37.1381 32.2113 2.8
      vertex 37.8271 32.6336 0.299999
      vertex 37.1381 32.2113 0.299999
    endloop
  endfacet
  facet normal 0.649425 0.760426 -0
    outer loop
      vertex 31.7729 32.6336 0.299999
      vertex 31.1584 33.1584 2.8
      vertex 31.7729 32.6336 2.8
    endloop
  endfacet
  facet normal 0.649425 0.760426 0
    outer loop
      vertex 31.1584 33.1584 2.8
      vertex 31.7729 32.6336 0.299999
      vertex 31.1584 33.1584 0.299999
    endloop
  endfacet
  facet normal 0.233499 0.972357 -0
    outer loop
      vertex 33.9944 31.7134 0.299999
      vertex 33.2086 31.9021 2.8
      vertex 33.9944 31.7134 2.8
    endloop
  endfacet
  facet normal 0.233499 0.972357 0
    outer loop
      vertex 33.2086 31.9021 2.8
      vertex 33.9944 31.7134 0.299999
      vertex 33.2086 31.9021 0.299999
    endloop
  endfacet
  facet normal 0.996918 0.0784565 0
    outer loop
      vertex 29.7134 35.9944 2.8
      vertex 29.65 36.8 0.299999
      vertex 29.65 36.8 2.8
    endloop
  endfacet
  facet normal 0.996918 0.0784565 0
    outer loop
      vertex 29.65 36.8 0.299999
      vertex 29.7134 35.9944 2.8
      vertex 29.7134 35.9944 0.299999
    endloop
  endfacet
  facet normal 0.92392 -0.382585 0
    outer loop
      vertex 29.9021 38.3914 2.8
      vertex 30.2113 39.1381 0.299999
      vertex 30.2113 39.1381 2.8
    endloop
  endfacet
  facet normal 0.92392 -0.382585 0
    outer loop
      vertex 30.2113 39.1381 0.299999
      vertex 29.9021 38.3914 2.8
      vertex 29.9021 38.3914 0.299999
    endloop
  endfacet
  facet normal 0.382585 -0.92392 0
    outer loop
      vertex 32.4619 41.3887 0.299999
      vertex 33.2086 41.6979 2.8
      vertex 32.4619 41.3887 2.8
    endloop
  endfacet
  facet normal 0.382585 -0.92392 0
    outer loop
      vertex 33.2086 41.6979 2.8
      vertex 32.4619 41.3887 0.299999
      vertex 33.2086 41.6979 0.299999
    endloop
  endfacet
  facet normal -0.972355 0.233506 0
    outer loop
      vertex 39.6979 35.2086 0.299999
      vertex 39.8039 35.65 2.8
      vertex 39.8039 35.65 0.299999
    endloop
  endfacet
  facet normal -0.972355 0.233506 0
    outer loop
      vertex 39.8039 35.65 2.8
      vertex 39.6979 35.2086 0.299999
      vertex 39.6979 35.2086 2.8
    endloop
  endfacet
  facet normal -0.649425 0.760426 0
    outer loop
      vertex 38.4416 33.1584 0.299999
      vertex 37.8271 32.6336 2.8
      vertex 38.4416 33.1584 2.8
    endloop
  endfacet
  facet normal -0.649425 0.760426 0
    outer loop
      vertex 37.8271 32.6336 2.8
      vertex 38.4416 33.1584 0.299999
      vertex 37.8271 32.6336 0.299999
    endloop
  endfacet
  facet normal -0.760426 0.649425 0
    outer loop
      vertex 38.4416 33.1584 0.299999
      vertex 38.9664 33.7729 2.8
      vertex 38.9664 33.7729 0.299999
    endloop
  endfacet
  facet normal -0.760426 0.649425 0
    outer loop
      vertex 38.9664 33.7729 2.8
      vertex 38.4416 33.1584 0.299999
      vertex 38.4416 33.1584 2.8
    endloop
  endfacet
  facet normal 0.522571 0.852596 -0
    outer loop
      vertex 32.4619 32.2113 0.299999
      vertex 31.7729 32.6336 2.8
      vertex 32.4619 32.2113 2.8
    endloop
  endfacet
  facet normal 0.522571 0.852596 0
    outer loop
      vertex 31.7729 32.6336 2.8
      vertex 32.4619 32.2113 0.299999
      vertex 31.7729 32.6336 0.299999
    endloop
  endfacet
  facet normal 0.382585 0.92392 -0
    outer loop
      vertex 33.2086 31.9021 0.299999
      vertex 32.4619 32.2113 2.8
      vertex 33.2086 31.9021 2.8
    endloop
  endfacet
  facet normal 0.382585 0.92392 0
    outer loop
      vertex 32.4619 32.2113 2.8
      vertex 33.2086 31.9021 0.299999
      vertex 32.4619 32.2113 0.299999
    endloop
  endfacet
  facet normal 0.0784565 0.996918 -0
    outer loop
      vertex 34.8 31.65 0.299999
      vertex 33.9944 31.7134 2.8
      vertex 34.8 31.65 2.8
    endloop
  endfacet
  facet normal 0.0784565 0.996918 0
    outer loop
      vertex 33.9944 31.7134 2.8
      vertex 34.8 31.65 0.299999
      vertex 33.9944 31.7134 0.299999
    endloop
  endfacet
  facet normal 0.92392 0.382585 0
    outer loop
      vertex 30.2113 34.4619 2.8
      vertex 29.9021 35.2086 0.299999
      vertex 29.9021 35.2086 2.8
    endloop
  endfacet
  facet normal 0.92392 0.382585 0
    outer loop
      vertex 29.9021 35.2086 0.299999
      vertex 30.2113 34.4619 2.8
      vertex 30.2113 34.4619 0.299999
    endloop
  endfacet
  facet normal 0.972357 0.233499 0
    outer loop
      vertex 29.9021 35.2086 2.8
      vertex 29.7134 35.9944 0.299999
      vertex 29.7134 35.9944 2.8
    endloop
  endfacet
  facet normal 0.972357 0.233499 0
    outer loop
      vertex 29.7134 35.9944 0.299999
      vertex 29.9021 35.2086 2.8
      vertex 29.9021 35.2086 0.299999
    endloop
  endfacet
  facet normal -0.382585 -0.92392 0
    outer loop
      vertex 36.3914 41.6979 0.299999
      vertex 37.1381 41.3887 2.8
      vertex 36.3914 41.6979 2.8
    endloop
  endfacet
  facet normal -0.382585 -0.92392 -0
    outer loop
      vertex 37.1381 41.3887 2.8
      vertex 36.3914 41.6979 0.299999
      vertex 37.1381 41.3887 0.299999
    endloop
  endfacet
  facet normal -0.92392 0.382585 0
    outer loop
      vertex 39.3887 34.4619 0.299999
      vertex 39.6979 35.2086 2.8
      vertex 39.6979 35.2086 0.299999
    endloop
  endfacet
  facet normal -0.92392 0.382585 0
    outer loop
      vertex 39.6979 35.2086 2.8
      vertex 39.3887 34.4619 0.299999
      vertex 39.3887 34.4619 2.8
    endloop
  endfacet
  facet normal -0.382585 0.92392 0
    outer loop
      vertex 37.1381 32.2113 0.299999
      vertex 36.3914 31.9021 2.8
      vertex 37.1381 32.2113 2.8
    endloop
  endfacet
  facet normal -0.382585 0.92392 0
    outer loop
      vertex 36.3914 31.9021 2.8
      vertex 37.1381 32.2113 0.299999
      vertex 36.3914 31.9021 0.299999
    endloop
  endfacet
  facet normal -0.852596 0.522571 0
    outer loop
      vertex 38.9664 33.7729 0.299999
      vertex 39.3887 34.4619 2.8
      vertex 39.3887 34.4619 0.299999
    endloop
  endfacet
  facet normal -0.852596 0.522571 0
    outer loop
      vertex 39.3887 34.4619 2.8
      vertex 38.9664 33.7729 0.299999
      vertex 38.9664 33.7729 2.8
    endloop
  endfacet
  facet normal 0.852596 0.522571 0
    outer loop
      vertex 30.6336 33.7729 2.8
      vertex 30.2113 34.4619 0.299999
      vertex 30.2113 34.4619 2.8
    endloop
  endfacet
  facet normal 0.852596 0.522571 0
    outer loop
      vertex 30.2113 34.4619 0.299999
      vertex 30.6336 33.7729 2.8
      vertex 30.6336 33.7729 0.299999
    endloop
  endfacet
  facet normal 0 0 -1
    outer loop
      vertex 77.2805 74.8 2.88
      vertex 78.5626 75.7072 2.88
      vertex 78.3195 74.8 2.88
    endloop
  endfacet
  facet normal 0 0 -1
    outer loop
      vertex 77.0374 75.7072 2.88
      vertex 78.5626 75.7072 2.88
      vertex 77.2805 74.8 2.88
    endloop
  endfacet
  facet normal 0 0 -1
    outer loop
      vertex 78.5626 75.7072 2.88
      vertex 77.0374 75.7072 2.88
      vertex 79.1888 77.05 2.88
    endloop
  endfacet
  facet normal 0 0 -1
    outer loop
      vertex 76.4112 77.05 2.88
      vertex 79.1888 77.05 2.88
      vertex 77.0374 75.7072 2.88
    endloop
  endfacet
  facet normal 0 0 -1
    outer loop
      vertex 79.1888 77.05 2.88
      vertex 76.4112 77.05 2.88
      vertex 79.5739 77.6 2.88
    endloop
  endfacet
  facet normal -0 0 -1
    outer loop
      vertex 79.5739 77.6 2.88
      vertex 76.4112 77.05 2.88
      vertex 76.0261 77.6 2.88
    endloop
  endfacet
  facet normal -0 0 1
    outer loop
      vertex 81.55 72.7917 0.999999
      vertex 83.05 71.8 0.999999
      vertex 83.05 72.7917 0.999999
    endloop
  endfacet
  facet normal 0 0 1
    outer loop
      vertex 83.05 71.8 0.999999
      vertex 81.55 72.7917 0.999999
      vertex 81.55 71.8 0.999999
    endloop
  endfacet
  facet normal -0 0 1
    outer loop
      vertex 107.575 77.6 0.999999
      vertex 108.568 77.3322 0.999999
      vertex 108.632 77.6 0.999999
    endloop
  endfacet
  facet normal 0 0 1
    outer loop
      vertex 108.568 77.3322 0.999999
      vertex 107.575 77.6 0.999999
      vertex 108.282 76.6435 0.999999
    endloop
  endfacet
  facet normal -0 0 1
    outer loop
      vertex 107.283 77.3504 0.999999
      vertex 108.282 76.6435 0.999999
      vertex 107.575 77.6 0.999999
    endloop
  endfacet
  facet normal 0 0 1
    outer loop
      vertex 108.282 76.6435 0.999999
      vertex 107.283 77.3504 0.999999
      vertex 107.893 76.008 0.999999
    endloop
  endfacet
  facet normal -0 0 1
    outer loop
      vertex 106.547 76.8995 0.999999
      vertex 107.893 76.008 0.999999
      vertex 107.283 77.3504 0.999999
    endloop
  endfacet
  facet normal 0 0 1
    outer loop
      vertex 107.893 76.008 0.999999
      vertex 106.547 76.8995 0.999999
      vertex 107.409 75.4412 0.999999
    endloop
  endfacet
  facet normal 0 0 1
    outer loop
      vertex 107.409 75.4412 0.999999
      vertex 106.547 76.8995 0.999999
      vertex 106.842 74.9572 0.999999
    endloop
  endfacet
  facet normal -0 0 1
    outer loop
      vertex 105.75 76.5692 0.999999
      vertex 106.842 74.9572 0.999999
      vertex 106.547 76.8995 0.999999
    endloop
  endfacet
  facet normal 0 0 1
    outer loop
      vertex 106.842 74.9572 0.999999
      vertex 105.75 76.5692 0.999999
      vertex 106.206 74.5677 0.999999
    endloop
  endfacet
  facet normal -0 0 1
    outer loop
      vertex 105.55 76.5213 0.999999
      vertex 106.206 74.5677 0.999999
      vertex 105.75 76.5692 0.999999
    endloop
  endfacet
  facet normal 0 0 1
    outer loop
      vertex 106.206 74.5677 0.999999
      vertex 105.55 76.5213 0.999999
      vertex 105.55 74.2958 0.999999
    endloop
  endfacet
  facet normal 0 0 1
    outer loop
      vertex 101.894 74.5677 0.999999
      vertex 102.55 76.5213 0.999999
      vertex 102.35 76.5692 0.999999
    endloop
  endfacet
  facet normal 0 0 1
    outer loop
      vertex 102.55 76.5213 0.999999
      vertex 101.894 74.5677 0.999999
      vertex 102.55 74.2958 0.999999
    endloop
  endfacet
  facet normal 0 0 1
    outer loop
      vertex 101.258 74.9572 0.999999
      vertex 102.35 76.5692 0.999999
      vertex 101.553 76.8995 0.999999
    endloop
  endfacet
  facet normal 0 0 1
    outer loop
      vertex 102.35 76.5692 0.999999
      vertex 101.258 74.9572 0.999999
      vertex 101.894 74.5677 0.999999
    endloop
  endfacet
  facet normal 0 0 1
    outer loop
      vertex 100.207 76.008 0.999999
      vertex 101.553 76.8995 0.999999
      vertex 100.817 77.3504 0.999999
    endloop
  endfacet
  facet normal 0 0 1
    outer loop
      vertex 101.553 76.8995 0.999999
      vertex 100.691 75.4412 0.999999
      vertex 101.258 74.9572 0.999999
    endloop
  endfacet
  facet normal 0 0 1
    outer loop
      vertex 99.8177 76.6435 0.999999
      vertex 100.817 77.3504 0.999999
      vertex 100.525 77.6 0.999999
    endloop
  endfacet
  facet normal 0 0 1
    outer loop
      vertex 101.553 76.8995 0.999999
      vertex 100.207 76.008 0.999999
      vertex 100.691 75.4412 0.999999
    endloop
  endfacet
  facet normal 0 0 1
    outer loop
      vertex 100.817 77.3504 0.999999
      vertex 99.8177 76.6435 0.999999
      vertex 100.207 76.008 0.999999
    endloop
  endfacet
  facet normal 0 0 1
    outer loop
      vertex 100.525 77.6 0.999999
      vertex 99.5325 77.3322 0.999999
      vertex 99.8177 76.6435 0.999999
    endloop
  endfacet
  facet normal 0 -0 1
    outer loop
      vertex 99.5325 77.3322 0.999999
      vertex 100.525 77.6 0.999999
      vertex 99.4682 77.6 0.999999
    endloop
  endfacet
  facet normal -0 0 1
    outer loop
      vertex 37.5751 77.6 0.999999
      vertex 38.5675 77.3322 0.999999
      vertex 38.6318 77.6 0.999999
    endloop
  endfacet
  facet normal 0 0 1
    outer loop
      vertex 38.5675 77.3322 0.999999
      vertex 37.5751 77.6 0.999999
      vertex 38.2823 76.6435 0.999999
    endloop
  endfacet
  facet normal -0 0 1
    outer loop
      vertex 37.2828 77.3504 0.999999
      vertex 38.2823 76.6435 0.999999
      vertex 37.5751 77.6 0.999999
    endloop
  endfacet
  facet normal 0 0 1
    outer loop
      vertex 38.2823 76.6435 0.999999
      vertex 37.2828 77.3504 0.999999
      vertex 37.8928 76.008 0.999999
    endloop
  endfacet
  facet normal -0 0 1
    outer loop
      vertex 36.5469 76.8995 0.999999
      vertex 37.8928 76.008 0.999999
      vertex 37.2828 77.3504 0.999999
    endloop
  endfacet
  facet normal 0 0 1
    outer loop
      vertex 37.8928 76.008 0.999999
      vertex 36.5469 76.8995 0.999999
      vertex 37.4088 75.4412 0.999999
    endloop
  endfacet
  facet normal 0 0 1
    outer loop
      vertex 37.4088 75.4412 0.999999
      vertex 36.5469 76.8995 0.999999
      vertex 36.842 74.9572 0.999999
    endloop
  endfacet
  facet normal -0 0 1
    outer loop
      vertex 35.7496 76.5692 0.999999
      vertex 36.842 74.9572 0.999999
      vertex 36.5469 76.8995 0.999999
    endloop
  endfacet
  facet normal 0 0 1
    outer loop
      vertex 36.842 74.9572 0.999999
      vertex 35.7496 76.5692 0.999999
      vertex 36.2065 74.5677 0.999999
    endloop
  endfacet
  facet normal -0 0 1
    outer loop
      vertex 35.55 76.5213 0.999999
      vertex 36.2065 74.5677 0.999999
      vertex 35.7496 76.5692 0.999999
    endloop
  endfacet
  facet normal 0 0 1
    outer loop
      vertex 36.2065 74.5677 0.999999
      vertex 35.55 76.5213 0.999999
      vertex 35.55 74.2958 0.999999
    endloop
  endfacet
  facet normal 0 0 1
    outer loop
      vertex 31.8935 74.5677 0.999999
      vertex 32.55 76.5213 0.999999
      vertex 32.3504 76.5692 0.999999
    endloop
  endfacet
  facet normal 0 0 1
    outer loop
      vertex 32.55 76.5213 0.999999
      vertex 31.8935 74.5677 0.999999
      vertex 32.55 74.2958 0.999999
    endloop
  endfacet
  facet normal 0 0 1
    outer loop
      vertex 31.258 74.9572 0.999999
      vertex 32.3504 76.5692 0.999999
      vertex 31.5531 76.8995 0.999999
    endloop
  endfacet
  facet normal 0 0 1
    outer loop
      vertex 32.3504 76.5692 0.999999
      vertex 31.258 74.9572 0.999999
      vertex 31.8935 74.5677 0.999999
    endloop
  endfacet
  facet normal 0 0 1
    outer loop
      vertex 30.2072 76.008 0.999999
      vertex 31.5531 76.8995 0.999999
      vertex 30.8172 77.3504 0.999999
    endloop
  endfacet
  facet normal 0 0 1
    outer loop
      vertex 31.5531 76.8995 0.999999
      vertex 30.6912 75.4412 0.999999
      vertex 31.258 74.9572 0.999999
    endloop
  endfacet
  facet normal 0 0 1
    outer loop
      vertex 29.8177 76.6435 0.999999
      vertex 30.8172 77.3504 0.999999
      vertex 30.5249 77.6 0.999999
    endloop
  endfacet
  facet normal 0 0 1
    outer loop
      vertex 31.5531 76.8995 0.999999
      vertex 30.2072 76.008 0.999999
      vertex 30.6912 75.4412 0.999999
    endloop
  endfacet
  facet normal 0 0 1
    outer loop
      vertex 30.8172 77.3504 0.999999
      vertex 29.8177 76.6435 0.999999
      vertex 30.2072 76.008 0.999999
    endloop
  endfacet
  facet normal 0 0 1
    outer loop
      vertex 30.5249 77.6 0.999999
      vertex 29.5325 77.3322 0.999999
      vertex 29.8177 76.6435 0.999999
    endloop
  endfacet
  facet normal 0 -0 1
    outer loop
      vertex 29.5325 77.3322 0.999999
      vertex 30.5249 77.6 0.999999
      vertex 29.4682 77.6 0.999999
    endloop
  endfacet
  facet normal -0 0 1
    outer loop
      vertex 78.55 72.7917 0.999999
      vertex 80.05 71.8 0.999999
      vertex 80.05 72.7917 0.999999
    endloop
  endfacet
  facet normal 0 0 1
    outer loop
      vertex 80.05 71.8 0.999999
      vertex 78.55 72.7917 0.999999
      vertex 78.55 71.8 0.999999
    endloop
  endfacet
  facet normal -0 0 1
    outer loop
      vertex 90.0751 77.6 0.999999
      vertex 91.0675 77.3322 0.999999
      vertex 91.1318 77.6 0.999999
    endloop
  endfacet
  facet normal 0 0 1
    outer loop
      vertex 91.0675 77.3322 0.999999
      vertex 90.0751 77.6 0.999999
      vertex 90.7823 76.6435 0.999999
    endloop
  endfacet
  facet normal -0 0 1
    outer loop
      vertex 89.7828 77.3504 0.999999
      vertex 90.7823 76.6435 0.999999
      vertex 90.0751 77.6 0.999999
    endloop
  endfacet
  facet normal 0 0 1
    outer loop
      vertex 90.7823 76.6435 0.999999
      vertex 89.7828 77.3504 0.999999
      vertex 90.3928 76.008 0.999999
    endloop
  endfacet
  facet normal -0 0 1
    outer loop
      vertex 89.047 76.8995 0.999999
      vertex 90.3928 76.008 0.999999
      vertex 89.7828 77.3504 0.999999
    endloop
  endfacet
  facet normal 0 0 1
    outer loop
      vertex 90.3928 76.008 0.999999
      vertex 89.047 76.8995 0.999999
      vertex 90.2223 75.8083 0.999999
    endloop
  endfacet
  facet normal 0 0 1
    outer loop
      vertex 88.05 75.8083 0.999999
      vertex 89.047 76.8995 0.999999
      vertex 88.2496 76.5692 0.999999
    endloop
  endfacet
  facet normal 0 0 1
    outer loop
      vertex 88.05 75.8083 0.999999
      vertex 88.2496 76.5692 0.999999
      vertex 88.05 76.5213 0.999999
    endloop
  endfacet
  facet normal 0 0 1
    outer loop
      vertex 89.047 76.8995 0.999999
      vertex 88.05 75.8083 0.999999
      vertex 90.2223 75.8083 0.999999
    endloop
  endfacet
  facet normal -0 0 1
    outer loop
      vertex 75.55 72.7917 0.999999
      vertex 77.05 71.8 0.999999
      vertex 77.05 72.7917 0.999999
    endloop
  endfacet
  facet normal 0 0 1
    outer loop
      vertex 77.05 71.8 0.999999
      vertex 75.55 72.7917 0.999999
      vertex 75.55 71.8 0.999999
    endloop
  endfacet
  facet normal 0 0 1
    outer loop
      vertex 66.8935 74.5677 0.999999
      vertex 67.55 76.5213 0.999999
      vertex 67.3504 76.5692 0.999999
    endloop
  endfacet
  facet normal 0 0 1
    outer loop
      vertex 67.55 76.5213 0.999999
      vertex 66.8935 74.5677 0.999999
      vertex 67.55 74.2958 0.999999
    endloop
  endfacet
  facet normal 0 0 1
    outer loop
      vertex 66.258 74.9572 0.999999
      vertex 67.3504 76.5692 0.999999
      vertex 66.5531 76.8995 0.999999
    endloop
  endfacet
  facet normal 0 0 1
    outer loop
      vertex 67.3504 76.5692 0.999999
      vertex 66.258 74.9572 0.999999
      vertex 66.8935 74.5677 0.999999
    endloop
  endfacet
  facet normal 0 0 1
    outer loop
      vertex 65.2072 76.008 0.999999
      vertex 66.5531 76.8995 0.999999
      vertex 65.8172 77.3504 0.999999
    endloop
  endfacet
  facet normal 0 0 1
    outer loop
      vertex 66.5531 76.8995 0.999999
      vertex 65.6912 75.4412 0.999999
      vertex 66.258 74.9572 0.999999
    endloop
  endfacet
  facet normal 0 0 1
    outer loop
      vertex 64.8177 76.6435 0.999999
      vertex 65.8172 77.3504 0.999999
      vertex 65.5249 77.6 0.999999
    endloop
  endfacet
  facet normal 0 0 1
    outer loop
      vertex 66.5531 76.8995 0.999999
      vertex 65.2072 76.008 0.999999
      vertex 65.6912 75.4412 0.999999
    endloop
  endfacet
  facet normal 0 0 1
    outer loop
      vertex 65.8172 77.3504 0.999999
      vertex 64.8177 76.6435 0.999999
      vertex 65.2072 76.008 0.999999
    endloop
  endfacet
  facet normal 0 0 1
    outer loop
      vertex 65.5249 77.6 0.999999
      vertex 64.5325 77.3322 0.999999
      vertex 64.8177 76.6435 0.999999
    endloop
  endfacet
  facet normal 0 -0 1
    outer loop
      vertex 64.5325 77.3322 0.999999
      vertex 65.5249 77.6 0.999999
      vertex 64.4682 77.6 0.999999
    endloop
  endfacet
  facet normal -0 0 1
    outer loop
      vertex 125.075 77.6 0.999999
      vertex 126.068 77.3322 0.999999
      vertex 126.132 77.6 0.999999
    endloop
  endfacet
  facet normal 0 0 1
    outer loop
      vertex 126.068 77.3322 0.999999
      vertex 125.075 77.6 0.999999
      vertex 125.782 76.6435 0.999999
    endloop
  endfacet
  facet normal -0 0 1
    outer loop
      vertex 124.783 77.3504 0.999999
      vertex 125.782 76.6435 0.999999
      vertex 125.075 77.6 0.999999
    endloop
  endfacet
  facet normal 0 0 1
    outer loop
      vertex 125.782 76.6435 0.999999
      vertex 124.783 77.3504 0.999999
      vertex 125.393 76.008 0.999999
    endloop
  endfacet
  facet normal -0 0 1
    outer loop
      vertex 124.047 76.8995 0.999999
      vertex 125.393 76.008 0.999999
      vertex 124.783 77.3504 0.999999
    endloop
  endfacet
  facet normal 0 0 1
    outer loop
      vertex 125.393 76.008 0.999999
      vertex 124.047 76.8995 0.999999
      vertex 124.909 75.4412 0.999999
    endloop
  endfacet
  facet normal 0 0 1
    outer loop
      vertex 124.909 75.4412 0.999999
      vertex 124.047 76.8995 0.999999
      vertex 124.342 74.9572 0.999999
    endloop
  endfacet
  facet normal -0 0 1
    outer loop
      vertex 123.25 76.5692 0.999999
      vertex 124.342 74.9572 0.999999
      vertex 124.047 76.8995 0.999999
    endloop
  endfacet
  facet normal 0 0 1
    outer loop
      vertex 124.342 74.9572 0.999999
      vertex 123.25 76.5692 0.999999
      vertex 123.706 74.5677 0.999999
    endloop
  endfacet
  facet normal -0 0 1
    outer loop
      vertex 123.05 76.5213 0.999999
      vertex 123.706 74.5677 0.999999
      vertex 123.25 76.5692 0.999999
    endloop
  endfacet
  facet normal 0 0 1
    outer loop
      vertex 123.706 74.5677 0.999999
      vertex 123.05 76.5213 0.999999
      vertex 123.05 74.2958 0.999999
    endloop
  endfacet
  facet normal 0 0 1
    outer loop
      vertex 119.394 74.5677 0.999999
      vertex 120.05 76.5213 0.999999
      vertex 119.85 76.5692 0.999999
    endloop
  endfacet
  facet normal 0 0 1
    outer loop
      vertex 120.05 76.5213 0.999999
      vertex 119.394 74.5677 0.999999
      vertex 120.05 74.2958 0.999999
    endloop
  endfacet
  facet normal 0 0 1
    outer loop
      vertex 118.758 74.9572 0.999999
      vertex 119.85 76.5692 0.999999
      vertex 119.053 76.8995 0.999999
    endloop
  endfacet
  facet normal 0 0 1
    outer loop
      vertex 119.85 76.5692 0.999999
      vertex 118.758 74.9572 0.999999
      vertex 119.394 74.5677 0.999999
    endloop
  endfacet
  facet normal 0 0 1
    outer loop
      vertex 117.707 76.008 0.999999
      vertex 119.053 76.8995 0.999999
      vertex 118.317 77.3504 0.999999
    endloop
  endfacet
  facet normal 0 0 1
    outer loop
      vertex 119.053 76.8995 0.999999
      vertex 118.191 75.4412 0.999999
      vertex 118.758 74.9572 0.999999
    endloop
  endfacet
  facet normal 0 0 1
    outer loop
      vertex 117.318 76.6435 0.999999
      vertex 118.317 77.3504 0.999999
      vertex 118.025 77.6 0.999999
    endloop
  endfacet
  facet normal 0 0 1
    outer loop
      vertex 119.053 76.8995 0.999999
      vertex 117.707 76.008 0.999999
      vertex 118.191 75.4412 0.999999
    endloop
  endfacet
  facet normal 0 0 1
    outer loop
      vertex 118.317 77.3504 0.999999
      vertex 117.318 76.6435 0.999999
      vertex 117.707 76.008 0.999999
    endloop
  endfacet
  facet normal 0 0 1
    outer loop
      vertex 118.025 77.6 0.999999
      vertex 117.032 77.3322 0.999999
      vertex 117.318 76.6435 0.999999
    endloop
  endfacet
  facet normal 0 -0 1
    outer loop
      vertex 117.032 77.3322 0.999999
      vertex 118.025 77.6 0.999999
      vertex 116.968 77.6 0.999999
    endloop
  endfacet
  facet normal -0 0 1
    outer loop
      vertex 72.55 72.7917 0.999999
      vertex 74.05 71.8 0.999999
      vertex 74.05 72.7917 0.999999
    endloop
  endfacet
  facet normal 0 0 1
    outer loop
      vertex 74.05 71.8 0.999999
      vertex 72.55 72.7917 0.999999
      vertex 72.55 71.8 0.999999
    endloop
  endfacet
  facet normal -0 0 1
    outer loop
      vertex 55.0751 77.6 0.999999
      vertex 56.0675 77.3322 0.999999
      vertex 56.1318 77.6 0.999999
    endloop
  endfacet
  facet normal 0 0 1
    outer loop
      vertex 56.0675 77.3322 0.999999
      vertex 55.0751 77.6 0.999999
      vertex 55.7823 76.6435 0.999999
    endloop
  endfacet
  facet normal -0 0 1
    outer loop
      vertex 54.7828 77.3504 0.999999
      vertex 55.7823 76.6435 0.999999
      vertex 55.0751 77.6 0.999999
    endloop
  endfacet
  facet normal 0 0 1
    outer loop
      vertex 55.7823 76.6435 0.999999
      vertex 54.7828 77.3504 0.999999
      vertex 55.3928 76.008 0.999999
    endloop
  endfacet
  facet normal -0 0 1
    outer loop
      vertex 54.0469 76.8995 0.999999
      vertex 55.3928 76.008 0.999999
      vertex 54.7828 77.3504 0.999999
    endloop
  endfacet
  facet normal 0 0 1
    outer loop
      vertex 55.3928 76.008 0.999999
      vertex 54.0469 76.8995 0.999999
      vertex 54.9088 75.4412 0.999999
    endloop
  endfacet
  facet normal 0 0 1
    outer loop
      vertex 54.9088 75.4412 0.999999
      vertex 54.0469 76.8995 0.999999
      vertex 54.342 74.9572 0.999999
    endloop
  endfacet
  facet normal -0 0 1
    outer loop
      vertex 53.2496 76.5692 0.999999
      vertex 54.342 74.9572 0.999999
      vertex 54.0469 76.8995 0.999999
    endloop
  endfacet
  facet normal 0 0 1
    outer loop
      vertex 54.342 74.9572 0.999999
      vertex 53.2496 76.5692 0.999999
      vertex 53.7065 74.5677 0.999999
    endloop
  endfacet
  facet normal -0 0 1
    outer loop
      vertex 53.05 76.5213 0.999999
      vertex 53.7065 74.5677 0.999999
      vertex 53.2496 76.5692 0.999999
    endloop
  endfacet
  facet normal 0 0 1
    outer loop
      vertex 53.7065 74.5677 0.999999
      vertex 53.05 76.5213 0.999999
      vertex 53.05 74.2958 0.999999
    endloop
  endfacet
  facet normal 0 0 1
    outer loop
      vertex 49.3935 74.5677 0.999999
      vertex 50.05 76.5213 0.999999
      vertex 49.8504 76.5692 0.999999
    endloop
  endfacet
  facet normal 0 0 1
    outer loop
      vertex 50.05 76.5213 0.999999
      vertex 49.3935 74.5677 0.999999
      vertex 50.05 74.2958 0.999999
    endloop
  endfacet
  facet normal 0 0 1
    outer loop
      vertex 48.758 74.9572 0.999999
      vertex 49.8504 76.5692 0.999999
      vertex 49.0531 76.8995 0.999999
    endloop
  endfacet
  facet normal 0 0 1
    outer loop
      vertex 49.8504 76.5692 0.999999
      vertex 48.758 74.9572 0.999999
      vertex 49.3935 74.5677 0.999999
    endloop
  endfacet
  facet normal 0 0 1
    outer loop
      vertex 47.7072 76.008 0.999999
      vertex 49.0531 76.8995 0.999999
      vertex 48.3172 77.3504 0.999999
    endloop
  endfacet
  facet normal 0 0 1
    outer loop
      vertex 49.0531 76.8995 0.999999
      vertex 48.1912 75.4412 0.999999
      vertex 48.758 74.9572 0.999999
    endloop
  endfacet
  facet normal 0 0 1
    outer loop
      vertex 47.3177 76.6435 0.999999
      vertex 48.3172 77.3504 0.999999
      vertex 48.0249 77.6 0.999999
    endloop
  endfacet
  facet normal 0 0 1
    outer loop
      vertex 49.0531 76.8995 0.999999
      vertex 47.7072 76.008 0.999999
      vertex 48.1912 75.4412 0.999999
    endloop
  endfacet
  facet normal 0 0 1
    outer loop
      vertex 48.3172 77.3504 0.999999
      vertex 47.3177 76.6435 0.999999
      vertex 47.7072 76.008 0.999999
    endloop
  endfacet
  facet normal 0 0 1
    outer loop
      vertex 48.0249 77.6 0.999999
      vertex 47.0325 77.3322 0.999999
      vertex 47.3177 76.6435 0.999999
    endloop
  endfacet
  facet normal 0 -0 1
    outer loop
      vertex 47.0325 77.3322 0.999999
      vertex 48.0249 77.6 0.999999
      vertex 46.9682 77.6 0.999999
    endloop
  endfacet
  facet normal 0 0 1
    outer loop
      vertex 85.05 72.7917 0.999999
      vertex 84.8504 72.0308 0.999999
      vertex 85.05 72.0787 0.999999
    endloop
  endfacet
  facet normal -0 0 1
    outer loop
      vertex 84.55 72.7917 0.999999
      vertex 84.8504 72.0308 0.999999
      vertex 85.05 72.7917 0.999999
    endloop
  endfacet
  facet normal 0 0 1
    outer loop
      vertex 84.8504 72.0308 0.999999
      vertex 84.55 72.7917 0.999999
      vertex 84.55 71.9064 0.999999
    endloop
  endfacet
  facet normal 0 0 1
    outer loop
      vertex 71.05 72.7917 0.999999
      vertex 70.7496 72.0308 0.999999
      vertex 71.05 71.9064 0.999999
    endloop
  endfacet
  facet normal -0 0 1
    outer loop
      vertex 70.55 72.7917 0.999999
      vertex 70.7496 72.0308 0.999999
      vertex 71.05 72.7917 0.999999
    endloop
  endfacet
  facet normal 0 0 1
    outer loop
      vertex 70.7496 72.0308 0.999999
      vertex 70.55 72.7917 0.999999
      vertex 70.55 72.0787 0.999999
    endloop
  endfacet
  facet normal 0 0 1
    outer loop
      vertex 84.8504 76.5692 0.999999
      vertex 85.05 75.8083 0.999999
      vertex 85.05 76.5213 0.999999
    endloop
  endfacet
  facet normal 0 0 1
    outer loop
      vertex 84.0531 76.8995 0.999999
      vertex 85.05 75.8083 0.999999
      vertex 84.8504 76.5692 0.999999
    endloop
  endfacet
  facet normal 0 0 1
    outer loop
      vertex 83.3172 77.3504 0.999999
      vertex 85.05 75.8083 0.999999
      vertex 84.0531 76.8995 0.999999
    endloop
  endfacet
  facet normal 0 0 1
    outer loop
      vertex 72.2828 77.3504 0.999999
      vertex 83.3172 77.3504 0.999999
      vertex 83.0249 77.6 0.999999
    endloop
  endfacet
  facet normal 0 0 1
    outer loop
      vertex 72.2828 77.3504 0.999999
      vertex 83.0249 77.6 0.999999
      vertex 72.5751 77.6 0.999999
    endloop
  endfacet
  facet normal 0 0 1
    outer loop
      vertex 83.3172 77.3504 0.999999
      vertex 72.2828 77.3504 0.999999
      vertex 85.05 75.8083 0.999999
    endloop
  endfacet
  facet normal 0 0 1
    outer loop
      vertex 70.55 75.8083 0.999999
      vertex 72.2828 77.3504 0.999999
      vertex 71.547 76.8995 0.999999
    endloop
  endfacet
  facet normal 0 0 1
    outer loop
      vertex 70.55 75.8083 0.999999
      vertex 71.547 76.8995 0.999999
      vertex 70.7496 76.5692 0.999999
    endloop
  endfacet
  facet normal 0 0 1
    outer loop
      vertex 70.55 75.8083 0.999999
      vertex 70.7496 76.5692 0.999999
      vertex 70.55 76.5213 0.999999
    endloop
  endfacet
  facet normal 0 0 1
    outer loop
      vertex 72.2828 77.3504 0.999999
      vertex 70.55 75.8083 0.999999
      vertex 85.05 75.8083 0.999999
    endloop
  endfacet
  facet normal -1 0 0
    outer loop
      vertex 71.05 71.9064 0.999999
      vertex 71.05 72.8 1.01
      vertex 71.05 72.7917 0.999999
    endloop
  endfacet
  facet normal -1 0 0
    outer loop
      vertex 71.05 71.9064 2.6
      vertex 71.05 72.8 1.01
      vertex 71.05 71.9064 0.999999
    endloop
  endfacet
  facet normal -1 0 0
    outer loop
      vertex 71.05 72.8 1.01
      vertex 71.05 71.9064 2.6
      vertex 71.05 72.8 2.6
    endloop
  endfacet
  facet normal -0.760468 0.649376 0
    outer loop
      vertex 37.4088 75.4412 0.999999
      vertex 37.8928 76.008 2.6
      vertex 37.8928 76.008 0.999999
    endloop
  endfacet
  facet normal -0.760468 0.649376 0
    outer loop
      vertex 37.8928 76.008 2.6
      vertex 37.4088 75.4412 0.999999
      vertex 37.4088 75.4412 2.6
    endloop
  endfacet
  facet normal 0.923912 0.382605 0
    outer loop
      vertex 29.8177 76.6435 2.6
      vertex 29.5325 77.3322 0.999999
      vertex 29.5325 77.3322 2.6
    endloop
  endfacet
  facet normal 0.923912 0.382605 0
    outer loop
      vertex 29.5325 77.3322 0.999999
      vertex 29.8177 76.6435 2.6
      vertex 29.8177 76.6435 0.999999
    endloop
  endfacet
  facet normal -0.649376 0.760468 0
    outer loop
      vertex 37.4088 75.4412 0.999999
      vertex 36.842 74.9572 2.6
      vertex 37.4088 75.4412 2.6
    endloop
  endfacet
  facet normal -0.649376 0.760468 0
    outer loop
      vertex 36.842 74.9572 2.6
      vertex 37.4088 75.4412 0.999999
      vertex 36.842 74.9572 0.999999
    endloop
  endfacet
  facet normal -0.522562 0.852601 0
    outer loop
      vertex 36.842 74.9572 0.999999
      vertex 36.2065 74.5677 2.6
      vertex 36.842 74.9572 2.6
    endloop
  endfacet
  facet normal -0.522562 0.852601 0
    outer loop
      vertex 36.2065 74.5677 2.6
      vertex 36.842 74.9572 0.999999
      vertex 36.2065 74.5677 0.999999
    endloop
  endfacet
  facet normal -0.382646 0.923895 0
    outer loop
      vertex 36.2065 74.5677 0.999999
      vertex 35.55 74.2958 2.6
      vertex 36.2065 74.5677 2.6
    endloop
  endfacet
  facet normal -0.382646 0.923895 0
    outer loop
      vertex 35.55 74.2958 2.6
      vertex 36.2065 74.5677 0.999999
      vertex 35.55 74.2958 0.999999
    endloop
  endfacet
  facet normal -0.923912 0.382605 0
    outer loop
      vertex 38.2823 76.6435 0.999999
      vertex 38.5675 77.3322 2.6
      vertex 38.5675 77.3322 0.999999
    endloop
  endfacet
  facet normal -0.923912 0.382605 0
    outer loop
      vertex 38.5675 77.3322 2.6
      vertex 38.2823 76.6435 0.999999
      vertex 38.2823 76.6435 2.6
    endloop
  endfacet
  facet normal -0.972364 0.233469 0
    outer loop
      vertex 38.5675 77.3322 0.999999
      vertex 38.6318 77.6 2.6
      vertex 38.6318 77.6 0.999999
    endloop
  endfacet
  facet normal -0.972364 0.233469 0
    outer loop
      vertex 38.6318 77.6 2.6
      vertex 38.5675 77.3322 0.999999
      vertex 38.5675 77.3322 2.6
    endloop
  endfacet
  facet normal 0.522562 0.852601 -0
    outer loop
      vertex 31.8935 74.5677 0.999999
      vertex 31.258 74.9572 2.6
      vertex 31.8935 74.5677 2.6
    endloop
  endfacet
  facet normal 0.522562 0.852601 0
    outer loop
      vertex 31.258 74.9572 2.6
      vertex 31.8935 74.5677 0.999999
      vertex 31.258 74.9572 0.999999
    endloop
  endfacet
  facet normal 0.760468 0.649376 0
    outer loop
      vertex 30.6912 75.4412 2.6
      vertex 30.2072 76.008 0.999999
      vertex 30.2072 76.008 2.6
    endloop
  endfacet
  facet normal 0.760468 0.649376 0
    outer loop
      vertex 30.2072 76.008 0.999999
      vertex 30.6912 75.4412 2.6
      vertex 30.6912 75.4412 0.999999
    endloop
  endfacet
  facet normal 0.852601 0.522562 0
    outer loop
      vertex 30.2072 76.008 2.6
      vertex 29.8177 76.6435 0.999999
      vertex 29.8177 76.6435 2.6
    endloop
  endfacet
  facet normal 0.852601 0.522562 0
    outer loop
      vertex 29.8177 76.6435 0.999999
      vertex 30.2072 76.008 2.6
      vertex 30.2072 76.008 0.999999
    endloop
  endfacet
  facet normal 0.972364 0.233469 0
    outer loop
      vertex 29.5325 77.3322 2.6
      vertex 29.4682 77.6 0.999999
      vertex 29.4682 77.6 2.6
    endloop
  endfacet
  facet normal 0.972364 0.233469 0
    outer loop
      vertex 29.4682 77.6 0.999999
      vertex 29.5325 77.3322 2.6
      vertex 29.5325 77.3322 0.999999
    endloop
  endfacet
  facet normal 0.382646 0.923895 -0
    outer loop
      vertex 32.55 74.2958 0.999999
      vertex 31.8935 74.5677 2.6
      vertex 32.55 74.2958 2.6
    endloop
  endfacet
  facet normal 0.382646 0.923895 0
    outer loop
      vertex 31.8935 74.5677 2.6
      vertex 32.55 74.2958 0.999999
      vertex 31.8935 74.5677 0.999999
    endloop
  endfacet
  facet normal 0.649376 0.760468 -0
    outer loop
      vertex 31.258 74.9572 0.999999
      vertex 30.6912 75.4412 2.6
      vertex 31.258 74.9572 2.6
    endloop
  endfacet
  facet normal 0.649376 0.760468 0
    outer loop
      vertex 30.6912 75.4412 2.6
      vertex 31.258 74.9572 0.999999
      vertex 30.6912 75.4412 0.999999
    endloop
  endfacet
  facet normal -0.852601 0.522562 0
    outer loop
      vertex 37.8928 76.008 0.999999
      vertex 38.2823 76.6435 2.6
      vertex 38.2823 76.6435 0.999999
    endloop
  endfacet
  facet normal -0.852601 0.522562 0
    outer loop
      vertex 38.2823 76.6435 2.6
      vertex 37.8928 76.008 0.999999
      vertex 37.8928 76.008 2.6
    endloop
  endfacet
  facet normal 0 -1 0
    outer loop
      vertex 90.2152 75.8 1.01
      vertex 91.8 75.8 2.6
      vertex 90.2152 75.8 2.6
    endloop
  endfacet
  facet normal 0 -1 -0
    outer loop
      vertex 91.8 75.8 2.6
      vertex 90.2152 75.8 1.01
      vertex 91.8 75.8 1.01
    endloop
  endfacet
  facet normal 0 1 -0
    outer loop
      vertex 91.8 72.8 1.01
      vertex 88.05 72.8 2.6
      vertex 91.8 72.8 2.6
    endloop
  endfacet
  facet normal 0 1 0
    outer loop
      vertex 88.05 72.8 2.6
      vertex 91.8 72.8 1.01
      vertex 88.05 72.8 1.01
    endloop
  endfacet
  facet normal 0 1 -0
    outer loop
      vertex 78.55 72.8 1.01
      vertex 78.05 72.8 2.6
      vertex 78.55 72.8 2.6
    endloop
  endfacet
  facet normal 0 1 0
    outer loop
      vertex 78.05 72.8 2.6
      vertex 78.55 72.8 1.01
      vertex 77.55 72.8 2.6
    endloop
  endfacet
  facet normal 0 1 0
    outer loop
      vertex 77.05 72.8 1.01
      vertex 77.55 72.8 2.6
      vertex 78.55 72.8 1.01
    endloop
  endfacet
  facet normal 0 1 0
    outer loop
      vertex 77.55 72.8 2.6
      vertex 77.05 72.8 1.01
      vertex 77.05 72.8 2.6
    endloop
  endfacet
  facet normal 0 1 -0
    outer loop
      vertex 78.05 72.8 2.6
      vertex 77.55 72.8 2.8
      vertex 78.05 72.8 2.8
    endloop
  endfacet
  facet normal 0 1 0
    outer loop
      vertex 77.55 72.8 2.8
      vertex 78.05 72.8 2.6
      vertex 77.55 72.8 2.6
    endloop
  endfacet
  facet normal 0 1 -0
    outer loop
      vertex 81.55 72.8 1.01
      vertex 80.05 72.8 2.6
      vertex 81.55 72.8 2.6
    endloop
  endfacet
  facet normal 0 1 0
    outer loop
      vertex 80.05 72.8 2.6
      vertex 81.55 72.8 1.01
      vertex 80.05 72.8 1.01
    endloop
  endfacet
  facet normal 0 1 -0
    outer loop
      vertex 75.55 72.8 1.01
      vertex 74.05 72.8 2.6
      vertex 75.55 72.8 2.6
    endloop
  endfacet
  facet normal 0 1 0
    outer loop
      vertex 74.05 72.8 2.6
      vertex 75.55 72.8 1.01
      vertex 74.05 72.8 1.01
    endloop
  endfacet
  facet normal 0 1 -0
    outer loop
      vertex 72.55 72.8 1.01
      vertex 71.05 72.8 2.6
      vertex 72.55 72.8 2.6
    endloop
  endfacet
  facet normal 0 1 0
    outer loop
      vertex 71.05 72.8 2.6
      vertex 72.55 72.8 1.01
      vertex 71.05 72.8 1.01
    endloop
  endfacet
  facet normal 0 1 -0
    outer loop
      vertex 84.55 72.8 1.01
      vertex 83.05 72.8 2.6
      vertex 84.55 72.8 2.6
    endloop
  endfacet
  facet normal 0 1 0
    outer loop
      vertex 83.05 72.8 2.6
      vertex 84.55 72.8 1.01
      vertex 83.05 72.8 1.01
    endloop
  endfacet
  facet normal 0 0.768209 -0.640199
    outer loop
      vertex 88.4246 71.9583 0
      vertex 88.05 72.8 1.01
      vertex 91.8 72.8 1.01
    endloop
  endfacet
  facet normal -7.64143e-05 0.768209 -0.6402
    outer loop
      vertex 88.05 72.8 1.01
      vertex 88.2496 72.0308 0.0869735
      vertex 88.05 72.0787 0.144475
    endloop
  endfacet
  facet normal 0 0.768209 -0.640199
    outer loop
      vertex 88.4246 71.9583 0
      vertex 91.8 72.8 1.01
      vertex 92.6417 71.9583 0
    endloop
  endfacet
  facet normal 0.000103402 0.768228 -0.640177
    outer loop
      vertex 88.05 72.8 1.01
      vertex 88.4246 71.9583 0
      vertex 88.2496 72.0308 0.0869735
    endloop
  endfacet
  facet normal 0 0.768202 -0.640207
    outer loop
      vertex 84.8504 72.0308 0.0869735
      vertex 84.55 72.7917 0.999999
      vertex 85.05 72.7917 0.999999
    endloop
  endfacet
  facet normal 0 0.768196 -0.640215
    outer loop
      vertex 84.55 72.7917 0.999999
      vertex 84.6754 71.9583 0
      vertex 83.05 72.7917 0.999999
    endloop
  endfacet
  facet normal 0 0.768196 -0.640215
    outer loop
      vertex 83.05 72.7917 0.999999
      vertex 84.6754 71.9583 0
      vertex 81.55 72.7917 0.999999
    endloop
  endfacet
  facet normal 0 0.768196 -0.640215
    outer loop
      vertex 81.55 72.7917 0.999999
      vertex 84.6754 71.9583 0
      vertex 80.05 72.7917 0.999999
    endloop
  endfacet
  facet normal 0 0.768196 -0.640215
    outer loop
      vertex 80.05 72.7917 0.999999
      vertex 84.6754 71.9583 0
      vertex 78.55 72.7917 0.999999
    endloop
  endfacet
  facet normal 0 0.768196 -0.640215
    outer loop
      vertex 78.55 72.7917 0.999999
      vertex 84.6754 71.9583 0
      vertex 77.05 72.7917 0.999999
    endloop
  endfacet
  facet normal 0 0.768196 -0.640215
    outer loop
      vertex 70.9246 71.9583 0
      vertex 77.05 72.7917 0.999999
      vertex 84.6754 71.9583 0
    endloop
  endfacet
  facet normal 0 0.768196 -0.640215
    outer loop
      vertex 77.05 72.7917 0.999999
      vertex 70.9246 71.9583 0
      vertex 75.55 72.7917 0.999999
    endloop
  endfacet
  facet normal 0 0.768196 -0.640215
    outer loop
      vertex 75.55 72.7917 0.999999
      vertex 70.9246 71.9583 0
      vertex 74.05 72.7917 0.999999
    endloop
  endfacet
  facet normal 0 0.768196 -0.640215
    outer loop
      vertex 74.05 72.7917 0.999999
      vertex 70.9246 71.9583 0
      vertex 72.55 72.7917 0.999999
    endloop
  endfacet
  facet normal 8.53381e-05 0.768193 -0.640218
    outer loop
      vertex 84.8504 72.0308 0.0869735
      vertex 85.05 72.7917 0.999999
      vertex 85.05 72.0787 0.144475
    endloop
  endfacet
  facet normal -6.69928e-05 0.768192 -0.64022
    outer loop
      vertex 84.55 72.7917 0.999999
      vertex 84.8504 72.0308 0.0869735
      vertex 84.6754 71.9583 0
    endloop
  endfacet
  facet normal 0 0.768196 -0.640215
    outer loop
      vertex 72.55 72.7917 0.999999
      vertex 70.9246 71.9583 0
      vertex 71.05 72.7917 0.999999
    endloop
  endfacet
  facet normal -8.53381e-05 0.768193 -0.640218
    outer loop
      vertex 70.55 72.7917 0.999999
      vertex 70.7496 72.0308 0.0869735
      vertex 70.55 72.0787 0.144475
    endloop
  endfacet
  facet normal 6.69928e-05 0.768192 -0.64022
    outer loop
      vertex 70.7496 72.0308 0.0869735
      vertex 71.05 72.7917 0.999999
      vertex 70.9246 71.9583 0
    endloop
  endfacet
  facet normal 0 0.768202 -0.640207
    outer loop
      vertex 71.05 72.7917 0.999999
      vertex 70.7496 72.0308 0.0869735
      vertex 70.55 72.7917 0.999999
    endloop
  endfacet
  facet normal 0 0.769513 -0.638632
    outer loop
      vertex 84.55 72.7917 0.999999
      vertex 83.05 72.8 1.01
      vertex 84.55 72.8 1.01
    endloop
  endfacet
  facet normal 0 0.769513 -0.638632
    outer loop
      vertex 83.05 72.8 1.01
      vertex 84.55 72.7917 0.999999
      vertex 83.05 72.7917 0.999999
    endloop
  endfacet
  facet normal 0 0.769513 -0.638632
    outer loop
      vertex 81.55 72.7917 0.999999
      vertex 80.05 72.8 1.01
      vertex 81.55 72.8 1.01
    endloop
  endfacet
  facet normal 0 0.769513 -0.638632
    outer loop
      vertex 80.05 72.8 1.01
      vertex 81.55 72.7917 0.999999
      vertex 80.05 72.7917 0.999999
    endloop
  endfacet
  facet normal 0 0.769513 -0.638632
    outer loop
      vertex 78.55 72.7917 0.999999
      vertex 77.05 72.8 1.01
      vertex 78.55 72.8 1.01
    endloop
  endfacet
  facet normal 0 0.769513 -0.638632
    outer loop
      vertex 77.05 72.8 1.01
      vertex 78.55 72.7917 0.999999
      vertex 77.05 72.7917 0.999999
    endloop
  endfacet
  facet normal 0 0.769513 -0.638632
    outer loop
      vertex 75.55 72.7917 0.999999
      vertex 74.05 72.8 1.01
      vertex 75.55 72.8 1.01
    endloop
  endfacet
  facet normal 0 0.769513 -0.638632
    outer loop
      vertex 74.05 72.8 1.01
      vertex 75.55 72.7917 0.999999
      vertex 74.05 72.7917 0.999999
    endloop
  endfacet
  facet normal 0 0.769513 -0.638632
    outer loop
      vertex 72.55 72.7917 0.999999
      vertex 71.05 72.8 1.01
      vertex 72.55 72.8 1.01
    endloop
  endfacet
  facet normal 0 0.769513 -0.638632
    outer loop
      vertex 71.05 72.8 1.01
      vertex 72.55 72.7917 0.999999
      vertex 71.05 72.7917 0.999999
    endloop
  endfacet
  facet normal -8.54433e-05 -0.768194 -0.640218
    outer loop
      vertex 88.2496 76.5692 0.0869724
      vertex 88.05 75.8083 0.999999
      vertex 88.05 76.5213 0.144474
    endloop
  endfacet
  facet normal 0 -0.769513 -0.638632
    outer loop
      vertex 90.2223 75.8083 0.999999
      vertex 91.8 75.8 1.01
      vertex 90.2152 75.8 1.01
    endloop
  endfacet
  facet normal 9.23956e-05 -0.768213 -0.640195
    outer loop
      vertex 88.4246 76.6417 0
      vertex 88.05 75.8083 0.999999
      vertex 88.2496 76.5692 0.0869724
    endloop
  endfacet
  facet normal 0 -0.768196 -0.640215
    outer loop
      vertex 88.05 75.8083 0.999999
      vertex 88.4246 76.6417 0
      vertex 90.2223 75.8083 0.999999
    endloop
  endfacet
  facet normal -0 -0.768196 -0.640215
    outer loop
      vertex 92.6417 76.6417 0
      vertex 90.2223 75.8083 0.999999
      vertex 88.4246 76.6417 0
    endloop
  endfacet
  facet normal 1.67089e-05 -0.768216 -0.640191
    outer loop
      vertex 90.2223 75.8083 0.999999
      vertex 92.6417 76.6417 0
      vertex 91.8 75.8 1.01
    endloop
  endfacet
  facet normal -8.54433e-05 -0.768194 -0.640218
    outer loop
      vertex 70.7496 76.5692 0.0869724
      vertex 70.55 75.8083 0.999999
      vertex 70.55 76.5213 0.144474
    endloop
  endfacet
  facet normal 9.23956e-05 -0.768213 -0.640195
    outer loop
      vertex 70.9246 76.6417 0
      vertex 70.55 75.8083 0.999999
      vertex 70.7496 76.5692 0.0869724
    endloop
  endfacet
  facet normal 0 -0.768196 -0.640215
    outer loop
      vertex 70.55 75.8083 0.999999
      vertex 70.9246 76.6417 0
      vertex 85.05 75.8083 0.999999
    endloop
  endfacet
  facet normal 8.54433e-05 -0.768194 -0.640218
    outer loop
      vertex 85.05 75.8083 0.999999
      vertex 84.8504 76.5692 0.0869724
      vertex 85.05 76.5213 0.144474
    endloop
  endfacet
  facet normal -0 -0.768196 -0.640215
    outer loop
      vertex 84.6754 76.6417 0
      vertex 85.05 75.8083 0.999999
      vertex 70.9246 76.6417 0
    endloop
  endfacet
  facet normal -9.23956e-05 -0.768213 -0.640195
    outer loop
      vertex 85.05 75.8083 0.999999
      vertex 84.6754 76.6417 0
      vertex 84.8504 76.5692 0.0869724
    endloop
  endfacet
  facet normal 1 -0 0
    outer loop
      vertex 72.55 71.8 2.6
      vertex 72.55 72.8 1.01
      vertex 72.55 72.8 2.6
    endloop
  endfacet
  facet normal 1 0 0
    outer loop
      vertex 72.55 71.8 0.999999
      vertex 72.55 72.8 1.01
      vertex 72.55 71.8 2.6
    endloop
  endfacet
  facet normal 1 0 0
    outer loop
      vertex 72.55 72.8 1.01
      vertex 72.55 71.8 0.999999
      vertex 72.55 72.7917 0.999999
    endloop
  endfacet
  facet normal 0 1 -0
    outer loop
      vertex 74.05 71.8 0.999999
      vertex 72.55 71.8 2.6
      vertex 74.05 71.8 2.6
    endloop
  endfacet
  facet normal 0 1 0
    outer loop
      vertex 72.55 71.8 2.6
      vertex 74.05 71.8 0.999999
      vertex 72.55 71.8 0.999999
    endloop
  endfacet
  facet normal -1 0 0
    outer loop
      vertex 74.05 71.8 0.999999
      vertex 74.05 72.8 1.01
      vertex 74.05 72.7917 0.999999
    endloop
  endfacet
  facet normal -1 0 0
    outer loop
      vertex 74.05 71.8 2.6
      vertex 74.05 72.8 1.01
      vertex 74.05 71.8 0.999999
    endloop
  endfacet
  facet normal -1 0 0
    outer loop
      vertex 74.05 72.8 1.01
      vertex 74.05 71.8 2.6
      vertex 74.05 72.8 2.6
    endloop
  endfacet
  facet normal -0.852601 0.522562 0
    outer loop
      vertex 55.3928 76.008 0.999999
      vertex 55.7823 76.6435 2.6
      vertex 55.7823 76.6435 0.999999
    endloop
  endfacet
  facet normal -0.852601 0.522562 0
    outer loop
      vertex 55.7823 76.6435 2.6
      vertex 55.3928 76.008 0.999999
      vertex 55.3928 76.008 2.6
    endloop
  endfacet
  facet normal -0.649376 0.760468 0
    outer loop
      vertex 54.9088 75.4412 0.999999
      vertex 54.342 74.9572 2.6
      vertex 54.9088 75.4412 2.6
    endloop
  endfacet
  facet normal -0.649376 0.760468 0
    outer loop
      vertex 54.342 74.9572 2.6
      vertex 54.9088 75.4412 0.999999
      vertex 54.342 74.9572 0.999999
    endloop
  endfacet
  facet normal -0.522562 0.852601 0
    outer loop
      vertex 54.342 74.9572 0.999999
      vertex 53.7065 74.5677 2.6
      vertex 54.342 74.9572 2.6
    endloop
  endfacet
  facet normal -0.522562 0.852601 0
    outer loop
      vertex 53.7065 74.5677 2.6
      vertex 54.342 74.9572 0.999999
      vertex 53.7065 74.5677 0.999999
    endloop
  endfacet
  facet normal -0.923912 0.382605 0
    outer loop
      vertex 55.7823 76.6435 0.999999
      vertex 56.0675 77.3322 2.6
      vertex 56.0675 77.3322 0.999999
    endloop
  endfacet
  facet normal -0.923912 0.382605 0
    outer loop
      vertex 56.0675 77.3322 2.6
      vertex 55.7823 76.6435 0.999999
      vertex 55.7823 76.6435 2.6
    endloop
  endfacet
  facet normal -0.972364 0.233469 0
    outer loop
      vertex 56.0675 77.3322 0.999999
      vertex 56.1318 77.6 2.6
      vertex 56.1318 77.6 0.999999
    endloop
  endfacet
  facet normal -0.972364 0.233469 0
    outer loop
      vertex 56.1318 77.6 2.6
      vertex 56.0675 77.3322 0.999999
      vertex 56.0675 77.3322 2.6
    endloop
  endfacet
  facet normal 0.522562 0.852601 -0
    outer loop
      vertex 49.3935 74.5677 0.999999
      vertex 48.758 74.9572 2.6
      vertex 49.3935 74.5677 2.6
    endloop
  endfacet
  facet normal 0.522562 0.852601 0
    outer loop
      vertex 48.758 74.9572 2.6
      vertex 49.3935 74.5677 0.999999
      vertex 48.758 74.9572 0.999999
    endloop
  endfacet
  facet normal 0.760468 0.649376 0
    outer loop
      vertex 48.1912 75.4412 2.6
      vertex 47.7072 76.008 0.999999
      vertex 47.7072 76.008 2.6
    endloop
  endfacet
  facet normal 0.760468 0.649376 0
    outer loop
      vertex 47.7072 76.008 0.999999
      vertex 48.1912 75.4412 2.6
      vertex 48.1912 75.4412 0.999999
    endloop
  endfacet
  facet normal 0.852601 0.522562 0
    outer loop
      vertex 47.7072 76.008 2.6
      vertex 47.3177 76.6435 0.999999
      vertex 47.3177 76.6435 2.6
    endloop
  endfacet
  facet normal 0.852601 0.522562 0
    outer loop
      vertex 47.3177 76.6435 0.999999
      vertex 47.7072 76.008 2.6
      vertex 47.7072 76.008 0.999999
    endloop
  endfacet
  facet normal 0.972364 0.233469 0
    outer loop
      vertex 47.0325 77.3322 2.6
      vertex 46.9682 77.6 0.999999
      vertex 46.9682 77.6 2.6
    endloop
  endfacet
  facet normal 0.972364 0.233469 0
    outer loop
      vertex 46.9682 77.6 0.999999
      vertex 47.0325 77.3322 2.6
      vertex 47.0325 77.3322 0.999999
    endloop
  endfacet
  facet normal 0.923912 0.382605 0
    outer loop
      vertex 47.3177 76.6435 2.6
      vertex 47.0325 77.3322 0.999999
      vertex 47.0325 77.3322 2.6
    endloop
  endfacet
  facet normal 0.923912 0.382605 0
    outer loop
      vertex 47.0325 77.3322 0.999999
      vertex 47.3177 76.6435 2.6
      vertex 47.3177 76.6435 0.999999
    endloop
  endfacet
  facet normal -0.760468 0.649376 0
    outer loop
      vertex 54.9088 75.4412 0.999999
      vertex 55.3928 76.008 2.6
      vertex 55.3928 76.008 0.999999
    endloop
  endfacet
  facet normal -0.760468 0.649376 0
    outer loop
      vertex 55.3928 76.008 2.6
      vertex 54.9088 75.4412 0.999999
      vertex 54.9088 75.4412 2.6
    endloop
  endfacet
  facet normal -0.382646 0.923895 0
    outer loop
      vertex 53.7065 74.5677 0.999999
      vertex 53.05 74.2958 2.6
      vertex 53.7065 74.5677 2.6
    endloop
  endfacet
  facet normal -0.382646 0.923895 0
    outer loop
      vertex 53.05 74.2958 2.6
      vertex 53.7065 74.5677 0.999999
      vertex 53.05 74.2958 0.999999
    endloop
  endfacet
  facet normal 0.382646 0.923895 -0
    outer loop
      vertex 50.05 74.2958 0.999999
      vertex 49.3935 74.5677 2.6
      vertex 50.05 74.2958 2.6
    endloop
  endfacet
  facet normal 0.382646 0.923895 0
    outer loop
      vertex 49.3935 74.5677 2.6
      vertex 50.05 74.2958 0.999999
      vertex 49.3935 74.5677 0.999999
    endloop
  endfacet
  facet normal 0.649376 0.760468 -0
    outer loop
      vertex 48.758 74.9572 0.999999
      vertex 48.1912 75.4412 2.6
      vertex 48.758 74.9572 2.6
    endloop
  endfacet
  facet normal 0.649376 0.760468 0
    outer loop
      vertex 48.1912 75.4412 2.6
      vertex 48.758 74.9572 0.999999
      vertex 48.1912 75.4412 0.999999
    endloop
  endfacet
  facet normal 1 -0 0
    outer loop
      vertex 75.55 71.8 2.6
      vertex 75.55 72.8 1.01
      vertex 75.55 72.8 2.6
    endloop
  endfacet
  facet normal 1 0 0
    outer loop
      vertex 75.55 71.8 0.999999
      vertex 75.55 72.8 1.01
      vertex 75.55 71.8 2.6
    endloop
  endfacet
  facet normal 1 0 0
    outer loop
      vertex 75.55 72.8 1.01
      vertex 75.55 71.8 0.999999
      vertex 75.55 72.7917 0.999999
    endloop
  endfacet
  facet normal 0 1 -0
    outer loop
      vertex 77.05 71.8 0.999999
      vertex 75.55 71.8 2.6
      vertex 77.05 71.8 2.6
    endloop
  endfacet
  facet normal 0 1 0
    outer loop
      vertex 75.55 71.8 2.6
      vertex 77.05 71.8 0.999999
      vertex 75.55 71.8 0.999999
    endloop
  endfacet
  facet normal -1 0 0
    outer loop
      vertex 77.05 71.8 0.999999
      vertex 77.05 72.8 1.01
      vertex 77.05 72.7917 0.999999
    endloop
  endfacet
  facet normal -1 0 0
    outer loop
      vertex 77.05 71.8 2.6
      vertex 77.05 72.8 1.01
      vertex 77.05 71.8 0.999999
    endloop
  endfacet
  facet normal -1 0 0
    outer loop
      vertex 77.05 72.8 1.01
      vertex 77.05 71.8 2.6
      vertex 77.05 72.8 2.6
    endloop
  endfacet
  facet normal 0.852601 0.522562 0
    outer loop
      vertex 65.2072 76.008 2.6
      vertex 64.8177 76.6435 0.999999
      vertex 64.8177 76.6435 2.6
    endloop
  endfacet
  facet normal 0.852601 0.522562 0
    outer loop
      vertex 64.8177 76.6435 0.999999
      vertex 65.2072 76.008 2.6
      vertex 65.2072 76.008 0.999999
    endloop
  endfacet
  facet normal 0.522562 0.852601 -0
    outer loop
      vertex 66.8935 74.5677 0.999999
      vertex 66.258 74.9572 2.6
      vertex 66.8935 74.5677 2.6
    endloop
  endfacet
  facet normal 0.522562 0.852601 0
    outer loop
      vertex 66.258 74.9572 2.6
      vertex 66.8935 74.5677 0.999999
      vertex 66.258 74.9572 0.999999
    endloop
  endfacet
  facet normal 0.972364 0.233469 0
    outer loop
      vertex 64.5325 77.3322 2.6
      vertex 64.4682 77.6 0.999999
      vertex 64.4682 77.6 2.6
    endloop
  endfacet
  facet normal 0.972364 0.233469 0
    outer loop
      vertex 64.4682 77.6 0.999999
      vertex 64.5325 77.3322 2.6
      vertex 64.5325 77.3322 0.999999
    endloop
  endfacet
  facet normal 0.923912 0.382605 0
    outer loop
      vertex 64.8177 76.6435 2.6
      vertex 64.5325 77.3322 0.999999
      vertex 64.5325 77.3322 2.6
    endloop
  endfacet
  facet normal 0.923912 0.382605 0
    outer loop
      vertex 64.5325 77.3322 0.999999
      vertex 64.8177 76.6435 2.6
      vertex 64.8177 76.6435 0.999999
    endloop
  endfacet
  facet normal 0.382646 0.923895 -0
    outer loop
      vertex 67.55 74.2958 0.999999
      vertex 66.8935 74.5677 2.6
      vertex 67.55 74.2958 2.6
    endloop
  endfacet
  facet normal 0.382646 0.923895 0
    outer loop
      vertex 66.8935 74.5677 2.6
      vertex 67.55 74.2958 0.999999
      vertex 66.8935 74.5677 0.999999
    endloop
  endfacet
  facet normal 0.760468 0.649376 0
    outer loop
      vertex 65.6912 75.4412 2.6
      vertex 65.2072 76.008 0.999999
      vertex 65.2072 76.008 2.6
    endloop
  endfacet
  facet normal 0.760468 0.649376 0
    outer loop
      vertex 65.2072 76.008 0.999999
      vertex 65.6912 75.4412 2.6
      vertex 65.6912 75.4412 0.999999
    endloop
  endfacet
  facet normal 0.649376 0.760468 -0
    outer loop
      vertex 66.258 74.9572 0.999999
      vertex 65.6912 75.4412 2.6
      vertex 66.258 74.9572 2.6
    endloop
  endfacet
  facet normal 0.649376 0.760468 0
    outer loop
      vertex 65.6912 75.4412 2.6
      vertex 66.258 74.9572 0.999999
      vertex 65.6912 75.4412 0.999999
    endloop
  endfacet
  facet normal 1 -0 0
    outer loop
      vertex 78.55 71.8 2.6
      vertex 78.55 72.8 1.01
      vertex 78.55 72.8 2.6
    endloop
  endfacet
  facet normal 1 0 0
    outer loop
      vertex 78.55 71.8 0.999999
      vertex 78.55 72.8 1.01
      vertex 78.55 71.8 2.6
    endloop
  endfacet
  facet normal 1 0 0
    outer loop
      vertex 78.55 72.8 1.01
      vertex 78.55 71.8 0.999999
      vertex 78.55 72.7917 0.999999
    endloop
  endfacet
  facet normal 0 1 -0
    outer loop
      vertex 80.05 71.8 0.999999
      vertex 78.55 71.8 2.6
      vertex 80.05 71.8 2.6
    endloop
  endfacet
  facet normal 0 1 0
    outer loop
      vertex 78.55 71.8 2.6
      vertex 80.05 71.8 0.999999
      vertex 78.55 71.8 0.999999
    endloop
  endfacet
  facet normal -1 0 0
    outer loop
      vertex 80.05 71.8 0.999999
      vertex 80.05 72.8 1.01
      vertex 80.05 72.7917 0.999999
    endloop
  endfacet
  facet normal -1 0 0
    outer loop
      vertex 80.05 71.8 2.6
      vertex 80.05 72.8 1.01
      vertex 80.05 71.8 0.999999
    endloop
  endfacet
  facet normal -1 0 0
    outer loop
      vertex 80.05 72.8 1.01
      vertex 80.05 71.8 2.6
      vertex 80.05 72.8 2.6
    endloop
  endfacet
  facet normal -0.760518 0.649316 -0.00103575
    outer loop
      vertex 90.2152 75.8 1.01
      vertex 90.3928 76.008 0.999999
      vertex 90.2223 75.8083 0.999999
    endloop
  endfacet
  facet normal -0.760494 0.649345 0
    outer loop
      vertex 90.3928 76.008 0.999999
      vertex 90.2152 75.8 1.01
      vertex 90.3928 76.008 2.6
    endloop
  endfacet
  facet normal -0.760494 0.649345 0
    outer loop
      vertex 90.3928 76.008 2.6
      vertex 90.2152 75.8 1.01
      vertex 90.2152 75.8 2.6
    endloop
  endfacet
  facet normal -0.923912 0.382605 0
    outer loop
      vertex 90.7823 76.6435 0.999999
      vertex 91.0675 77.3322 2.6
      vertex 91.0675 77.3322 0.999999
    endloop
  endfacet
  facet normal -0.923912 0.382605 0
    outer loop
      vertex 91.0675 77.3322 2.6
      vertex 90.7823 76.6435 0.999999
      vertex 90.7823 76.6435 2.6
    endloop
  endfacet
  facet normal -0.972364 0.233469 0
    outer loop
      vertex 91.0675 77.3322 0.999999
      vertex 91.1318 77.6 2.6
      vertex 91.1318 77.6 0.999999
    endloop
  endfacet
  facet normal -0.972364 0.233469 0
    outer loop
      vertex 91.1318 77.6 2.6
      vertex 91.0675 77.3322 0.999999
      vertex 91.0675 77.3322 2.6
    endloop
  endfacet
  facet normal -0.852601 0.522562 0
    outer loop
      vertex 90.3928 76.008 0.999999
      vertex 90.7823 76.6435 2.6
      vertex 90.7823 76.6435 0.999999
    endloop
  endfacet
  facet normal -0.852601 0.522562 0
    outer loop
      vertex 90.7823 76.6435 2.6
      vertex 90.3928 76.008 0.999999
      vertex 90.3928 76.008 2.6
    endloop
  endfacet
  facet normal 1 -0 0
    outer loop
      vertex 81.55 71.8 2.6
      vertex 81.55 72.8 1.01
      vertex 81.55 72.8 2.6
    endloop
  endfacet
  facet normal 1 0 0
    outer loop
      vertex 81.55 71.8 0.999999
      vertex 81.55 72.8 1.01
      vertex 81.55 71.8 2.6
    endloop
  endfacet
  facet normal 1 0 0
    outer loop
      vertex 81.55 72.8 1.01
      vertex 81.55 71.8 0.999999
      vertex 81.55 72.7917 0.999999
    endloop
  endfacet
  facet normal 0 1 -0
    outer loop
      vertex 83.05 71.8 0.999999
      vertex 81.55 71.8 2.6
      vertex 83.05 71.8 2.6
    endloop
  endfacet
  facet normal 0 1 0
    outer loop
      vertex 81.55 71.8 2.6
      vertex 83.05 71.8 0.999999
      vertex 81.55 71.8 0.999999
    endloop
  endfacet
  facet normal -1 0 0
    outer loop
      vertex 83.05 71.8 0.999999
      vertex 83.05 72.8 1.01
      vertex 83.05 72.7917 0.999999
    endloop
  endfacet
  facet normal -1 0 0
    outer loop
      vertex 83.05 71.8 2.6
      vertex 83.05 72.8 1.01
      vertex 83.05 71.8 0.999999
    endloop
  endfacet
  facet normal -1 0 0
    outer loop
      vertex 83.05 72.8 1.01
      vertex 83.05 71.8 2.6
      vertex 83.05 72.8 2.6
    endloop
  endfacet
  facet normal -0.760468 0.649376 0
    outer loop
      vertex 107.409 75.4412 0.999999
      vertex 107.893 76.008 2.6
      vertex 107.893 76.008 0.999999
    endloop
  endfacet
  facet normal -0.760468 0.649376 0
    outer loop
      vertex 107.893 76.008 2.6
      vertex 107.409 75.4412 0.999999
      vertex 107.409 75.4412 2.6
    endloop
  endfacet
  facet normal 0.923912 0.382605 0
    outer loop
      vertex 99.8177 76.6435 2.6
      vertex 99.5325 77.3322 0.999999
      vertex 99.5325 77.3322 2.6
    endloop
  endfacet
  facet normal 0.923912 0.382605 0
    outer loop
      vertex 99.5325 77.3322 0.999999
      vertex 99.8177 76.6435 2.6
      vertex 99.8177 76.6435 0.999999
    endloop
  endfacet
  facet normal -0.649243 0.760581 0
    outer loop
      vertex 107.409 75.4412 0.999999
      vertex 106.842 74.9572 2.6
      vertex 107.409 75.4412 2.6
    endloop
  endfacet
  facet normal -0.649243 0.760581 0
    outer loop
      vertex 106.842 74.9572 2.6
      vertex 107.409 75.4412 0.999999
      vertex 106.842 74.9572 0.999999
    endloop
  endfacet
  facet normal -0.522263 0.852784 0
    outer loop
      vertex 106.842 74.9572 0.999999
      vertex 106.206 74.5677 2.6
      vertex 106.842 74.9572 2.6
    endloop
  endfacet
  facet normal -0.522263 0.852784 0
    outer loop
      vertex 106.206 74.5677 2.6
      vertex 106.842 74.9572 0.999999
      vertex 106.206 74.5677 0.999999
    endloop
  endfacet
  facet normal -0.382895 0.923792 0
    outer loop
      vertex 106.206 74.5677 0.999999
      vertex 105.55 74.2958 2.6
      vertex 106.206 74.5677 2.6
    endloop
  endfacet
  facet normal -0.382895 0.923792 0
    outer loop
      vertex 105.55 74.2958 2.6
      vertex 106.206 74.5677 0.999999
      vertex 105.55 74.2958 0.999999
    endloop
  endfacet
  facet normal -0.923533 0.38352 0
    outer loop
      vertex 108.282 76.6435 0.999999
      vertex 108.568 77.3322 2.6
      vertex 108.568 77.3322 0.999999
    endloop
  endfacet
  facet normal -0.923533 0.38352 0
    outer loop
      vertex 108.568 77.3322 2.6
      vertex 108.282 76.6435 0.999999
      vertex 108.282 76.6435 2.6
    endloop
  endfacet
  facet normal -0.972611 0.232439 0
    outer loop
      vertex 108.568 77.3322 0.999999
      vertex 108.632 77.6 2.6
      vertex 108.632 77.6 0.999999
    endloop
  endfacet
  facet normal -0.972611 0.232439 0
    outer loop
      vertex 108.632 77.6 2.6
      vertex 108.568 77.3322 0.999999
      vertex 108.568 77.3322 2.6
    endloop
  endfacet
  facet normal 0.522263 0.852784 -0
    outer loop
      vertex 101.894 74.5677 0.999999
      vertex 101.258 74.9572 2.6
      vertex 101.894 74.5677 2.6
    endloop
  endfacet
  facet normal 0.522263 0.852784 0
    outer loop
      vertex 101.258 74.9572 2.6
      vertex 101.894 74.5677 0.999999
      vertex 101.258 74.9572 0.999999
    endloop
  endfacet
  facet normal 0.760468 0.649376 0
    outer loop
      vertex 100.691 75.4412 2.6
      vertex 100.207 76.008 0.999999
      vertex 100.207 76.008 2.6
    endloop
  endfacet
  facet normal 0.760468 0.649376 0
    outer loop
      vertex 100.207 76.008 0.999999
      vertex 100.691 75.4412 2.6
      vertex 100.691 75.4412 0.999999
    endloop
  endfacet
  facet normal 0.852721 0.522367 0
    outer loop
      vertex 100.207 76.008 2.6
      vertex 99.8177 76.6435 0.999999
      vertex 99.8177 76.6435 2.6
    endloop
  endfacet
  facet normal 0.852721 0.522367 0
    outer loop
      vertex 99.8177 76.6435 0.999999
      vertex 100.207 76.008 2.6
      vertex 100.207 76.008 0.999999
    endloop
  endfacet
  facet normal 0.972364 0.233469 0
    outer loop
      vertex 99.5325 77.3322 2.6
      vertex 99.4682 77.6 0.999999
      vertex 99.4682 77.6 2.6
    endloop
  endfacet
  facet normal 0.972364 0.233469 0
    outer loop
      vertex 99.4682 77.6 0.999999
      vertex 99.5325 77.3322 2.6
      vertex 99.5325 77.3322 0.999999
    endloop
  endfacet
  facet normal 0.382895 0.923792 -0
    outer loop
      vertex 102.55 74.2958 0.999999
      vertex 101.894 74.5677 2.6
      vertex 102.55 74.2958 2.6
    endloop
  endfacet
  facet normal 0.382895 0.923792 0
    outer loop
      vertex 101.894 74.5677 2.6
      vertex 102.55 74.2958 0.999999
      vertex 101.894 74.5677 0.999999
    endloop
  endfacet
  facet normal 0.649243 0.760581 -0
    outer loop
      vertex 101.258 74.9572 0.999999
      vertex 100.691 75.4412 2.6
      vertex 101.258 74.9572 2.6
    endloop
  endfacet
  facet normal 0.649243 0.760581 0
    outer loop
      vertex 100.691 75.4412 2.6
      vertex 101.258 74.9572 0.999999
      vertex 100.691 75.4412 0.999999
    endloop
  endfacet
  facet normal -0.8529 0.522074 0
    outer loop
      vertex 107.893 76.008 0.999999
      vertex 108.282 76.6435 2.6
      vertex 108.282 76.6435 0.999999
    endloop
  endfacet
  facet normal -0.8529 0.522074 0
    outer loop
      vertex 108.282 76.6435 2.6
      vertex 107.893 76.008 0.999999
      vertex 107.893 76.008 2.6
    endloop
  endfacet
  facet normal 1 -0 0
    outer loop
      vertex 84.55 71.9064 2.6
      vertex 84.55 72.8 1.01
      vertex 84.55 72.8 2.6
    endloop
  endfacet
  facet normal 1 0 0
    outer loop
      vertex 84.55 71.9064 0.999999
      vertex 84.55 72.8 1.01
      vertex 84.55 71.9064 2.6
    endloop
  endfacet
  facet normal 1 0 0
    outer loop
      vertex 84.55 72.8 1.01
      vertex 84.55 71.9064 0.999999
      vertex 84.55 72.7917 0.999999
    endloop
  endfacet
  facet normal -0.972611 0.232439 0
    outer loop
      vertex 126.068 77.3322 0.999999
      vertex 126.132 77.6 2.6
      vertex 126.132 77.6 0.999999
    endloop
  endfacet
  facet normal -0.972611 0.232439 0
    outer loop
      vertex 126.132 77.6 2.6
      vertex 126.068 77.3322 0.999999
      vertex 126.068 77.3322 2.6
    endloop
  endfacet
  facet normal -0.923533 0.38352 0
    outer loop
      vertex 125.782 76.6435 0.999999
      vertex 126.068 77.3322 2.6
      vertex 126.068 77.3322 0.999999
    endloop
  endfacet
  facet normal -0.923533 0.38352 0
    outer loop
      vertex 126.068 77.3322 2.6
      vertex 125.782 76.6435 0.999999
      vertex 125.782 76.6435 2.6
    endloop
  endfacet
  facet normal 0.8529 0.522074 0
    outer loop
      vertex 117.707 76.008 2.6
      vertex 117.318 76.6435 0.999999
      vertex 117.318 76.6435 2.6
    endloop
  endfacet
  facet normal 0.8529 0.522074 0
    outer loop
      vertex 117.318 76.6435 0.999999
      vertex 117.707 76.008 2.6
      vertex 117.707 76.008 0.999999
    endloop
  endfacet
  facet normal -0.8529 0.522074 0
    outer loop
      vertex 125.393 76.008 0.999999
      vertex 125.782 76.6435 2.6
      vertex 125.782 76.6435 0.999999
    endloop
  endfacet
  facet normal -0.8529 0.522074 0
    outer loop
      vertex 125.782 76.6435 2.6
      vertex 125.393 76.008 0.999999
      vertex 125.393 76.008 2.6
    endloop
  endfacet
  facet normal -0.522263 0.852784 0
    outer loop
      vertex 124.342 74.9572 0.999999
      vertex 123.706 74.5677 2.6
      vertex 124.342 74.9572 2.6
    endloop
  endfacet
  facet normal -0.522263 0.852784 0
    outer loop
      vertex 123.706 74.5677 2.6
      vertex 124.342 74.9572 0.999999
      vertex 123.706 74.5677 0.999999
    endloop
  endfacet
  facet normal 0.522263 0.852784 -0
    outer loop
      vertex 119.394 74.5677 0.999999
      vertex 118.758 74.9572 2.6
      vertex 119.394 74.5677 2.6
    endloop
  endfacet
  facet normal 0.522263 0.852784 0
    outer loop
      vertex 118.758 74.9572 2.6
      vertex 119.394 74.5677 0.999999
      vertex 118.758 74.9572 0.999999
    endloop
  endfacet
  facet normal 0.923533 0.38352 0
    outer loop
      vertex 117.318 76.6435 2.6
      vertex 117.032 77.3322 0.999999
      vertex 117.032 77.3322 2.6
    endloop
  endfacet
  facet normal 0.923533 0.38352 0
    outer loop
      vertex 117.032 77.3322 0.999999
      vertex 117.318 76.6435 2.6
      vertex 117.318 76.6435 0.999999
    endloop
  endfacet
  facet normal 0.972611 0.232439 0
    outer loop
      vertex 117.032 77.3322 2.6
      vertex 116.968 77.6 0.999999
      vertex 116.968 77.6 2.6
    endloop
  endfacet
  facet normal 0.972611 0.232439 0
    outer loop
      vertex 116.968 77.6 0.999999
      vertex 117.032 77.3322 2.6
      vertex 117.032 77.3322 0.999999
    endloop
  endfacet
  facet normal -0.760468 0.649376 0
    outer loop
      vertex 124.909 75.4412 0.999999
      vertex 125.393 76.008 2.6
      vertex 125.393 76.008 0.999999
    endloop
  endfacet
  facet normal -0.760468 0.649376 0
    outer loop
      vertex 125.393 76.008 2.6
      vertex 124.909 75.4412 0.999999
      vertex 124.909 75.4412 2.6
    endloop
  endfacet
  facet normal -0.649243 0.760581 0
    outer loop
      vertex 124.909 75.4412 0.999999
      vertex 124.342 74.9572 2.6
      vertex 124.909 75.4412 2.6
    endloop
  endfacet
  facet normal -0.649243 0.760581 0
    outer loop
      vertex 124.342 74.9572 2.6
      vertex 124.909 75.4412 0.999999
      vertex 124.342 74.9572 0.999999
    endloop
  endfacet
  facet normal -0.382895 0.923792 0
    outer loop
      vertex 123.706 74.5677 0.999999
      vertex 123.05 74.2958 2.6
      vertex 123.706 74.5677 2.6
    endloop
  endfacet
  facet normal -0.382895 0.923792 0
    outer loop
      vertex 123.05 74.2958 2.6
      vertex 123.706 74.5677 0.999999
      vertex 123.05 74.2958 0.999999
    endloop
  endfacet
  facet normal 0.382895 0.923792 -0
    outer loop
      vertex 120.05 74.2958 0.999999
      vertex 119.394 74.5677 2.6
      vertex 120.05 74.2958 2.6
    endloop
  endfacet
  facet normal 0.382895 0.923792 0
    outer loop
      vertex 119.394 74.5677 2.6
      vertex 120.05 74.2958 0.999999
      vertex 119.394 74.5677 0.999999
    endloop
  endfacet
  facet normal 0.760468 0.649376 0
    outer loop
      vertex 118.191 75.4412 2.6
      vertex 117.707 76.008 0.999999
      vertex 117.707 76.008 2.6
    endloop
  endfacet
  facet normal 0.760468 0.649376 0
    outer loop
      vertex 117.707 76.008 0.999999
      vertex 118.191 75.4412 2.6
      vertex 118.191 75.4412 0.999999
    endloop
  endfacet
  facet normal 0.649243 0.760581 -0
    outer loop
      vertex 118.758 74.9572 0.999999
      vertex 118.191 75.4412 2.6
      vertex 118.758 74.9572 2.6
    endloop
  endfacet
  facet normal 0.649243 0.760581 0
    outer loop
      vertex 118.191 75.4412 2.6
      vertex 118.758 74.9572 0.999999
      vertex 118.191 75.4412 0.999999
    endloop
  endfacet
  facet normal -1 0 0
    outer loop
      vertex 91.8 72.8 1.01
      vertex 91.8 75.8 2.6
      vertex 91.8 75.8 1.01
    endloop
  endfacet
  facet normal -1 -0 0
    outer loop
      vertex 91.8 75.8 2.6
      vertex 91.8 72.8 1.01
      vertex 91.8 72.8 2.6
    endloop
  endfacet
  facet normal -0.768209 0 -0.640199
    outer loop
      vertex 92.6417 76.6417 0
      vertex 91.8 72.8 1.01
      vertex 91.8 75.8 1.01
    endloop
  endfacet
  facet normal -0.768209 0 -0.640199
    outer loop
      vertex 91.8 72.8 1.01
      vertex 92.6417 76.6417 0
      vertex 92.6417 71.9583 0
    endloop
  endfacet
  facet normal 0.38273 0.92386 -0
    outer loop
      vertex 32.3504 76.5692 0
      vertex 31.5531 76.8995 0.999999
      vertex 32.3504 76.5692 0.999999
    endloop
  endfacet
  facet normal 0.38273 0.92386 0
    outer loop
      vertex 31.5531 76.8995 0.999999
      vertex 32.3504 76.5692 0
      vertex 31.5531 76.8995 0
    endloop
  endfacet
  facet normal -0.38273 0.92386 0
    outer loop
      vertex 36.5469 76.8995 0
      vertex 35.7496 76.5692 0.999999
      vertex 36.5469 76.8995 0.999999
    endloop
  endfacet
  facet normal -0.38273 0.92386 0
    outer loop
      vertex 35.7496 76.5692 0.999999
      vertex 36.5469 76.8995 0
      vertex 35.7496 76.5692 0
    endloop
  endfacet
  facet normal -0.522448 0.852671 0
    outer loop
      vertex 37.2828 77.3504 0
      vertex 36.5469 76.8995 0.999999
      vertex 37.2828 77.3504 0.999999
    endloop
  endfacet
  facet normal -0.522448 0.852671 0
    outer loop
      vertex 36.5469 76.8995 0.999999
      vertex 37.2828 77.3504 0
      vertex 36.5469 76.8995 0
    endloop
  endfacet
  facet normal 0.233355 0.972392 -0
    outer loop
      vertex 32.55 76.5213 0
      vertex 32.3504 76.5692 0.999999
      vertex 32.55 76.5213 0.999999
    endloop
  endfacet
  facet normal 0.233355 0.972392 0
    outer loop
      vertex 32.3504 76.5692 0.999999
      vertex 32.55 76.5213 0
      vertex 32.3504 76.5692 0
    endloop
  endfacet
  facet normal 0.649376 0.760467 -0
    outer loop
      vertex 30.8172 77.3504 0
      vertex 30.5249 77.6 0.999999
      vertex 30.8172 77.3504 0.999999
    endloop
  endfacet
  facet normal 0.649376 0.760467 0
    outer loop
      vertex 30.5249 77.6 0.999999
      vertex 30.8172 77.3504 0
      vertex 30.5249 77.6 0
    endloop
  endfacet
  facet normal -0.233355 0.972392 0
    outer loop
      vertex 35.7496 76.5692 0
      vertex 35.55 76.5213 0.999999
      vertex 35.7496 76.5692 0.999999
    endloop
  endfacet
  facet normal -0.233355 0.972392 0
    outer loop
      vertex 35.55 76.5213 0.999999
      vertex 35.7496 76.5692 0
      vertex 35.55 76.5213 0
    endloop
  endfacet
  facet normal -0.649376 0.760467 0
    outer loop
      vertex 37.5751 77.6 0
      vertex 37.2828 77.3504 0.999999
      vertex 37.5751 77.6 0.999999
    endloop
  endfacet
  facet normal -0.649376 0.760467 0
    outer loop
      vertex 37.2828 77.3504 0.999999
      vertex 37.5751 77.6 0
      vertex 37.2828 77.3504 0
    endloop
  endfacet
  facet normal 0.522448 0.852671 -0
    outer loop
      vertex 31.5531 76.8995 0
      vertex 30.8172 77.3504 0.999999
      vertex 31.5531 76.8995 0.999999
    endloop
  endfacet
  facet normal 0.522448 0.852671 0
    outer loop
      vertex 30.8172 77.3504 0.999999
      vertex 31.5531 76.8995 0
      vertex 30.8172 77.3504 0
    endloop
  endfacet
  facet normal -0.996919 -0.0784419 0
    outer loop
      vertex 39.55 66.8 0
      vertex 39.4823 67.6604 2.6
      vertex 39.4823 67.6604 0
    endloop
  endfacet
  facet normal -0.996919 -0.0784419 0
    outer loop
      vertex 39.4823 67.6604 2.6
      vertex 39.55 66.8 0
      vertex 39.55 66.8 2.6
    endloop
  endfacet
  facet normal 0.996919 -0.0784419 0
    outer loop
      vertex 28.55 66.8 2.6
      vertex 28.6177 67.6604 0
      vertex 28.6177 67.6604 2.6
    endloop
  endfacet
  facet normal 0.996919 -0.0784419 0
    outer loop
      vertex 28.6177 67.6604 0
      vertex 28.55 66.8 2.6
      vertex 28.55 66.8 0
    endloop
  endfacet
  facet normal -0.649426 -0.760425 0
    outer loop
      vertex 37.2828 71.2496 0
      vertex 37.9391 70.6891 2.6
      vertex 37.2828 71.2496 2.6
    endloop
  endfacet
  facet normal -0.649426 -0.760425 -0
    outer loop
      vertex 37.9391 70.6891 2.6
      vertex 37.2828 71.2496 0
      vertex 37.9391 70.6891 0
    endloop
  endfacet
  facet normal 0.760425 -0.649426 0
    outer loop
      vertex 29.6004 70.0328 2.6
      vertex 30.1609 70.6891 0
      vertex 30.1609 70.6891 2.6
    endloop
  endfacet
  facet normal 0.760425 -0.649426 0
    outer loop
      vertex 30.1609 70.6891 0
      vertex 29.6004 70.0328 2.6
      vertex 29.6004 70.0328 0
    endloop
  endfacet
  facet normal 0.38273 -0.92386 0
    outer loop
      vertex 31.5531 71.7005 0
      vertex 32.3504 72.0308 2.6
      vertex 31.5531 71.7005 2.6
    endloop
  endfacet
  facet normal 0.38273 -0.92386 0
    outer loop
      vertex 32.3504 72.0308 2.6
      vertex 31.5531 71.7005 0
      vertex 32.3504 72.0308 0
    endloop
  endfacet
  facet normal -0.852671 0.522448 0
    outer loop
      vertex 38.4996 63.5672 0
      vertex 38.9505 64.3031 2.8
      vertex 38.9505 64.3031 0
    endloop
  endfacet
  facet normal -0.852671 0.522448 0
    outer loop
      vertex 38.9505 64.3031 2.8
      vertex 38.4996 63.5672 0
      vertex 38.4996 63.5672 2.8
    endloop
  endfacet
  facet normal 0.760425 0.649426 0
    outer loop
      vertex 30.1609 62.9109 2.8
      vertex 29.6004 63.5672 0
      vertex 29.6004 63.5672 2.8
    endloop
  endfacet
  facet normal 0.760425 0.649426 0
    outer loop
      vertex 29.6004 63.5672 0
      vertex 30.1609 62.9109 2.8
      vertex 30.1609 62.9109 0
    endloop
  endfacet
  facet normal -0.923877 -0.382689 0
    outer loop
      vertex 39.2808 68.4996 0
      vertex 38.9505 69.297 2.6
      vertex 38.9505 69.297 0
    endloop
  endfacet
  facet normal -0.923877 -0.382689 0
    outer loop
      vertex 38.9505 69.297 2.6
      vertex 39.2808 68.4996 0
      vertex 39.2808 68.4996 2.6
    endloop
  endfacet
  facet normal -0.972363 -0.233474 0
    outer loop
      vertex 39.4823 67.6604 0
      vertex 39.2808 68.4996 2.6
      vertex 39.2808 68.4996 0
    endloop
  endfacet
  facet normal -0.972363 -0.233474 0
    outer loop
      vertex 39.2808 68.4996 2.6
      vertex 39.4823 67.6604 0
      vertex 39.4823 67.6604 2.6
    endloop
  endfacet
  facet normal -0.233355 -0.972392 0
    outer loop
      vertex 35.55 72.0787 0
      vertex 35.7496 72.0308 2.6
      vertex 35.55 72.0787 2.6
    endloop
  endfacet
  facet normal -0.233355 -0.972392 -0
    outer loop
      vertex 35.7496 72.0308 2.6
      vertex 35.55 72.0787 0
      vertex 35.7496 72.0308 0
    endloop
  endfacet
  facet normal -0.522448 -0.852671 0
    outer loop
      vertex 36.5469 71.7005 0
      vertex 37.2828 71.2496 2.6
      vertex 36.5469 71.7005 2.6
    endloop
  endfacet
  facet normal -0.522448 -0.852671 -0
    outer loop
      vertex 37.2828 71.2496 2.6
      vertex 36.5469 71.7005 0
      vertex 37.2828 71.2496 0
    endloop
  endfacet
  facet normal 0.923877 -0.382689 0
    outer loop
      vertex 28.8192 68.4996 2.6
      vertex 29.1495 69.297 0
      vertex 29.1495 69.297 2.6
    endloop
  endfacet
  facet normal 0.923877 -0.382689 0
    outer loop
      vertex 29.1495 69.297 0
      vertex 28.8192 68.4996 2.6
      vertex 28.8192 68.4996 0
    endloop
  endfacet
  facet normal 0.85264 -0.5225 0
    outer loop
      vertex 29.1495 69.297 2.6
      vertex 29.6004 70.0328 0
      vertex 29.6004 70.0328 2.6
    endloop
  endfacet
  facet normal 0.85264 -0.5225 0
    outer loop
      vertex 29.6004 70.0328 0
      vertex 29.1495 69.297 2.6
      vertex 29.1495 69.297 0
    endloop
  endfacet
  facet normal 0.972363 -0.233474 0
    outer loop
      vertex 28.6177 67.6604 2.6
      vertex 28.8192 68.4996 0
      vertex 28.8192 68.4996 2.6
    endloop
  endfacet
  facet normal 0.972363 -0.233474 0
    outer loop
      vertex 28.8192 68.4996 0
      vertex 28.6177 67.6604 2.6
      vertex 28.6177 67.6604 0
    endloop
  endfacet
  facet normal 0.522448 -0.852671 0
    outer loop
      vertex 30.8172 71.2496 0
      vertex 31.5531 71.7005 2.6
      vertex 30.8172 71.2496 2.6
    endloop
  endfacet
  facet normal 0.522448 -0.852671 0
    outer loop
      vertex 31.5531 71.7005 2.6
      vertex 30.8172 71.2496 0
      vertex 31.5531 71.7005 0
    endloop
  endfacet
  facet normal 0.233355 -0.972392 0
    outer loop
      vertex 32.3504 72.0308 0
      vertex 32.55 72.0787 2.6
      vertex 32.3504 72.0308 2.6
    endloop
  endfacet
  facet normal 0.233355 -0.972392 0
    outer loop
      vertex 32.55 72.0787 2.6
      vertex 32.3504 72.0308 0
      vertex 32.55 72.0787 0
    endloop
  endfacet
  facet normal -0.233474 0.972363 0
    outer loop
      vertex 35.7496 61.5692 0
      vertex 34.9104 61.3677 2.8
      vertex 35.7496 61.5692 2.8
    endloop
  endfacet
  facet normal -0.233474 0.972363 0
    outer loop
      vertex 34.9104 61.3677 2.8
      vertex 35.7496 61.5692 0
      vertex 34.9104 61.3677 0
    endloop
  endfacet
  facet normal -0.0784419 0.996919 0
    outer loop
      vertex 34.9104 61.3677 0
      vertex 34.05 61.3 2.8
      vertex 34.9104 61.3677 2.8
    endloop
  endfacet
  facet normal -0.0784419 0.996919 0
    outer loop
      vertex 34.05 61.3 2.8
      vertex 34.9104 61.3677 0
      vertex 34.05 61.3 0
    endloop
  endfacet
  facet normal -0.522448 0.852671 0
    outer loop
      vertex 37.2828 62.3504 0
      vertex 36.5469 61.8995 2.8
      vertex 37.2828 62.3504 2.8
    endloop
  endfacet
  facet normal -0.522448 0.852671 0
    outer loop
      vertex 36.5469 61.8995 2.8
      vertex 37.2828 62.3504 0
      vertex 36.5469 61.8995 0
    endloop
  endfacet
  facet normal 0.649426 0.760425 -0
    outer loop
      vertex 30.8172 62.3504 0
      vertex 30.1609 62.9109 2.8
      vertex 30.8172 62.3504 2.8
    endloop
  endfacet
  facet normal 0.649426 0.760425 0
    outer loop
      vertex 30.1609 62.9109 2.8
      vertex 30.8172 62.3504 0
      vertex 30.1609 62.9109 0
    endloop
  endfacet
  facet normal 0.38273 0.92386 -0
    outer loop
      vertex 32.3504 61.5692 0
      vertex 31.5531 61.8995 2.8
      vertex 32.3504 61.5692 2.8
    endloop
  endfacet
  facet normal 0.38273 0.92386 0
    outer loop
      vertex 31.5531 61.8995 2.8
      vertex 32.3504 61.5692 0
      vertex 31.5531 61.8995 0
    endloop
  endfacet
  facet normal 0.972371 0.233441 0
    outer loop
      vertex 28.7285 65.4782 2.8
      vertex 28.8192 65.1004 2.8
      vertex 28.7285 65.4782 2.6
    endloop
  endfacet
  facet normal 0.972357 0.2335 0
    outer loop
      vertex 28.7285 65.4782 2.6
      vertex 28.6177 65.9396 0
      vertex 28.6177 65.9396 2.6
    endloop
  endfacet
  facet normal 0.972371 0.233441 -0
    outer loop
      vertex 28.8192 65.1004 0
      vertex 28.7285 65.4782 2.6
      vertex 28.8192 65.1004 2.8
    endloop
  endfacet
  facet normal 0.972363 0.233474 -5.01797e-06
    outer loop
      vertex 28.7285 65.4782 2.6
      vertex 28.8192 65.1004 0
      vertex 28.6177 65.9396 0
    endloop
  endfacet
  facet normal 0.852671 0.522448 0
    outer loop
      vertex 29.6004 63.5672 2.8
      vertex 29.1495 64.3031 0
      vertex 29.1495 64.3031 2.8
    endloop
  endfacet
  facet normal 0.852671 0.522448 0
    outer loop
      vertex 29.1495 64.3031 0
      vertex 29.6004 63.5672 2.8
      vertex 29.6004 63.5672 0
    endloop
  endfacet
  facet normal 0.92386 0.38273 0
    outer loop
      vertex 29.1495 64.3031 2.8
      vertex 28.8192 65.1004 0
      vertex 28.8192 65.1004 2.8
    endloop
  endfacet
  facet normal 0.92386 0.38273 0
    outer loop
      vertex 28.8192 65.1004 0
      vertex 29.1495 64.3031 2.8
      vertex 29.1495 64.3031 0
    endloop
  endfacet
  facet normal -0.85264 -0.5225 0
    outer loop
      vertex 38.9505 69.297 0
      vertex 38.4996 70.0328 2.6
      vertex 38.4996 70.0328 0
    endloop
  endfacet
  facet normal -0.85264 -0.5225 0
    outer loop
      vertex 38.4996 70.0328 2.6
      vertex 38.9505 69.297 0
      vertex 38.9505 69.297 2.6
    endloop
  endfacet
  facet normal -0.760425 -0.649426 0
    outer loop
      vertex 38.4996 70.0328 0
      vertex 37.9391 70.6891 2.6
      vertex 37.9391 70.6891 0
    endloop
  endfacet
  facet normal -0.760425 -0.649426 0
    outer loop
      vertex 37.9391 70.6891 2.6
      vertex 38.4996 70.0328 0
      vertex 38.4996 70.0328 2.6
    endloop
  endfacet
  facet normal -0.996914 0.0785048 0
    outer loop
      vertex 39.55 66.8 0
      vertex 39.5095 66.2857 2.6
      vertex 39.55 66.8 2.6
    endloop
  endfacet
  facet normal -0.996919 0.0784419 -1.25181e-05
    outer loop
      vertex 39.4823 65.9396 0
      vertex 39.5095 66.2857 2.6
      vertex 39.55 66.8 0
    endloop
  endfacet
  facet normal -0.996926 0.0783484 0
    outer loop
      vertex 39.4823 65.9396 2.8
      vertex 39.5095 66.2857 2.6
      vertex 39.4823 65.9396 0
    endloop
  endfacet
  facet normal -0.996926 0.0783484 0
    outer loop
      vertex 39.5095 66.2857 2.6
      vertex 39.4823 65.9396 2.8
      vertex 39.5095 66.2857 2.8
    endloop
  endfacet
  facet normal -0.972363 0.233474 0
    outer loop
      vertex 39.2808 65.1004 0
      vertex 39.4823 65.9396 2.8
      vertex 39.4823 65.9396 0
    endloop
  endfacet
  facet normal -0.972363 0.233474 0
    outer loop
      vertex 39.4823 65.9396 2.8
      vertex 39.2808 65.1004 0
      vertex 39.2808 65.1004 2.8
    endloop
  endfacet
  facet normal -0.649426 0.760425 0
    outer loop
      vertex 37.9391 62.9109 0
      vertex 37.2828 62.3504 2.8
      vertex 37.9391 62.9109 2.8
    endloop
  endfacet
  facet normal -0.649426 0.760425 0
    outer loop
      vertex 37.2828 62.3504 2.8
      vertex 37.9391 62.9109 0
      vertex 37.2828 62.3504 0
    endloop
  endfacet
  facet normal -0.760425 0.649426 0
    outer loop
      vertex 37.9391 62.9109 0
      vertex 38.4996 63.5672 2.8
      vertex 38.4996 63.5672 0
    endloop
  endfacet
  facet normal -0.760425 0.649426 0
    outer loop
      vertex 38.4996 63.5672 2.8
      vertex 37.9391 62.9109 0
      vertex 37.9391 62.9109 2.8
    endloop
  endfacet
  facet normal 0.233474 0.972363 -0
    outer loop
      vertex 33.1896 61.3677 0
      vertex 32.3504 61.5692 2.8
      vertex 33.1896 61.3677 2.8
    endloop
  endfacet
  facet normal 0.233474 0.972363 0
    outer loop
      vertex 32.3504 61.5692 2.8
      vertex 33.1896 61.3677 0
      vertex 32.3504 61.5692 0
    endloop
  endfacet
  facet normal 0.522448 0.852671 -0
    outer loop
      vertex 31.5531 61.8995 0
      vertex 30.8172 62.3504 2.8
      vertex 31.5531 61.8995 2.8
    endloop
  endfacet
  facet normal 0.522448 0.852671 0
    outer loop
      vertex 30.8172 62.3504 2.8
      vertex 31.5531 61.8995 0
      vertex 30.8172 62.3504 0
    endloop
  endfacet
  facet normal 0.0784419 0.996919 -0
    outer loop
      vertex 34.05 61.3 0
      vertex 33.1896 61.3677 2.8
      vertex 34.05 61.3 2.8
    endloop
  endfacet
  facet normal 0.0784419 0.996919 0
    outer loop
      vertex 33.1896 61.3677 2.8
      vertex 34.05 61.3 0
      vertex 33.1896 61.3677 0
    endloop
  endfacet
  facet normal 0.996919 0.0784419 0
    outer loop
      vertex 28.6177 65.9396 2.6
      vertex 28.55 66.8 0
      vertex 28.55 66.8 2.6
    endloop
  endfacet
  facet normal 0.996919 0.0784419 0
    outer loop
      vertex 28.55 66.8 0
      vertex 28.6177 65.9396 2.6
      vertex 28.6177 65.9396 0
    endloop
  endfacet
  facet normal -0.38273 -0.92386 0
    outer loop
      vertex 35.7496 72.0308 0
      vertex 36.5469 71.7005 2.6
      vertex 35.7496 72.0308 2.6
    endloop
  endfacet
  facet normal -0.38273 -0.92386 -0
    outer loop
      vertex 36.5469 71.7005 2.6
      vertex 35.7496 72.0308 0
      vertex 36.5469 71.7005 0
    endloop
  endfacet
  facet normal 0.649426 -0.760425 0
    outer loop
      vertex 30.1609 70.6891 0
      vertex 30.8172 71.2496 2.6
      vertex 30.1609 70.6891 2.6
    endloop
  endfacet
  facet normal 0.649426 -0.760425 0
    outer loop
      vertex 30.8172 71.2496 2.6
      vertex 30.1609 70.6891 0
      vertex 30.8172 71.2496 0
    endloop
  endfacet
  facet normal -0.92386 0.38273 0
    outer loop
      vertex 38.9505 64.3031 0
      vertex 39.2808 65.1004 2.8
      vertex 39.2808 65.1004 0
    endloop
  endfacet
  facet normal -0.92386 0.38273 0
    outer loop
      vertex 39.2808 65.1004 2.8
      vertex 38.9505 64.3031 0
      vertex 38.9505 64.3031 2.8
    endloop
  endfacet
  facet normal -0.38273 0.92386 0
    outer loop
      vertex 36.5469 61.8995 0
      vertex 35.7496 61.5692 2.8
      vertex 36.5469 61.8995 2.8
    endloop
  endfacet
  facet normal -0.38273 0.92386 0
    outer loop
      vertex 35.7496 61.5692 2.8
      vertex 36.5469 61.8995 0
      vertex 35.7496 61.5692 0
    endloop
  endfacet
  facet normal 1 0 0
    outer loop
      vertex 32.55 74.2958 2.6
      vertex 32.55 72.0787 2.6
      vertex 32.55 74.2958 0.999999
    endloop
  endfacet
  facet normal 1 -0 0
    outer loop
      vertex 32.55 74.2958 0.999999
      vertex 32.55 76.5213 0
      vertex 32.55 76.5213 0.999999
    endloop
  endfacet
  facet normal 1 0 0
    outer loop
      vertex 32.55 74.2958 0.999999
      vertex 32.55 72.0787 0
      vertex 32.55 76.5213 0
    endloop
  endfacet
  facet normal 1 0 0
    outer loop
      vertex 32.55 72.0787 0
      vertex 32.55 74.2958 0.999999
      vertex 32.55 72.0787 2.6
    endloop
  endfacet
  facet normal -1 0 0
    outer loop
      vertex 35.55 76.5213 0
      vertex 35.55 74.2958 0.999999
      vertex 35.55 76.5213 0.999999
    endloop
  endfacet
  facet normal -1 0 0
    outer loop
      vertex 35.55 72.0787 0
      vertex 35.55 74.2958 0.999999
      vertex 35.55 76.5213 0
    endloop
  endfacet
  facet normal -1 0 0
    outer loop
      vertex 35.55 72.0787 2.6
      vertex 35.55 74.2958 0.999999
      vertex 35.55 72.0787 0
    endloop
  endfacet
  facet normal -1 0 0
    outer loop
      vertex 35.55 74.2958 0.999999
      vertex 35.55 72.0787 2.6
      vertex 35.55 74.2958 2.6
    endloop
  endfacet
  facet normal -0.233355 0.972392 0
    outer loop
      vertex 53.2496 76.5692 0
      vertex 53.05 76.5213 0.999999
      vertex 53.2496 76.5692 0.999999
    endloop
  endfacet
  facet normal -0.233355 0.972392 0
    outer loop
      vertex 53.05 76.5213 0.999999
      vertex 53.2496 76.5692 0
      vertex 53.05 76.5213 0
    endloop
  endfacet
  facet normal -0.522448 0.852671 0
    outer loop
      vertex 54.7828 77.3504 0
      vertex 54.0469 76.8995 0.999999
      vertex 54.7828 77.3504 0.999999
    endloop
  endfacet
  facet normal -0.522448 0.852671 0
    outer loop
      vertex 54.0469 76.8995 0.999999
      vertex 54.7828 77.3504 0
      vertex 54.0469 76.8995 0
    endloop
  endfacet
  facet normal 0.649376 0.760467 -0
    outer loop
      vertex 48.3172 77.3504 0
      vertex 48.0249 77.6 0.999999
      vertex 48.3172 77.3504 0.999999
    endloop
  endfacet
  facet normal 0.649376 0.760467 0
    outer loop
      vertex 48.0249 77.6 0.999999
      vertex 48.3172 77.3504 0
      vertex 48.0249 77.6 0
    endloop
  endfacet
  facet normal 0.38273 0.92386 -0
    outer loop
      vertex 49.8504 76.5692 0
      vertex 49.0531 76.8995 0.999999
      vertex 49.8504 76.5692 0.999999
    endloop
  endfacet
  facet normal 0.38273 0.92386 0
    outer loop
      vertex 49.0531 76.8995 0.999999
      vertex 49.8504 76.5692 0
      vertex 49.0531 76.8995 0
    endloop
  endfacet
  facet normal -0.649376 0.760467 0
    outer loop
      vertex 55.0751 77.6 0
      vertex 54.7828 77.3504 0.999999
      vertex 55.0751 77.6 0.999999
    endloop
  endfacet
  facet normal -0.649376 0.760467 0
    outer loop
      vertex 54.7828 77.3504 0.999999
      vertex 55.0751 77.6 0
      vertex 54.7828 77.3504 0
    endloop
  endfacet
  facet normal 0.233355 0.972392 -0
    outer loop
      vertex 50.05 76.5213 0
      vertex 49.8504 76.5692 0.999999
      vertex 50.05 76.5213 0.999999
    endloop
  endfacet
  facet normal 0.233355 0.972392 0
    outer loop
      vertex 49.8504 76.5692 0.999999
      vertex 50.05 76.5213 0
      vertex 49.8504 76.5692 0
    endloop
  endfacet
  facet normal 0.522448 0.852671 -0
    outer loop
      vertex 49.0531 76.8995 0
      vertex 48.3172 77.3504 0.999999
      vertex 49.0531 76.8995 0.999999
    endloop
  endfacet
  facet normal 0.522448 0.852671 0
    outer loop
      vertex 48.3172 77.3504 0.999999
      vertex 49.0531 76.8995 0
      vertex 48.3172 77.3504 0
    endloop
  endfacet
  facet normal -0.38273 0.92386 0
    outer loop
      vertex 54.0469 76.8995 0
      vertex 53.2496 76.5692 0.999999
      vertex 54.0469 76.8995 0.999999
    endloop
  endfacet
  facet normal -0.38273 0.92386 0
    outer loop
      vertex 53.2496 76.5692 0.999999
      vertex 54.0469 76.8995 0
      vertex 53.2496 76.5692 0
    endloop
  endfacet
  facet normal -0.522448 -0.852671 0
    outer loop
      vertex 54.0469 71.7005 0
      vertex 54.7828 71.2496 2.6
      vertex 54.0469 71.7005 2.6
    endloop
  endfacet
  facet normal -0.522448 -0.852671 -0
    outer loop
      vertex 54.7828 71.2496 2.6
      vertex 54.0469 71.7005 0
      vertex 54.7828 71.2496 0
    endloop
  endfacet
  facet normal -0.972363 0.233474 0
    outer loop
      vertex 56.7808 65.1004 0
      vertex 56.9823 65.9396 2.8
      vertex 56.9823 65.9396 0
    endloop
  endfacet
  facet normal -0.972363 0.233474 0
    outer loop
      vertex 56.9823 65.9396 2.8
      vertex 56.7808 65.1004 0
      vertex 56.7808 65.1004 2.8
    endloop
  endfacet
  facet normal 0.38273 0.92386 -0
    outer loop
      vertex 49.8504 61.5692 0
      vertex 49.0531 61.8995 2.8
      vertex 49.8504 61.5692 2.8
    endloop
  endfacet
  facet normal 0.38273 0.92386 0
    outer loop
      vertex 49.0531 61.8995 2.8
      vertex 49.8504 61.5692 0
      vertex 49.0531 61.8995 0
    endloop
  endfacet
  facet normal 0.38273 -0.92386 0
    outer loop
      vertex 49.0531 71.7005 0
      vertex 49.8504 72.0308 2.6
      vertex 49.0531 71.7005 2.6
    endloop
  endfacet
  facet normal 0.38273 -0.92386 0
    outer loop
      vertex 49.8504 72.0308 2.6
      vertex 49.0531 71.7005 0
      vertex 49.8504 72.0308 0
    endloop
  endfacet
  facet normal 0.923877 -0.382689 0
    outer loop
      vertex 46.3192 68.4996 2.6
      vertex 46.6495 69.297 0
      vertex 46.6495 69.297 2.6
    endloop
  endfacet
  facet normal 0.923877 -0.382689 0
    outer loop
      vertex 46.6495 69.297 0
      vertex 46.3192 68.4996 2.6
      vertex 46.3192 68.4996 0
    endloop
  endfacet
  facet normal -0.996914 0.0785048 0
    outer loop
      vertex 57.05 66.8 0
      vertex 57.0095 66.2857 2.6
      vertex 57.05 66.8 2.6
    endloop
  endfacet
  facet normal -0.996919 0.0784419 -1.25181e-05
    outer loop
      vertex 56.9823 65.9396 0
      vertex 57.0095 66.2857 2.6
      vertex 57.05 66.8 0
    endloop
  endfacet
  facet normal -0.996926 0.0783484 0
    outer loop
      vertex 56.9823 65.9396 2.8
      vertex 57.0095 66.2857 2.6
      vertex 56.9823 65.9396 0
    endloop
  endfacet
  facet normal -0.996926 0.0783484 0
    outer loop
      vertex 57.0095 66.2857 2.6
      vertex 56.9823 65.9396 2.8
      vertex 57.0095 66.2857 2.8
    endloop
  endfacet
  facet normal -0.923877 -0.382689 0
    outer loop
      vertex 56.7808 68.4996 0
      vertex 56.4505 69.297 2.6
      vertex 56.4505 69.297 0
    endloop
  endfacet
  facet normal -0.923877 -0.382689 0
    outer loop
      vertex 56.4505 69.297 2.6
      vertex 56.7808 68.4996 0
      vertex 56.7808 68.4996 2.6
    endloop
  endfacet
  facet normal -0.85264 -0.5225 0
    outer loop
      vertex 56.4505 69.297 0
      vertex 55.9996 70.0328 2.6
      vertex 55.9996 70.0328 0
    endloop
  endfacet
  facet normal -0.85264 -0.5225 0
    outer loop
      vertex 55.9996 70.0328 2.6
      vertex 56.4505 69.297 0
      vertex 56.4505 69.297 2.6
    endloop
  endfacet
  facet normal -0.649426 -0.760425 0
    outer loop
      vertex 54.7828 71.2496 0
      vertex 55.4391 70.6891 2.6
      vertex 54.7828 71.2496 2.6
    endloop
  endfacet
  facet normal -0.649426 -0.760425 -0
    outer loop
      vertex 55.4391 70.6891 2.6
      vertex 54.7828 71.2496 0
      vertex 55.4391 70.6891 0
    endloop
  endfacet
  facet normal -0.233355 -0.972392 0
    outer loop
      vertex 53.05 72.0787 0
      vertex 53.2496 72.0308 2.6
      vertex 53.05 72.0787 2.6
    endloop
  endfacet
  facet normal -0.233355 -0.972392 -0
    outer loop
      vertex 53.2496 72.0308 2.6
      vertex 53.05 72.0787 0
      vertex 53.2496 72.0308 0
    endloop
  endfacet
  facet normal 0.996919 -0.0784419 0
    outer loop
      vertex 46.05 66.8 2.6
      vertex 46.1177 67.6604 0
      vertex 46.1177 67.6604 2.6
    endloop
  endfacet
  facet normal 0.996919 -0.0784419 0
    outer loop
      vertex 46.1177 67.6604 0
      vertex 46.05 66.8 2.6
      vertex 46.05 66.8 0
    endloop
  endfacet
  facet normal 0.85264 -0.5225 0
    outer loop
      vertex 46.6495 69.297 2.6
      vertex 47.1004 70.0328 0
      vertex 47.1004 70.0328 2.6
    endloop
  endfacet
  facet normal 0.85264 -0.5225 0
    outer loop
      vertex 47.1004 70.0328 0
      vertex 46.6495 69.297 2.6
      vertex 46.6495 69.297 0
    endloop
  endfacet
  facet normal 0.522448 -0.852671 0
    outer loop
      vertex 48.3172 71.2496 0
      vertex 49.0531 71.7005 2.6
      vertex 48.3172 71.2496 2.6
    endloop
  endfacet
  facet normal 0.522448 -0.852671 0
    outer loop
      vertex 49.0531 71.7005 2.6
      vertex 48.3172 71.2496 0
      vertex 49.0531 71.7005 0
    endloop
  endfacet
  facet normal 0.233355 -0.972392 0
    outer loop
      vertex 49.8504 72.0308 0
      vertex 50.05 72.0787 2.6
      vertex 49.8504 72.0308 2.6
    endloop
  endfacet
  facet normal 0.233355 -0.972392 0
    outer loop
      vertex 50.05 72.0787 2.6
      vertex 49.8504 72.0308 0
      vertex 50.05 72.0787 0
    endloop
  endfacet
  facet normal -0.0784419 0.996919 0
    outer loop
      vertex 52.4104 61.3677 0
      vertex 51.55 61.3 2.8
      vertex 52.4104 61.3677 2.8
    endloop
  endfacet
  facet normal -0.0784419 0.996919 0
    outer loop
      vertex 51.55 61.3 2.8
      vertex 52.4104 61.3677 0
      vertex 51.55 61.3 0
    endloop
  endfacet
  facet normal -0.92386 0.38273 0
    outer loop
      vertex 56.4505 64.3031 0
      vertex 56.7808 65.1004 2.8
      vertex 56.7808 65.1004 0
    endloop
  endfacet
  facet normal -0.92386 0.38273 0
    outer loop
      vertex 56.7808 65.1004 2.8
      vertex 56.4505 64.3031 0
      vertex 56.4505 64.3031 2.8
    endloop
  endfacet
  facet normal -0.38273 0.92386 0
    outer loop
      vertex 54.0469 61.8995 0
      vertex 53.2496 61.5692 2.8
      vertex 54.0469 61.8995 2.8
    endloop
  endfacet
  facet normal -0.38273 0.92386 0
    outer loop
      vertex 53.2496 61.5692 2.8
      vertex 54.0469 61.8995 0
      vertex 53.2496 61.5692 0
    endloop
  endfacet
  facet normal -0.522448 0.852671 0
    outer loop
      vertex 54.7828 62.3504 0
      vertex 54.0469 61.8995 2.8
      vertex 54.7828 62.3504 2.8
    endloop
  endfacet
  facet normal -0.522448 0.852671 0
    outer loop
      vertex 54.0469 61.8995 2.8
      vertex 54.7828 62.3504 0
      vertex 54.0469 61.8995 0
    endloop
  endfacet
  facet normal 0.233474 0.972363 -0
    outer loop
      vertex 50.6896 61.3677 0
      vertex 49.8504 61.5692 2.8
      vertex 50.6896 61.3677 2.8
    endloop
  endfacet
  facet normal 0.233474 0.972363 0
    outer loop
      vertex 49.8504 61.5692 2.8
      vertex 50.6896 61.3677 0
      vertex 49.8504 61.5692 0
    endloop
  endfacet
  facet normal 0.649426 0.760425 -0
    outer loop
      vertex 48.3172 62.3504 0
      vertex 47.6609 62.9109 2.8
      vertex 48.3172 62.3504 2.8
    endloop
  endfacet
  facet normal 0.649426 0.760425 0
    outer loop
      vertex 47.6609 62.9109 2.8
      vertex 48.3172 62.3504 0
      vertex 47.6609 62.9109 0
    endloop
  endfacet
  facet normal 0.852671 0.522448 0
    outer loop
      vertex 47.1004 63.5672 2.8
      vertex 46.6495 64.3031 0
      vertex 46.6495 64.3031 2.8
    endloop
  endfacet
  facet normal 0.852671 0.522448 0
    outer loop
      vertex 46.6495 64.3031 0
      vertex 47.1004 63.5672 2.8
      vertex 47.1004 63.5672 0
    endloop
  endfacet
  facet normal 0.760425 0.649426 0
    outer loop
      vertex 47.6609 62.9109 2.8
      vertex 47.1004 63.5672 0
      vertex 47.1004 63.5672 2.8
    endloop
  endfacet
  facet normal 0.760425 0.649426 0
    outer loop
      vertex 47.1004 63.5672 0
      vertex 47.6609 62.9109 2.8
      vertex 47.6609 62.9109 0
    endloop
  endfacet
  facet normal -0.972363 -0.233474 0
    outer loop
      vertex 56.9823 67.6604 0
      vertex 56.7808 68.4996 2.6
      vertex 56.7808 68.4996 0
    endloop
  endfacet
  facet normal -0.972363 -0.233474 0
    outer loop
      vertex 56.7808 68.4996 2.6
      vertex 56.9823 67.6604 0
      vertex 56.9823 67.6604 2.6
    endloop
  endfacet
  facet normal -0.760425 -0.649426 0
    outer loop
      vertex 55.9996 70.0328 0
      vertex 55.4391 70.6891 2.6
      vertex 55.4391 70.6891 0
    endloop
  endfacet
  facet normal -0.760425 -0.649426 0
    outer loop
      vertex 55.4391 70.6891 2.6
      vertex 55.9996 70.0328 0
      vertex 55.9996 70.0328 2.6
    endloop
  endfacet
  facet normal -0.38273 -0.92386 0
    outer loop
      vertex 53.2496 72.0308 0
      vertex 54.0469 71.7005 2.6
      vertex 53.2496 72.0308 2.6
    endloop
  endfacet
  facet normal -0.38273 -0.92386 -0
    outer loop
      vertex 54.0469 71.7005 2.6
      vertex 53.2496 72.0308 0
      vertex 54.0469 71.7005 0
    endloop
  endfacet
  facet normal 0.972363 -0.233474 0
    outer loop
      vertex 46.1177 67.6604 2.6
      vertex 46.3192 68.4996 0
      vertex 46.3192 68.4996 2.6
    endloop
  endfacet
  facet normal 0.972363 -0.233474 0
    outer loop
      vertex 46.3192 68.4996 0
      vertex 46.1177 67.6604 2.6
      vertex 46.1177 67.6604 0
    endloop
  endfacet
  facet normal 0.649426 -0.760425 0
    outer loop
      vertex 47.6609 70.6891 0
      vertex 48.3172 71.2496 2.6
      vertex 47.6609 70.6891 2.6
    endloop
  endfacet
  facet normal 0.649426 -0.760425 0
    outer loop
      vertex 48.3172 71.2496 2.6
      vertex 47.6609 70.6891 0
      vertex 48.3172 71.2496 0
    endloop
  endfacet
  facet normal 0.760425 -0.649426 0
    outer loop
      vertex 47.1004 70.0328 2.6
      vertex 47.6609 70.6891 0
      vertex 47.6609 70.6891 2.6
    endloop
  endfacet
  facet normal 0.760425 -0.649426 0
    outer loop
      vertex 47.6609 70.6891 0
      vertex 47.1004 70.0328 2.6
      vertex 47.1004 70.0328 0
    endloop
  endfacet
  facet normal -0.996919 -0.0784419 0
    outer loop
      vertex 57.05 66.8 0
      vertex 56.9823 67.6604 2.6
      vertex 56.9823 67.6604 0
    endloop
  endfacet
  facet normal -0.996919 -0.0784419 0
    outer loop
      vertex 56.9823 67.6604 2.6
      vertex 57.05 66.8 0
      vertex 57.05 66.8 2.6
    endloop
  endfacet
  facet normal -0.233474 0.972363 0
    outer loop
      vertex 53.2496 61.5692 0
      vertex 52.4104 61.3677 2.8
      vertex 53.2496 61.5692 2.8
    endloop
  endfacet
  facet normal -0.233474 0.972363 0
    outer loop
      vertex 52.4104 61.3677 2.8
      vertex 53.2496 61.5692 0
      vertex 52.4104 61.3677 0
    endloop
  endfacet
  facet normal -0.649426 0.760425 0
    outer loop
      vertex 55.4391 62.9109 0
      vertex 54.7828 62.3504 2.8
      vertex 55.4391 62.9109 2.8
    endloop
  endfacet
  facet normal -0.649426 0.760425 0
    outer loop
      vertex 54.7828 62.3504 2.8
      vertex 55.4391 62.9109 0
      vertex 54.7828 62.3504 0
    endloop
  endfacet
  facet normal 0.0784419 0.996919 -0
    outer loop
      vertex 51.55 61.3 0
      vertex 50.6896 61.3677 2.8
      vertex 51.55 61.3 2.8
    endloop
  endfacet
  facet normal 0.0784419 0.996919 0
    outer loop
      vertex 50.6896 61.3677 2.8
      vertex 51.55 61.3 0
      vertex 50.6896 61.3677 0
    endloop
  endfacet
  facet normal 0.522448 0.852671 -0
    outer loop
      vertex 49.0531 61.8995 0
      vertex 48.3172 62.3504 2.8
      vertex 49.0531 61.8995 2.8
    endloop
  endfacet
  facet normal 0.522448 0.852671 0
    outer loop
      vertex 48.3172 62.3504 2.8
      vertex 49.0531 61.8995 0
      vertex 48.3172 62.3504 0
    endloop
  endfacet
  facet normal 0.92386 0.38273 0
    outer loop
      vertex 46.6495 64.3031 2.8
      vertex 46.3192 65.1004 0
      vertex 46.3192 65.1004 2.8
    endloop
  endfacet
  facet normal 0.92386 0.38273 0
    outer loop
      vertex 46.3192 65.1004 0
      vertex 46.6495 64.3031 2.8
      vertex 46.6495 64.3031 0
    endloop
  endfacet
  facet normal 0.996926 0.0783484 0
    outer loop
      vertex 46.0905 66.2857 2.8
      vertex 46.1177 65.9396 2.8
      vertex 46.0905 66.2857 2.6
    endloop
  endfacet
  facet normal 0.996914 0.0785048 0
    outer loop
      vertex 46.0905 66.2857 2.6
      vertex 46.05 66.8 0
      vertex 46.05 66.8 2.6
    endloop
  endfacet
  facet normal 0.996926 0.0783484 -0
    outer loop
      vertex 46.1177 65.9396 0
      vertex 46.0905 66.2857 2.6
      vertex 46.1177 65.9396 2.8
    endloop
  endfacet
  facet normal 0.996919 0.0784419 -1.25181e-05
    outer loop
      vertex 46.0905 66.2857 2.6
      vertex 46.1177 65.9396 0
      vertex 46.05 66.8 0
    endloop
  endfacet
  facet normal -0.852671 0.522448 0
    outer loop
      vertex 55.9996 63.5672 0
      vertex 56.4505 64.3031 2.8
      vertex 56.4505 64.3031 0
    endloop
  endfacet
  facet normal -0.852671 0.522448 0
    outer loop
      vertex 56.4505 64.3031 2.8
      vertex 55.9996 63.5672 0
      vertex 55.9996 63.5672 2.8
    endloop
  endfacet
  facet normal -0.760425 0.649426 0
    outer loop
      vertex 55.4391 62.9109 0
      vertex 55.9996 63.5672 2.8
      vertex 55.9996 63.5672 0
    endloop
  endfacet
  facet normal -0.760425 0.649426 0
    outer loop
      vertex 55.9996 63.5672 2.8
      vertex 55.4391 62.9109 0
      vertex 55.4391 62.9109 2.8
    endloop
  endfacet
  facet normal 0.972363 0.233474 0
    outer loop
      vertex 46.3192 65.1004 2.8
      vertex 46.1177 65.9396 0
      vertex 46.1177 65.9396 2.8
    endloop
  endfacet
  facet normal 0.972363 0.233474 0
    outer loop
      vertex 46.1177 65.9396 0
      vertex 46.3192 65.1004 2.8
      vertex 46.3192 65.1004 0
    endloop
  endfacet
  facet normal 1 0 0
    outer loop
      vertex 50.05 74.2958 2.6
      vertex 50.05 72.0787 2.6
      vertex 50.05 74.2958 0.999999
    endloop
  endfacet
  facet normal 1 -0 0
    outer loop
      vertex 50.05 74.2958 0.999999
      vertex 50.05 76.5213 0
      vertex 50.05 76.5213 0.999999
    endloop
  endfacet
  facet normal 1 0 0
    outer loop
      vertex 50.05 74.2958 0.999999
      vertex 50.05 72.0787 0
      vertex 50.05 76.5213 0
    endloop
  endfacet
  facet normal 1 0 0
    outer loop
      vertex 50.05 72.0787 0
      vertex 50.05 74.2958 0.999999
      vertex 50.05 72.0787 2.6
    endloop
  endfacet
  facet normal -1 0 0
    outer loop
      vertex 53.05 76.5213 0
      vertex 53.05 74.2958 0.999999
      vertex 53.05 76.5213 0.999999
    endloop
  endfacet
  facet normal -1 0 0
    outer loop
      vertex 53.05 72.0787 0
      vertex 53.05 74.2958 0.999999
      vertex 53.05 76.5213 0
    endloop
  endfacet
  facet normal -1 0 0
    outer loop
      vertex 53.05 72.0787 2.6
      vertex 53.05 74.2958 0.999999
      vertex 53.05 72.0787 0
    endloop
  endfacet
  facet normal -1 0 0
    outer loop
      vertex 53.05 74.2958 0.999999
      vertex 53.05 72.0787 2.6
      vertex 53.05 74.2958 2.6
    endloop
  endfacet
  facet normal 0.38273 0.92386 -0
    outer loop
      vertex 67.3504 76.5692 0
      vertex 66.5531 76.8995 0.999999
      vertex 67.3504 76.5692 0.999999
    endloop
  endfacet
  facet normal 0.38273 0.92386 0
    outer loop
      vertex 66.5531 76.8995 0.999999
      vertex 67.3504 76.5692 0
      vertex 66.5531 76.8995 0
    endloop
  endfacet
  facet normal -0.649376 0.760467 0
    outer loop
      vertex 72.5751 77.6 0
      vertex 72.2828 77.3504 0.999999
      vertex 72.5751 77.6 0.999999
    endloop
  endfacet
  facet normal -0.649376 0.760467 0
    outer loop
      vertex 72.2828 77.3504 0.999999
      vertex 72.5751 77.6 0
      vertex 72.2828 77.3504 0
    endloop
  endfacet
  facet normal -0.382689 0.923877 1.04275e-05
    outer loop
      vertex 70.9246 76.6417 0
      vertex 70.7496 76.5692 0.999999
      vertex 71.547 76.8995 0.999999
    endloop
  endfacet
  facet normal -0.382675 0.923883 0
    outer loop
      vertex 70.9246 76.6417 0
      vertex 71.547 76.8995 0.999999
      vertex 71.547 76.8995 0
    endloop
  endfacet
  facet normal -0.38274 0.923856 0
    outer loop
      vertex 70.7496 76.5692 0.999999
      vertex 70.9246 76.6417 0
      vertex 70.7496 76.5692 0.0869724
    endloop
  endfacet
  facet normal -0.5225 0.85264 0
    outer loop
      vertex 72.2828 77.3504 0
      vertex 71.547 76.8995 0.999999
      vertex 72.2828 77.3504 0.999999
    endloop
  endfacet
  facet normal -0.5225 0.85264 0
    outer loop
      vertex 71.547 76.8995 0.999999
      vertex 72.2828 77.3504 0
      vertex 71.547 76.8995 0
    endloop
  endfacet
  facet normal 0.233355 0.972392 -0
    outer loop
      vertex 67.55 76.5213 0
      vertex 67.3504 76.5692 0.999999
      vertex 67.55 76.5213 0.999999
    endloop
  endfacet
  facet normal 0.233355 0.972392 0
    outer loop
      vertex 67.3504 76.5692 0.999999
      vertex 67.55 76.5213 0
      vertex 67.3504 76.5692 0
    endloop
  endfacet
  facet normal 0.649376 0.760467 -0
    outer loop
      vertex 65.8172 77.3504 0
      vertex 65.5249 77.6 0.999999
      vertex 65.8172 77.3504 0.999999
    endloop
  endfacet
  facet normal 0.649376 0.760467 0
    outer loop
      vertex 65.5249 77.6 0.999999
      vertex 65.8172 77.3504 0
      vertex 65.5249 77.6 0
    endloop
  endfacet
  facet normal -0.233355 0.972392 0
    outer loop
      vertex 70.7496 76.5692 0.999999
      vertex 70.55 76.5213 0.144474
      vertex 70.55 76.5213 0.999999
    endloop
  endfacet
  facet normal -0.233355 0.972392 0
    outer loop
      vertex 70.55 76.5213 0.144474
      vertex 70.7496 76.5692 0.999999
      vertex 70.7496 76.5692 0.0869724
    endloop
  endfacet
  facet normal 0.522448 0.852671 -0
    outer loop
      vertex 66.5531 76.8995 0
      vertex 65.8172 77.3504 0.999999
      vertex 66.5531 76.8995 0.999999
    endloop
  endfacet
  facet normal 0.522448 0.852671 0
    outer loop
      vertex 65.8172 77.3504 0.999999
      vertex 66.5531 76.8995 0
      vertex 65.8172 77.3504 0
    endloop
  endfacet
  facet normal -0.5225 -0.85264 0
    outer loop
      vertex 71.547 71.7005 0
      vertex 72.2828 71.2496 2.6
      vertex 71.547 71.7005 2.6
    endloop
  endfacet
  facet normal -0.5225 -0.85264 -0
    outer loop
      vertex 72.2828 71.2496 2.6
      vertex 71.547 71.7005 0
      vertex 72.2828 71.2496 0
    endloop
  endfacet
  facet normal -0.972363 0.233474 0
    outer loop
      vertex 74.2808 65.1004 0
      vertex 74.4823 65.9396 2.8
      vertex 74.4823 65.9396 0
    endloop
  endfacet
  facet normal -0.972363 0.233474 0
    outer loop
      vertex 74.4823 65.9396 2.8
      vertex 74.2808 65.1004 0
      vertex 74.2808 65.1004 2.8
    endloop
  endfacet
  facet normal 0.38273 0.92386 -0
    outer loop
      vertex 67.3504 61.5692 0
      vertex 66.5531 61.8995 2.8
      vertex 67.3504 61.5692 2.8
    endloop
  endfacet
  facet normal 0.38273 0.92386 0
    outer loop
      vertex 66.5531 61.8995 2.8
      vertex 67.3504 61.5692 0
      vertex 66.5531 61.8995 0
    endloop
  endfacet
  facet normal 0.38273 -0.92386 0
    outer loop
      vertex 66.5531 71.7005 0
      vertex 67.3504 72.0308 2.6
      vertex 66.5531 71.7005 2.6
    endloop
  endfacet
  facet normal 0.38273 -0.92386 0
    outer loop
      vertex 67.3504 72.0308 2.6
      vertex 66.5531 71.7005 0
      vertex 67.3504 72.0308 0
    endloop
  endfacet
  facet normal 0.923877 -0.382689 0
    outer loop
      vertex 63.8192 68.4996 2.6
      vertex 64.1495 69.297 0
      vertex 64.1495 69.297 2.6
    endloop
  endfacet
  facet normal 0.923877 -0.382689 0
    outer loop
      vertex 64.1495 69.297 0
      vertex 63.8192 68.4996 2.6
      vertex 63.8192 68.4996 0
    endloop
  endfacet
  facet normal -0.996914 0.0785048 0
    outer loop
      vertex 74.55 66.8 0
      vertex 74.5095 66.2857 2.6
      vertex 74.55 66.8 2.6
    endloop
  endfacet
  facet normal -0.996919 0.0784419 -1.25181e-05
    outer loop
      vertex 74.4823 65.9396 0
      vertex 74.5095 66.2857 2.6
      vertex 74.55 66.8 0
    endloop
  endfacet
  facet normal -0.996926 0.0783484 0
    outer loop
      vertex 74.4823 65.9396 2.8
      vertex 74.5095 66.2857 2.6
      vertex 74.4823 65.9396 0
    endloop
  endfacet
  facet normal -0.996926 0.0783484 0
    outer loop
      vertex 74.5095 66.2857 2.6
      vertex 74.4823 65.9396 2.8
      vertex 74.5095 66.2857 2.8
    endloop
  endfacet
  facet normal -0.923877 -0.382689 0
    outer loop
      vertex 74.2808 68.4996 0
      vertex 73.9505 69.297 2.6
      vertex 73.9505 69.297 0
    endloop
  endfacet
  facet normal -0.923877 -0.382689 0
    outer loop
      vertex 73.9505 69.297 2.6
      vertex 74.2808 68.4996 0
      vertex 74.2808 68.4996 2.6
    endloop
  endfacet
  facet normal -0.85264 -0.5225 0
    outer loop
      vertex 73.9505 69.297 0
      vertex 73.4996 70.0328 2.6
      vertex 73.4996 70.0328 0
    endloop
  endfacet
  facet normal -0.85264 -0.5225 0
    outer loop
      vertex 73.4996 70.0328 2.6
      vertex 73.9505 69.297 0
      vertex 73.9505 69.297 2.6
    endloop
  endfacet
  facet normal -0.649426 -0.760425 0
    outer loop
      vertex 72.2828 71.2496 0
      vertex 72.9391 70.6891 2.6
      vertex 72.2828 71.2496 2.6
    endloop
  endfacet
  facet normal -0.649426 -0.760425 -0
    outer loop
      vertex 72.9391 70.6891 2.6
      vertex 72.2828 71.2496 0
      vertex 72.9391 70.6891 0
    endloop
  endfacet
  facet normal -0.233355 -0.972392 0
    outer loop
      vertex 70.55 72.0787 0.144475
      vertex 70.7496 72.0308 0.999999
      vertex 70.55 72.0787 0.999999
    endloop
  endfacet
  facet normal -0.233355 -0.972392 -0
    outer loop
      vertex 70.7496 72.0308 0.999999
      vertex 70.55 72.0787 0.144475
      vertex 70.7496 72.0308 0.0869735
    endloop
  endfacet
  facet normal 0.996919 -0.0784419 0
    outer loop
      vertex 63.55 66.8 2.6
      vertex 63.6177 67.6604 0
      vertex 63.6177 67.6604 2.6
    endloop
  endfacet
  facet normal 0.996919 -0.0784419 0
    outer loop
      vertex 63.6177 67.6604 0
      vertex 63.55 66.8 2.6
      vertex 63.55 66.8 0
    endloop
  endfacet
  facet normal 0.85264 -0.5225 0
    outer loop
      vertex 64.1495 69.297 2.6
      vertex 64.6004 70.0328 0
      vertex 64.6004 70.0328 2.6
    endloop
  endfacet
  facet normal 0.85264 -0.5225 0
    outer loop
      vertex 64.6004 70.0328 0
      vertex 64.1495 69.297 2.6
      vertex 64.1495 69.297 0
    endloop
  endfacet
  facet normal 0.522448 -0.852671 0
    outer loop
      vertex 65.8172 71.2496 0
      vertex 66.5531 71.7005 2.6
      vertex 65.8172 71.2496 2.6
    endloop
  endfacet
  facet normal 0.522448 -0.852671 0
    outer loop
      vertex 66.5531 71.7005 2.6
      vertex 65.8172 71.2496 0
      vertex 66.5531 71.7005 0
    endloop
  endfacet
  facet normal 0.233355 -0.972392 0
    outer loop
      vertex 67.3504 72.0308 0
      vertex 67.55 72.0787 2.6
      vertex 67.3504 72.0308 2.6
    endloop
  endfacet
  facet normal 0.233355 -0.972392 0
    outer loop
      vertex 67.55 72.0787 2.6
      vertex 67.3504 72.0308 0
      vertex 67.55 72.0787 0
    endloop
  endfacet
  facet normal -0.0784419 0.996919 0
    outer loop
      vertex 69.9104 61.3677 0
      vertex 69.05 61.3 2.8
      vertex 69.9104 61.3677 2.8
    endloop
  endfacet
  facet normal -0.0784419 0.996919 0
    outer loop
      vertex 69.05 61.3 2.8
      vertex 69.9104 61.3677 0
      vertex 69.05 61.3 0
    endloop
  endfacet
  facet normal -0.760425 0.649426 0
    outer loop
      vertex 72.9391 62.9109 0
      vertex 73.4996 63.5672 2.8
      vertex 73.4996 63.5672 0
    endloop
  endfacet
  facet normal -0.760425 0.649426 0
    outer loop
      vertex 73.4996 63.5672 2.8
      vertex 72.9391 62.9109 0
      vertex 72.9391 62.9109 2.8
    endloop
  endfacet
  facet normal -0.92386 0.38273 0
    outer loop
      vertex 73.9505 64.3031 0
      vertex 74.2808 65.1004 2.8
      vertex 74.2808 65.1004 0
    endloop
  endfacet
  facet normal -0.92386 0.38273 0
    outer loop
      vertex 74.2808 65.1004 2.8
      vertex 73.9505 64.3031 0
      vertex 73.9505 64.3031 2.8
    endloop
  endfacet
  facet normal -0.5225 0.85264 0
    outer loop
      vertex 72.2828 62.3504 0
      vertex 71.547 61.8995 2.8
      vertex 72.2828 62.3504 2.8
    endloop
  endfacet
  facet normal -0.5225 0.85264 0
    outer loop
      vertex 71.547 61.8995 2.8
      vertex 72.2828 62.3504 0
      vertex 71.547 61.8995 0
    endloop
  endfacet
  facet normal 0.233474 0.972363 -0
    outer loop
      vertex 68.1896 61.3677 0
      vertex 67.3504 61.5692 2.8
      vertex 68.1896 61.3677 2.8
    endloop
  endfacet
  facet normal 0.233474 0.972363 0
    outer loop
      vertex 67.3504 61.5692 2.8
      vertex 68.1896 61.3677 0
      vertex 67.3504 61.5692 0
    endloop
  endfacet
  facet normal 0.649426 0.760425 -0
    outer loop
      vertex 65.8172 62.3504 0
      vertex 65.1609 62.9109 2.8
      vertex 65.8172 62.3504 2.8
    endloop
  endfacet
  facet normal 0.649426 0.760425 0
    outer loop
      vertex 65.1609 62.9109 2.8
      vertex 65.8172 62.3504 0
      vertex 65.1609 62.9109 0
    endloop
  endfacet
  facet normal 0.852671 0.522448 0
    outer loop
      vertex 64.6004 63.5672 2.8
      vertex 64.1495 64.3031 0
      vertex 64.1495 64.3031 2.8
    endloop
  endfacet
  facet normal 0.852671 0.522448 0
    outer loop
      vertex 64.1495 64.3031 0
      vertex 64.6004 63.5672 2.8
      vertex 64.6004 63.5672 0
    endloop
  endfacet
  facet normal 0.760425 0.649426 0
    outer loop
      vertex 65.1609 62.9109 2.8
      vertex 64.6004 63.5672 0
      vertex 64.6004 63.5672 2.8
    endloop
  endfacet
  facet normal 0.760425 0.649426 0
    outer loop
      vertex 64.6004 63.5672 0
      vertex 65.1609 62.9109 2.8
      vertex 65.1609 62.9109 0
    endloop
  endfacet
  facet normal -0.972363 -0.233474 0
    outer loop
      vertex 74.4823 67.6604 0
      vertex 74.2808 68.4996 2.6
      vertex 74.2808 68.4996 0
    endloop
  endfacet
  facet normal -0.972363 -0.233474 0
    outer loop
      vertex 74.2808 68.4996 2.6
      vertex 74.4823 67.6604 0
      vertex 74.4823 67.6604 2.6
    endloop
  endfacet
  facet normal -0.760425 -0.649426 0
    outer loop
      vertex 73.4996 70.0328 0
      vertex 72.9391 70.6891 2.6
      vertex 72.9391 70.6891 0
    endloop
  endfacet
  facet normal -0.760425 -0.649426 0
    outer loop
      vertex 72.9391 70.6891 2.6
      vertex 73.4996 70.0328 0
      vertex 73.4996 70.0328 2.6
    endloop
  endfacet
  facet normal -0.382605 -0.923912 -0
    outer loop
      vertex 70.7496 72.0308 0.999999
      vertex 70.7496 72.0308 0.0869735
      vertex 71.05 71.9064 0.999999
    endloop
  endfacet
  facet normal -0.38274 -0.923856 0
    outer loop
      vertex 71.05 71.9064 0.999999
      vertex 71.547 71.7005 2.6
      vertex 71.05 71.9064 2.6
    endloop
  endfacet
  facet normal -0.382721 -0.923864 4.47256e-05
    outer loop
      vertex 70.9246 71.9583 0
      vertex 71.05 71.9064 0.999999
      vertex 70.7496 72.0308 0.0869735
    endloop
  endfacet
  facet normal -0.382675 -0.923883 3.7941e-05
    outer loop
      vertex 71.547 71.7005 0
      vertex 71.05 71.9064 0.999999
      vertex 70.9246 71.9583 0
    endloop
  endfacet
  facet normal -0.38274 -0.923856 0
    outer loop
      vertex 71.05 71.9064 0.999999
      vertex 71.547 71.7005 0
      vertex 71.547 71.7005 2.6
    endloop
  endfacet
  facet normal 0.972363 -0.233474 0
    outer loop
      vertex 63.6177 67.6604 2.6
      vertex 63.8192 68.4996 0
      vertex 63.8192 68.4996 2.6
    endloop
  endfacet
  facet normal 0.972363 -0.233474 0
    outer loop
      vertex 63.8192 68.4996 0
      vertex 63.6177 67.6604 2.6
      vertex 63.6177 67.6604 0
    endloop
  endfacet
  facet normal 0.649426 -0.760425 0
    outer loop
      vertex 65.1609 70.6891 0
      vertex 65.8172 71.2496 2.6
      vertex 65.1609 70.6891 2.6
    endloop
  endfacet
  facet normal 0.649426 -0.760425 0
    outer loop
      vertex 65.8172 71.2496 2.6
      vertex 65.1609 70.6891 0
      vertex 65.8172 71.2496 0
    endloop
  endfacet
  facet normal 0.760425 -0.649426 0
    outer loop
      vertex 64.6004 70.0328 2.6
      vertex 65.1609 70.6891 0
      vertex 65.1609 70.6891 2.6
    endloop
  endfacet
  facet normal 0.760425 -0.649426 0
    outer loop
      vertex 65.1609 70.6891 0
      vertex 64.6004 70.0328 2.6
      vertex 64.6004 70.0328 0
    endloop
  endfacet
  facet normal -0.996919 -0.0784419 0
    outer loop
      vertex 74.55 66.8 0
      vertex 74.4823 67.6604 2.6
      vertex 74.4823 67.6604 0
    endloop
  endfacet
  facet normal -0.996919 -0.0784419 0
    outer loop
      vertex 74.4823 67.6604 2.6
      vertex 74.55 66.8 0
      vertex 74.55 66.8 2.6
    endloop
  endfacet
  facet normal -0.233474 0.972363 0
    outer loop
      vertex 70.7496 61.5692 0
      vertex 69.9104 61.3677 2.8
      vertex 70.7496 61.5692 2.8
    endloop
  endfacet
  facet normal -0.233474 0.972363 0
    outer loop
      vertex 69.9104 61.3677 2.8
      vertex 70.7496 61.5692 0
      vertex 69.9104 61.3677 0
    endloop
  endfacet
  facet normal -0.649426 0.760425 0
    outer loop
      vertex 72.9391 62.9109 0
      vertex 72.2828 62.3504 2.8
      vertex 72.9391 62.9109 2.8
    endloop
  endfacet
  facet normal -0.649426 0.760425 0
    outer loop
      vertex 72.2828 62.3504 2.8
      vertex 72.9391 62.9109 0
      vertex 72.2828 62.3504 0
    endloop
  endfacet
  facet normal 0.522448 0.852671 -0
    outer loop
      vertex 66.5531 61.8995 0
      vertex 65.8172 62.3504 2.8
      vertex 66.5531 61.8995 2.8
    endloop
  endfacet
  facet normal 0.522448 0.852671 0
    outer loop
      vertex 65.8172 62.3504 2.8
      vertex 66.5531 61.8995 0
      vertex 65.8172 62.3504 0
    endloop
  endfacet
  facet normal 0.92386 0.38273 0
    outer loop
      vertex 64.1495 64.3031 2.8
      vertex 63.8192 65.1004 0
      vertex 63.8192 65.1004 2.8
    endloop
  endfacet
  facet normal 0.92386 0.38273 0
    outer loop
      vertex 63.8192 65.1004 0
      vertex 64.1495 64.3031 2.8
      vertex 64.1495 64.3031 0
    endloop
  endfacet
  facet normal 0.996926 0.0783484 0
    outer loop
      vertex 63.5905 66.2857 2.8
      vertex 63.6177 65.9396 2.8
      vertex 63.5905 66.2857 2.6
    endloop
  endfacet
  facet normal 0.996914 0.0785048 0
    outer loop
      vertex 63.5905 66.2857 2.6
      vertex 63.55 66.8 0
      vertex 63.55 66.8 2.6
    endloop
  endfacet
  facet normal 0.996926 0.0783484 -0
    outer loop
      vertex 63.6177 65.9396 0
      vertex 63.5905 66.2857 2.6
      vertex 63.6177 65.9396 2.8
    endloop
  endfacet
  facet normal 0.996919 0.0784419 -1.25181e-05
    outer loop
      vertex 63.5905 66.2857 2.6
      vertex 63.6177 65.9396 0
      vertex 63.55 66.8 0
    endloop
  endfacet
  facet normal -0.852671 0.522448 0
    outer loop
      vertex 73.4996 63.5672 0
      vertex 73.9505 64.3031 2.8
      vertex 73.9505 64.3031 0
    endloop
  endfacet
  facet normal -0.852671 0.522448 0
    outer loop
      vertex 73.9505 64.3031 2.8
      vertex 73.4996 63.5672 0
      vertex 73.4996 63.5672 2.8
    endloop
  endfacet
  facet normal -0.382689 0.923877 0
    outer loop
      vertex 71.547 61.8995 0
      vertex 70.7496 61.5692 2.8
      vertex 71.547 61.8995 2.8
    endloop
  endfacet
  facet normal -0.382689 0.923877 0
    outer loop
      vertex 70.7496 61.5692 2.8
      vertex 71.547 61.8995 0
      vertex 70.7496 61.5692 0
    endloop
  endfacet
  facet normal 0.0784419 0.996919 -0
    outer loop
      vertex 69.05 61.3 0
      vertex 68.1896 61.3677 2.8
      vertex 69.05 61.3 2.8
    endloop
  endfacet
  facet normal 0.0784419 0.996919 0
    outer loop
      vertex 68.1896 61.3677 2.8
      vertex 69.05 61.3 0
      vertex 68.1896 61.3677 0
    endloop
  endfacet
  facet normal 0.972363 0.233474 0
    outer loop
      vertex 63.8192 65.1004 2.8
      vertex 63.6177 65.9396 0
      vertex 63.6177 65.9396 2.8
    endloop
  endfacet
  facet normal 0.972363 0.233474 0
    outer loop
      vertex 63.6177 65.9396 0
      vertex 63.8192 65.1004 2.8
      vertex 63.8192 65.1004 0
    endloop
  endfacet
  facet normal 1 0 0
    outer loop
      vertex 67.55 74.2958 2.6
      vertex 67.55 72.0787 2.6
      vertex 67.55 74.2958 0.999999
    endloop
  endfacet
  facet normal 1 -0 0
    outer loop
      vertex 67.55 74.2958 0.999999
      vertex 67.55 76.5213 0
      vertex 67.55 76.5213 0.999999
    endloop
  endfacet
  facet normal 1 0 0
    outer loop
      vertex 67.55 74.2958 0.999999
      vertex 67.55 72.0787 0
      vertex 67.55 76.5213 0
    endloop
  endfacet
  facet normal 1 0 0
    outer loop
      vertex 67.55 72.0787 0
      vertex 67.55 74.2958 0.999999
      vertex 67.55 72.0787 2.6
    endloop
  endfacet
  facet normal -1 -0 -0
    outer loop
      vertex 70.55 76.5213 0.999999
      vertex 70.55 76.5213 0.144474
      vertex 70.55 75.8083 0.999999
    endloop
  endfacet
  facet normal -1 0 0
    outer loop
      vertex 70.55 72.0787 0.999999
      vertex 70.55 72.7917 0.999999
      vertex 70.55 72.0787 0.144475
    endloop
  endfacet
  facet normal -0.382689 0.923877 1.04275e-05
    outer loop
      vertex 88.4246 76.6417 0
      vertex 88.2496 76.5692 0.999999
      vertex 89.047 76.8995 0.999999
    endloop
  endfacet
  facet normal -0.382675 0.923883 0
    outer loop
      vertex 88.4246 76.6417 0
      vertex 89.047 76.8995 0.999999
      vertex 89.047 76.8995 0
    endloop
  endfacet
  facet normal -0.38274 0.923856 0
    outer loop
      vertex 88.2496 76.5692 0.999999
      vertex 88.4246 76.6417 0
      vertex 88.2496 76.5692 0.0869724
    endloop
  endfacet
  facet normal -0.5225 0.85264 0
    outer loop
      vertex 89.7828 77.3504 0
      vertex 89.047 76.8995 0.999999
      vertex 89.7828 77.3504 0.999999
    endloop
  endfacet
  facet normal -0.5225 0.85264 0
    outer loop
      vertex 89.047 76.8995 0.999999
      vertex 89.7828 77.3504 0
      vertex 89.047 76.8995 0
    endloop
  endfacet
  facet normal 0.649376 0.760467 -0
    outer loop
      vertex 83.3172 77.3504 0
      vertex 83.0249 77.6 0.999999
      vertex 83.3172 77.3504 0.999999
    endloop
  endfacet
  facet normal 0.649376 0.760467 0
    outer loop
      vertex 83.0249 77.6 0.999999
      vertex 83.3172 77.3504 0
      vertex 83.0249 77.6 0
    endloop
  endfacet
  facet normal 0.38274 0.923856 0
    outer loop
      vertex 84.6754 76.6417 0
      vertex 84.8504 76.5692 0.999999
      vertex 84.8504 76.5692 0.0869724
    endloop
  endfacet
  facet normal 0.38273 0.92386 2.02779e-06
    outer loop
      vertex 84.8504 76.5692 0.999999
      vertex 84.6754 76.6417 0
      vertex 84.0531 76.8995 0.999999
    endloop
  endfacet
  facet normal 0.382728 0.923861 0
    outer loop
      vertex 84.0531 76.8995 0.999999
      vertex 84.6754 76.6417 0
      vertex 84.0531 76.8995 0
    endloop
  endfacet
  facet normal -0.233355 0.972392 0
    outer loop
      vertex 88.2496 76.5692 0.999999
      vertex 88.05 76.5213 0.144474
      vertex 88.05 76.5213 0.999999
    endloop
  endfacet
  facet normal -0.233355 0.972392 0
    outer loop
      vertex 88.05 76.5213 0.144474
      vertex 88.2496 76.5692 0.999999
      vertex 88.2496 76.5692 0.0869724
    endloop
  endfacet
  facet normal -0.649376 0.760467 0
    outer loop
      vertex 90.0751 77.6 0
      vertex 89.7828 77.3504 0.999999
      vertex 90.0751 77.6 0.999999
    endloop
  endfacet
  facet normal -0.649376 0.760467 0
    outer loop
      vertex 89.7828 77.3504 0.999999
      vertex 90.0751 77.6 0
      vertex 89.7828 77.3504 0
    endloop
  endfacet
  facet normal 0.522448 0.852671 -0
    outer loop
      vertex 84.0531 76.8995 0
      vertex 83.3172 77.3504 0.999999
      vertex 84.0531 76.8995 0.999999
    endloop
  endfacet
  facet normal 0.522448 0.852671 0
    outer loop
      vertex 83.3172 77.3504 0.999999
      vertex 84.0531 76.8995 0
      vertex 83.3172 77.3504 0
    endloop
  endfacet
  facet normal 0.233355 0.972392 -0
    outer loop
      vertex 85.05 76.5213 0.144474
      vertex 84.8504 76.5692 0.999999
      vertex 85.05 76.5213 0.999999
    endloop
  endfacet
  facet normal 0.233355 0.972392 0
    outer loop
      vertex 84.8504 76.5692 0.999999
      vertex 85.05 76.5213 0.144474
      vertex 84.8504 76.5692 0.0869724
    endloop
  endfacet
  facet normal -0.996919 -0.0784419 0
    outer loop
      vertex 92.05 66.8 0
      vertex 91.9823 67.6604 2.6
      vertex 91.9823 67.6604 0
    endloop
  endfacet
  facet normal -0.996919 -0.0784419 0
    outer loop
      vertex 91.9823 67.6604 2.6
      vertex 92.05 66.8 0
      vertex 92.05 66.8 2.6
    endloop
  endfacet
  facet normal 0.996919 -0.0784419 0
    outer loop
      vertex 81.05 66.8 2.6
      vertex 81.1177 67.6604 0
      vertex 81.1177 67.6604 2.6
    endloop
  endfacet
  facet normal 0.996919 -0.0784419 0
    outer loop
      vertex 81.1177 67.6604 0
      vertex 81.05 66.8 2.6
      vertex 81.05 66.8 0
    endloop
  endfacet
  facet normal -0.649426 -0.760425 0
    outer loop
      vertex 89.7828 71.2496 0
      vertex 90.4391 70.6891 2.6
      vertex 89.7828 71.2496 2.6
    endloop
  endfacet
  facet normal -0.649426 -0.760425 -0
    outer loop
      vertex 90.4391 70.6891 2.6
      vertex 89.7828 71.2496 0
      vertex 90.4391 70.6891 0
    endloop
  endfacet
  facet normal 0.760425 -0.649426 0
    outer loop
      vertex 82.1004 70.0328 2.6
      vertex 82.6609 70.6891 0
      vertex 82.6609 70.6891 2.6
    endloop
  endfacet
  facet normal 0.760425 -0.649426 0
    outer loop
      vertex 82.6609 70.6891 0
      vertex 82.1004 70.0328 2.6
      vertex 82.1004 70.0328 0
    endloop
  endfacet
  facet normal 0.382806 -0.923829 0
    outer loop
      vertex 84.0531 71.7005 2.6
      vertex 84.55 71.9064 0.999999
      vertex 84.55 71.9064 2.6
    endloop
  endfacet
  facet normal 0.382605 -0.923912 0
    outer loop
      vertex 84.55 71.9064 0.999999
      vertex 84.8504 72.0308 0.0869735
      vertex 84.8504 72.0308 0.999999
    endloop
  endfacet
  facet normal 0.382806 -0.923829 0
    outer loop
      vertex 84.0531 71.7005 0
      vertex 84.55 71.9064 0.999999
      vertex 84.0531 71.7005 2.6
    endloop
  endfacet
  facet normal 0.382728 -0.923861 4.56512e-05
    outer loop
      vertex 84.6754 71.9583 0
      vertex 84.55 71.9064 0.999999
      vertex 84.0531 71.7005 0
    endloop
  endfacet
  facet normal 0.382721 -0.923864 4.47256e-05
    outer loop
      vertex 84.55 71.9064 0.999999
      vertex 84.6754 71.9583 0
      vertex 84.8504 72.0308 0.0869735
    endloop
  endfacet
  facet normal -0.923877 -0.382689 0
    outer loop
      vertex 91.7808 68.4996 0
      vertex 91.4505 69.297 2.6
      vertex 91.4505 69.297 0
    endloop
  endfacet
  facet normal -0.923877 -0.382689 0
    outer loop
      vertex 91.4505 69.297 2.6
      vertex 91.7808 68.4996 0
      vertex 91.7808 68.4996 2.6
    endloop
  endfacet
  facet normal -0.972363 -0.233474 0
    outer loop
      vertex 91.9823 67.6604 0
      vertex 91.7808 68.4996 2.6
      vertex 91.7808 68.4996 0
    endloop
  endfacet
  facet normal -0.972363 -0.233474 0
    outer loop
      vertex 91.7808 68.4996 2.6
      vertex 91.9823 67.6604 0
      vertex 91.9823 67.6604 2.6
    endloop
  endfacet
  facet normal -0.233355 -0.972392 0
    outer loop
      vertex 88.05 72.0787 0.144475
      vertex 88.2496 72.0308 2.6
      vertex 88.05 72.0787 2.6
    endloop
  endfacet
  facet normal -0.233355 -0.972392 -0
    outer loop
      vertex 88.2496 72.0308 2.6
      vertex 88.05 72.0787 0.144475
      vertex 88.2496 72.0308 0.0869735
    endloop
  endfacet
  facet normal -0.5225 -0.85264 0
    outer loop
      vertex 89.047 71.7005 0
      vertex 89.7828 71.2496 2.6
      vertex 89.047 71.7005 2.6
    endloop
  endfacet
  facet normal -0.5225 -0.85264 -0
    outer loop
      vertex 89.7828 71.2496 2.6
      vertex 89.047 71.7005 0
      vertex 89.7828 71.2496 0
    endloop
  endfacet
  facet normal 0.923877 -0.382689 0
    outer loop
      vertex 81.3192 68.4996 2.6
      vertex 81.6495 69.297 0
      vertex 81.6495 69.297 2.6
    endloop
  endfacet
  facet normal 0.923877 -0.382689 0
    outer loop
      vertex 81.6495 69.297 0
      vertex 81.3192 68.4996 2.6
      vertex 81.3192 68.4996 0
    endloop
  endfacet
  facet normal 0.85264 -0.5225 0
    outer loop
      vertex 81.6495 69.297 2.6
      vertex 82.1004 70.0328 0
      vertex 82.1004 70.0328 2.6
    endloop
  endfacet
  facet normal 0.85264 -0.5225 0
    outer loop
      vertex 82.1004 70.0328 0
      vertex 81.6495 69.297 2.6
      vertex 81.6495 69.297 0
    endloop
  endfacet
  facet normal 0.972363 -0.233474 0
    outer loop
      vertex 81.1177 67.6604 2.6
      vertex 81.3192 68.4996 0
      vertex 81.3192 68.4996 2.6
    endloop
  endfacet
  facet normal 0.972363 -0.233474 0
    outer loop
      vertex 81.3192 68.4996 0
      vertex 81.1177 67.6604 2.6
      vertex 81.1177 67.6604 0
    endloop
  endfacet
  facet normal 0.522448 -0.852671 0
    outer loop
      vertex 83.3172 71.2496 0
      vertex 84.0531 71.7005 2.6
      vertex 83.3172 71.2496 2.6
    endloop
  endfacet
  facet normal 0.522448 -0.852671 0
    outer loop
      vertex 84.0531 71.7005 2.6
      vertex 83.3172 71.2496 0
      vertex 84.0531 71.7005 0
    endloop
  endfacet
  facet normal 0.233355 -0.972392 0
    outer loop
      vertex 84.8504 72.0308 0.999999
      vertex 85.05 72.0787 0.144475
      vertex 85.05 72.0787 0.999999
    endloop
  endfacet
  facet normal 0.233355 -0.972392 0
    outer loop
      vertex 85.05 72.0787 0.144475
      vertex 84.8504 72.0308 0.999999
      vertex 84.8504 72.0308 0.0869735
    endloop
  endfacet
  facet normal -0.0784419 0.996919 0
    outer loop
      vertex 87.4104 61.3677 0
      vertex 86.55 61.3 2.8
      vertex 87.4104 61.3677 2.8
    endloop
  endfacet
  facet normal -0.0784419 0.996919 0
    outer loop
      vertex 86.55 61.3 2.8
      vertex 87.4104 61.3677 0
      vertex 86.55 61.3 0
    endloop
  endfacet
  facet normal -0.5225 0.85264 0
    outer loop
      vertex 89.7828 62.3504 0
      vertex 89.047 61.8995 2.8
      vertex 89.7828 62.3504 2.8
    endloop
  endfacet
  facet normal -0.5225 0.85264 0
    outer loop
      vertex 89.047 61.8995 2.8
      vertex 89.7828 62.3504 0
      vertex 89.047 61.8995 0
    endloop
  endfacet
  facet normal -0.972363 0.233474 0
    outer loop
      vertex 91.7808 65.1004 0
      vertex 91.9823 65.9396 2.8
      vertex 91.9823 65.9396 0
    endloop
  endfacet
  facet normal -0.972363 0.233474 0
    outer loop
      vertex 91.9823 65.9396 2.8
      vertex 91.7808 65.1004 0
      vertex 91.7808 65.1004 2.8
    endloop
  endfacet
  facet normal 0.649426 0.760425 -0
    outer loop
      vertex 83.3172 62.3504 0
      vertex 82.6609 62.9109 2.8
      vertex 83.3172 62.3504 2.8
    endloop
  endfacet
  facet normal 0.649426 0.760425 0
    outer loop
      vertex 82.6609 62.9109 2.8
      vertex 83.3172 62.3504 0
      vertex 82.6609 62.9109 0
    endloop
  endfacet
  facet normal 0.38273 0.92386 -0
    outer loop
      vertex 84.8504 61.5692 0
      vertex 84.0531 61.8995 2.8
      vertex 84.8504 61.5692 2.8
    endloop
  endfacet
  facet normal 0.38273 0.92386 0
    outer loop
      vertex 84.0531 61.8995 2.8
      vertex 84.8504 61.5692 0
      vertex 84.0531 61.8995 0
    endloop
  endfacet
  facet normal 0.852671 0.522448 0
    outer loop
      vertex 82.1004 63.5672 2.8
      vertex 81.6495 64.3031 0
      vertex 81.6495 64.3031 2.8
    endloop
  endfacet
  facet normal 0.852671 0.522448 0
    outer loop
      vertex 81.6495 64.3031 0
      vertex 82.1004 63.5672 2.8
      vertex 82.1004 63.5672 0
    endloop
  endfacet
  facet normal -0.760425 -0.649426 0
    outer loop
      vertex 90.9996 70.0328 0
      vertex 90.4391 70.6891 2.6
      vertex 90.4391 70.6891 0
    endloop
  endfacet
  facet normal -0.760425 -0.649426 0
    outer loop
      vertex 90.4391 70.6891 2.6
      vertex 90.9996 70.0328 0
      vertex 90.9996 70.0328 2.6
    endloop
  endfacet
  facet normal -0.85264 -0.5225 0
    outer loop
      vertex 91.4505 69.297 0
      vertex 90.9996 70.0328 2.6
      vertex 90.9996 70.0328 0
    endloop
  endfacet
  facet normal -0.85264 -0.5225 0
    outer loop
      vertex 90.9996 70.0328 2.6
      vertex 91.4505 69.297 0
      vertex 91.4505 69.297 2.6
    endloop
  endfacet
  facet normal -0.382689 -0.923877 0
    outer loop
      vertex 88.2496 72.0308 0.0869735
      vertex 89.047 71.7005 2.6
      vertex 88.2496 72.0308 2.6
    endloop
  endfacet
  facet normal -0.382675 -0.923883 0.000153604
    outer loop
      vertex 89.047 71.7005 0
      vertex 88.2496 72.0308 0.0869735
      vertex 88.4246 71.9583 0
    endloop
  endfacet
  facet normal -0.382689 -0.923877 0
    outer loop
      vertex 88.2496 72.0308 0.0869735
      vertex 89.047 71.7005 0
      vertex 89.047 71.7005 2.6
    endloop
  endfacet
  facet normal 0.649426 -0.760425 0
    outer loop
      vertex 82.6609 70.6891 0
      vertex 83.3172 71.2496 2.6
      vertex 82.6609 70.6891 2.6
    endloop
  endfacet
  facet normal 0.649426 -0.760425 0
    outer loop
      vertex 83.3172 71.2496 2.6
      vertex 82.6609 70.6891 0
      vertex 83.3172 71.2496 0
    endloop
  endfacet
  facet normal -0.996914 0.0785048 0
    outer loop
      vertex 92.05 66.8 0
      vertex 92.0095 66.2857 2.6
      vertex 92.05 66.8 2.6
    endloop
  endfacet
  facet normal -0.996919 0.0784419 -1.25181e-05
    outer loop
      vertex 91.9823 65.9396 0
      vertex 92.0095 66.2857 2.6
      vertex 92.05 66.8 0
    endloop
  endfacet
  facet normal -0.996926 0.0783484 0
    outer loop
      vertex 91.9823 65.9396 2.8
      vertex 92.0095 66.2857 2.6
      vertex 91.9823 65.9396 0
    endloop
  endfacet
  facet normal -0.996926 0.0783484 0
    outer loop
      vertex 92.0095 66.2857 2.6
      vertex 91.9823 65.9396 2.8
      vertex 92.0095 66.2857 2.8
    endloop
  endfacet
  facet normal -0.233474 0.972363 0
    outer loop
      vertex 88.2496 61.5692 0
      vertex 87.4104 61.3677 2.8
      vertex 88.2496 61.5692 2.8
    endloop
  endfacet
  facet normal -0.233474 0.972363 0
    outer loop
      vertex 87.4104 61.3677 2.8
      vertex 88.2496 61.5692 0
      vertex 87.4104 61.3677 0
    endloop
  endfacet
  facet normal -0.649426 0.760425 0
    outer loop
      vertex 90.4391 62.9109 0
      vertex 89.7828 62.3504 2.8
      vertex 90.4391 62.9109 2.8
    endloop
  endfacet
  facet normal -0.649426 0.760425 0
    outer loop
      vertex 89.7828 62.3504 2.8
      vertex 90.4391 62.9109 0
      vertex 89.7828 62.3504 0
    endloop
  endfacet
  facet normal -0.760425 0.649426 0
    outer loop
      vertex 90.4391 62.9109 0
      vertex 90.9996 63.5672 2.8
      vertex 90.9996 63.5672 0
    endloop
  endfacet
  facet normal -0.760425 0.649426 0
    outer loop
      vertex 90.9996 63.5672 2.8
      vertex 90.4391 62.9109 0
      vertex 90.4391 62.9109 2.8
    endloop
  endfacet
  facet normal 0.522448 0.852671 -0
    outer loop
      vertex 84.0531 61.8995 0
      vertex 83.3172 62.3504 2.8
      vertex 84.0531 61.8995 2.8
    endloop
  endfacet
  facet normal 0.522448 0.852671 0
    outer loop
      vertex 83.3172 62.3504 2.8
      vertex 84.0531 61.8995 0
      vertex 83.3172 62.3504 0
    endloop
  endfacet
  facet normal 0.233474 0.972363 -0
    outer loop
      vertex 85.6896 61.3677 0
      vertex 84.8504 61.5692 2.8
      vertex 85.6896 61.3677 2.8
    endloop
  endfacet
  facet normal 0.233474 0.972363 0
    outer loop
      vertex 84.8504 61.5692 2.8
      vertex 85.6896 61.3677 0
      vertex 84.8504 61.5692 0
    endloop
  endfacet
  facet normal 0.760425 0.649426 0
    outer loop
      vertex 82.6609 62.9109 2.8
      vertex 82.1004 63.5672 0
      vertex 82.1004 63.5672 2.8
    endloop
  endfacet
  facet normal 0.760425 0.649426 0
    outer loop
      vertex 82.1004 63.5672 0
      vertex 82.6609 62.9109 2.8
      vertex 82.6609 62.9109 0
    endloop
  endfacet
  facet normal 0.92386 0.38273 0
    outer loop
      vertex 81.6495 64.3031 2.8
      vertex 81.3192 65.1004 0
      vertex 81.3192 65.1004 2.8
    endloop
  endfacet
  facet normal 0.92386 0.38273 0
    outer loop
      vertex 81.3192 65.1004 0
      vertex 81.6495 64.3031 2.8
      vertex 81.6495 64.3031 0
    endloop
  endfacet
  facet normal 0.996926 0.0783484 0
    outer loop
      vertex 81.0905 66.2857 2.8
      vertex 81.1177 65.9396 2.8
      vertex 81.0905 66.2857 2.6
    endloop
  endfacet
  facet normal 0.996914 0.0785048 0
    outer loop
      vertex 81.0905 66.2857 2.6
      vertex 81.05 66.8 0
      vertex 81.05 66.8 2.6
    endloop
  endfacet
  facet normal 0.996926 0.0783484 -0
    outer loop
      vertex 81.1177 65.9396 0
      vertex 81.0905 66.2857 2.6
      vertex 81.1177 65.9396 2.8
    endloop
  endfacet
  facet normal 0.996919 0.0784419 -1.25181e-05
    outer loop
      vertex 81.0905 66.2857 2.6
      vertex 81.1177 65.9396 0
      vertex 81.05 66.8 0
    endloop
  endfacet
  facet normal -0.92386 0.38273 0
    outer loop
      vertex 91.4505 64.3031 0
      vertex 91.7808 65.1004 2.8
      vertex 91.7808 65.1004 0
    endloop
  endfacet
  facet normal -0.92386 0.38273 0
    outer loop
      vertex 91.7808 65.1004 2.8
      vertex 91.4505 64.3031 0
      vertex 91.4505 64.3031 2.8
    endloop
  endfacet
  facet normal -0.382689 0.923877 0
    outer loop
      vertex 89.047 61.8995 0
      vertex 88.2496 61.5692 2.8
      vertex 89.047 61.8995 2.8
    endloop
  endfacet
  facet normal -0.382689 0.923877 0
    outer loop
      vertex 88.2496 61.5692 2.8
      vertex 89.047 61.8995 0
      vertex 88.2496 61.5692 0
    endloop
  endfacet
  facet normal 0.0784419 0.996919 -0
    outer loop
      vertex 86.55 61.3 0
      vertex 85.6896 61.3677 2.8
      vertex 86.55 61.3 2.8
    endloop
  endfacet
  facet normal 0.0784419 0.996919 0
    outer loop
      vertex 85.6896 61.3677 2.8
      vertex 86.55 61.3 0
      vertex 85.6896 61.3677 0
    endloop
  endfacet
  facet normal 0.972363 0.233474 0
    outer loop
      vertex 81.3192 65.1004 2.8
      vertex 81.1177 65.9396 0
      vertex 81.1177 65.9396 2.8
    endloop
  endfacet
  facet normal 0.972363 0.233474 0
    outer loop
      vertex 81.1177 65.9396 0
      vertex 81.3192 65.1004 2.8
      vertex 81.3192 65.1004 0
    endloop
  endfacet
  facet normal -0.852671 0.522448 0
    outer loop
      vertex 90.9996 63.5672 0
      vertex 91.4505 64.3031 2.8
      vertex 91.4505 64.3031 0
    endloop
  endfacet
  facet normal -0.852671 0.522448 0
    outer loop
      vertex 91.4505 64.3031 2.8
      vertex 90.9996 63.5672 0
      vertex 90.9996 63.5672 2.8
    endloop
  endfacet
  facet normal 1 0 -0
    outer loop
      vertex 85.05 76.5213 0.144474
      vertex 85.05 76.5213 0.999999
      vertex 85.05 75.8083 0.999999
    endloop
  endfacet
  facet normal 1 0 0
    outer loop
      vertex 85.05 72.7917 0.999999
      vertex 85.05 72.0787 0.999999
      vertex 85.05 72.0787 0.144475
    endloop
  endfacet
  facet normal -1 0 0
    outer loop
      vertex 88.05 72.0787 2.6
      vertex 88.05 72.8 1.01
      vertex 88.05 72.0787 0.144475
    endloop
  endfacet
  facet normal -1 0 0
    outer loop
      vertex 88.05 72.8 1.01
      vertex 88.05 72.0787 2.6
      vertex 88.05 72.8 2.6
    endloop
  endfacet
  facet normal -1 -0 -0
    outer loop
      vertex 88.05 76.5213 0.999999
      vertex 88.05 76.5213 0.144474
      vertex 88.05 75.8083 0.999999
    endloop
  endfacet
  facet normal -0.382853 0.923809 0
    outer loop
      vertex 106.547 76.8995 0
      vertex 105.75 76.5692 0.999999
      vertex 106.547 76.8995 0.999999
    endloop
  endfacet
  facet normal -0.382853 0.923809 0
    outer loop
      vertex 105.75 76.5692 0.999999
      vertex 106.547 76.8995 0
      vertex 105.75 76.5692 0
    endloop
  endfacet
  facet normal -0.522396 0.852703 0
    outer loop
      vertex 107.283 77.3504 0
      vertex 106.547 76.8995 0.999999
      vertex 107.283 77.3504 0.999999
    endloop
  endfacet
  facet normal -0.522396 0.852703 0
    outer loop
      vertex 106.547 76.8995 0.999999
      vertex 107.283 77.3504 0
      vertex 106.547 76.8995 0
    endloop
  endfacet
  facet normal 0.649762 0.760138 -0
    outer loop
      vertex 100.817 77.3504 0
      vertex 100.525 77.6 0.999999
      vertex 100.817 77.3504 0.999999
    endloop
  endfacet
  facet normal 0.649762 0.760138 0
    outer loop
      vertex 100.525 77.6 0.999999
      vertex 100.817 77.3504 0
      vertex 100.525 77.6 0
    endloop
  endfacet
  facet normal 0.382853 0.923809 -0
    outer loop
      vertex 102.35 76.5692 0
      vertex 101.553 76.8995 0.999999
      vertex 102.35 76.5692 0.999999
    endloop
  endfacet
  facet normal 0.382853 0.923809 0
    outer loop
      vertex 101.553 76.8995 0.999999
      vertex 102.35 76.5692 0
      vertex 101.553 76.8995 0
    endloop
  endfacet
  facet normal -0.232913 0.972498 0
    outer loop
      vertex 105.75 76.5692 0
      vertex 105.55 76.5213 0.999999
      vertex 105.75 76.5692 0.999999
    endloop
  endfacet
  facet normal -0.232913 0.972498 0
    outer loop
      vertex 105.55 76.5213 0.999999
      vertex 105.75 76.5692 0
      vertex 105.55 76.5213 0
    endloop
  endfacet
  facet normal -0.649762 0.760138 0
    outer loop
      vertex 107.575 77.6 0
      vertex 107.283 77.3504 0.999999
      vertex 107.575 77.6 0.999999
    endloop
  endfacet
  facet normal -0.649762 0.760138 0
    outer loop
      vertex 107.283 77.3504 0.999999
      vertex 107.575 77.6 0
      vertex 107.283 77.3504 0
    endloop
  endfacet
  facet normal 0.522396 0.852703 -0
    outer loop
      vertex 101.553 76.8995 0
      vertex 100.817 77.3504 0.999999
      vertex 101.553 76.8995 0.999999
    endloop
  endfacet
  facet normal 0.522396 0.852703 0
    outer loop
      vertex 100.817 77.3504 0.999999
      vertex 101.553 76.8995 0
      vertex 100.817 77.3504 0
    endloop
  endfacet
  facet normal 0.232913 0.972498 -0
    outer loop
      vertex 102.55 76.5213 0
      vertex 102.35 76.5692 0.999999
      vertex 102.55 76.5213 0.999999
    endloop
  endfacet
  facet normal 0.232913 0.972498 0
    outer loop
      vertex 102.35 76.5692 0.999999
      vertex 102.55 76.5213 0
      vertex 102.35 76.5692 0
    endloop
  endfacet
  facet normal -0.996891 -0.0787873 0
    outer loop
      vertex 109.55 66.8 0
      vertex 109.482 67.6604 2.6
      vertex 109.482 67.6604 0
    endloop
  endfacet
  facet normal -0.996891 -0.0787873 0
    outer loop
      vertex 109.482 67.6604 2.6
      vertex 109.55 66.8 0
      vertex 109.55 66.8 2.6
    endloop
  endfacet
  facet normal 0.996919 -0.0784419 0
    outer loop
      vertex 98.55 66.8 2.6
      vertex 98.6177 67.6604 0
      vertex 98.6177 67.6604 2.6
    endloop
  endfacet
  facet normal 0.996919 -0.0784419 0
    outer loop
      vertex 98.6177 67.6604 0
      vertex 98.55 66.8 2.6
      vertex 98.55 66.8 0
    endloop
  endfacet
  facet normal -0.649598 -0.760278 0
    outer loop
      vertex 107.283 71.2496 0
      vertex 107.939 70.6891 2.6
      vertex 107.283 71.2496 2.6
    endloop
  endfacet
  facet normal -0.649598 -0.760278 -0
    outer loop
      vertex 107.939 70.6891 2.6
      vertex 107.283 71.2496 0
      vertex 107.939 70.6891 0
    endloop
  endfacet
  facet normal 0.760368 -0.649493 0
    outer loop
      vertex 99.6004 70.0328 2.6
      vertex 100.161 70.6891 0
      vertex 100.161 70.6891 2.6
    endloop
  endfacet
  facet normal 0.760368 -0.649493 0
    outer loop
      vertex 100.161 70.6891 0
      vertex 99.6004 70.0328 2.6
      vertex 99.6004 70.0328 0
    endloop
  endfacet
  facet normal 0.382853 -0.923809 0
    outer loop
      vertex 101.553 71.7005 0
      vertex 102.35 72.0308 2.6
      vertex 101.553 71.7005 2.6
    endloop
  endfacet
  facet normal 0.382853 -0.923809 0
    outer loop
      vertex 102.35 72.0308 2.6
      vertex 101.553 71.7005 0
      vertex 102.35 72.0308 0
    endloop
  endfacet
  facet normal -0.85262 0.522532 0
    outer loop
      vertex 108.5 63.5672 0
      vertex 108.951 64.3031 2.8
      vertex 108.951 64.3031 0
    endloop
  endfacet
  facet normal -0.85262 0.522532 0
    outer loop
      vertex 108.951 64.3031 2.8
      vertex 108.5 63.5672 0
      vertex 108.5 63.5672 2.8
    endloop
  endfacet
  facet normal 0.760368 0.649493 0
    outer loop
      vertex 100.161 62.9109 2.8
      vertex 99.6004 63.5672 0
      vertex 99.6004 63.5672 2.8
    endloop
  endfacet
  facet normal 0.760368 0.649493 0
    outer loop
      vertex 99.6004 63.5672 0
      vertex 100.161 62.9109 2.8
      vertex 100.161 62.9109 0
    endloop
  endfacet
  facet normal -0.924 -0.382393 0
    outer loop
      vertex 109.281 68.4996 0
      vertex 108.951 69.297 2.6
      vertex 108.951 69.297 0
    endloop
  endfacet
  facet normal -0.924 -0.382393 0
    outer loop
      vertex 108.951 69.297 2.6
      vertex 109.281 68.4996 0
      vertex 109.281 68.4996 2.6
    endloop
  endfacet
  facet normal -0.972494 -0.232926 0
    outer loop
      vertex 109.482 67.6604 0
      vertex 109.281 68.4996 2.6
      vertex 109.281 68.4996 0
    endloop
  endfacet
  facet normal -0.972494 -0.232926 0
    outer loop
      vertex 109.281 68.4996 2.6
      vertex 109.482 67.6604 0
      vertex 109.482 67.6604 2.6
    endloop
  endfacet
  facet normal -0.232913 -0.972498 0
    outer loop
      vertex 105.55 72.0787 0
      vertex 105.75 72.0308 2.6
      vertex 105.55 72.0787 2.6
    endloop
  endfacet
  facet normal -0.232913 -0.972498 -0
    outer loop
      vertex 105.75 72.0308 2.6
      vertex 105.55 72.0787 0
      vertex 105.75 72.0308 0
    endloop
  endfacet
  facet normal -0.522396 -0.852703 0
    outer loop
      vertex 106.547 71.7005 0
      vertex 107.283 71.2496 2.6
      vertex 106.547 71.7005 2.6
    endloop
  endfacet
  facet normal -0.522396 -0.852703 -0
    outer loop
      vertex 107.283 71.2496 2.6
      vertex 106.547 71.7005 0
      vertex 107.283 71.2496 0
    endloop
  endfacet
  facet normal 0.923877 -0.382689 0
    outer loop
      vertex 98.8192 68.4996 2.6
      vertex 99.1495 69.297 0
      vertex 99.1495 69.297 2.6
    endloop
  endfacet
  facet normal 0.923877 -0.382689 0
    outer loop
      vertex 99.1495 69.297 0
      vertex 98.8192 68.4996 2.6
      vertex 98.8192 68.4996 0
    endloop
  endfacet
  facet normal 0.85264 -0.5225 0
    outer loop
      vertex 99.1495 69.297 2.6
      vertex 99.6004 70.0328 0
      vertex 99.6004 70.0328 2.6
    endloop
  endfacet
  facet normal 0.85264 -0.5225 0
    outer loop
      vertex 99.6004 70.0328 0
      vertex 99.1495 69.297 2.6
      vertex 99.1495 69.297 0
    endloop
  endfacet
  facet normal 0.972363 -0.233474 0
    outer loop
      vertex 98.6177 67.6604 2.6
      vertex 98.8192 68.4996 0
      vertex 98.8192 68.4996 2.6
    endloop
  endfacet
  facet normal 0.972363 -0.233474 0
    outer loop
      vertex 98.8192 68.4996 0
      vertex 98.6177 67.6604 2.6
      vertex 98.6177 67.6604 0
    endloop
  endfacet
  facet normal 0.522396 -0.852703 0
    outer loop
      vertex 100.817 71.2496 0
      vertex 101.553 71.7005 2.6
      vertex 100.817 71.2496 2.6
    endloop
  endfacet
  facet normal 0.522396 -0.852703 0
    outer loop
      vertex 101.553 71.7005 2.6
      vertex 100.817 71.2496 0
      vertex 101.553 71.7005 0
    endloop
  endfacet
  facet normal 0.232913 -0.972498 0
    outer loop
      vertex 102.35 72.0308 0
      vertex 102.55 72.0787 2.6
      vertex 102.35 72.0308 2.6
    endloop
  endfacet
  facet normal 0.232913 -0.972498 0
    outer loop
      vertex 102.55 72.0787 2.6
      vertex 102.35 72.0308 0
      vertex 102.55 72.0787 0
    endloop
  endfacet
  facet normal -0.233263 0.972414 0
    outer loop
      vertex 105.75 61.5692 0
      vertex 104.91 61.3677 2.8
      vertex 105.75 61.5692 2.8
    endloop
  endfacet
  facet normal -0.233263 0.972414 0
    outer loop
      vertex 104.91 61.3677 2.8
      vertex 105.75 61.5692 0
      vertex 104.91 61.3677 0
    endloop
  endfacet
  facet normal -0.0784781 0.996916 0
    outer loop
      vertex 104.91 61.3677 0
      vertex 104.05 61.3 2.8
      vertex 104.91 61.3677 2.8
    endloop
  endfacet
  facet normal -0.0784781 0.996916 0
    outer loop
      vertex 104.05 61.3 2.8
      vertex 104.91 61.3677 0
      vertex 104.05 61.3 0
    endloop
  endfacet
  facet normal -0.522396 0.852703 0
    outer loop
      vertex 107.283 62.3504 0
      vertex 106.547 61.8995 2.8
      vertex 107.283 62.3504 2.8
    endloop
  endfacet
  facet normal -0.522396 0.852703 0
    outer loop
      vertex 106.547 61.8995 2.8
      vertex 107.283 62.3504 0
      vertex 106.547 61.8995 0
    endloop
  endfacet
  facet normal 0.649598 0.760278 -0
    outer loop
      vertex 100.817 62.3504 0
      vertex 100.161 62.9109 2.8
      vertex 100.817 62.3504 2.8
    endloop
  endfacet
  facet normal 0.649598 0.760278 0
    outer loop
      vertex 100.161 62.9109 2.8
      vertex 100.817 62.3504 0
      vertex 100.161 62.9109 0
    endloop
  endfacet
  facet normal 0.382853 0.923809 -0
    outer loop
      vertex 102.35 61.5692 0
      vertex 101.553 61.8995 2.8
      vertex 102.35 61.5692 2.8
    endloop
  endfacet
  facet normal 0.382853 0.923809 0
    outer loop
      vertex 101.553 61.8995 2.8
      vertex 102.35 61.5692 0
      vertex 101.553 61.8995 0
    endloop
  endfacet
  facet normal 0.972363 0.233474 0
    outer loop
      vertex 98.8192 65.1004 2.8
      vertex 98.6177 65.9396 0
      vertex 98.6177 65.9396 2.8
    endloop
  endfacet
  facet normal 0.972363 0.233474 0
    outer loop
      vertex 98.6177 65.9396 0
      vertex 98.8192 65.1004 2.8
      vertex 98.8192 65.1004 0
    endloop
  endfacet
  facet normal 0.852671 0.522448 0
    outer loop
      vertex 99.6004 63.5672 2.8
      vertex 99.1495 64.3031 0
      vertex 99.1495 64.3031 2.8
    endloop
  endfacet
  facet normal 0.852671 0.522448 0
    outer loop
      vertex 99.1495 64.3031 0
      vertex 99.6004 63.5672 2.8
      vertex 99.6004 63.5672 0
    endloop
  endfacet
  facet normal 0.92386 0.38273 0
    outer loop
      vertex 99.1495 64.3031 2.8
      vertex 98.8192 65.1004 0
      vertex 98.8192 65.1004 2.8
    endloop
  endfacet
  facet normal 0.92386 0.38273 0
    outer loop
      vertex 98.8192 65.1004 0
      vertex 99.1495 64.3031 2.8
      vertex 99.1495 64.3031 0
    endloop
  endfacet
  facet normal -0.852588 -0.522584 0
    outer loop
      vertex 108.951 69.297 0
      vertex 108.5 70.0328 2.6
      vertex 108.5 70.0328 0
    endloop
  endfacet
  facet normal -0.852588 -0.522584 0
    outer loop
      vertex 108.5 70.0328 2.6
      vertex 108.951 69.297 0
      vertex 108.951 69.297 2.6
    endloop
  endfacet
  facet normal -0.760139 -0.649761 0
    outer loop
      vertex 108.5 70.0328 0
      vertex 107.939 70.6891 2.6
      vertex 107.939 70.6891 0
    endloop
  endfacet
  facet normal -0.760139 -0.649761 0
    outer loop
      vertex 107.939 70.6891 2.6
      vertex 108.5 70.0328 0
      vertex 108.5 70.0328 2.6
    endloop
  endfacet
  facet normal -0.996989 0.0775414 0
    outer loop
      vertex 109.55 66.8 0
      vertex 109.51 66.2857 2.6
      vertex 109.55 66.8 2.6
    endloop
  endfacet
  facet normal -0.996891 0.0787873 0.000247948
    outer loop
      vertex 109.482 65.9396 0
      vertex 109.51 66.2857 2.6
      vertex 109.55 66.8 0
    endloop
  endfacet
  facet normal -0.996743 0.080638 0
    outer loop
      vertex 109.482 65.9396 2.8
      vertex 109.51 66.2857 2.6
      vertex 109.482 65.9396 0
    endloop
  endfacet
  facet normal -0.996743 0.080638 0
    outer loop
      vertex 109.51 66.2857 2.6
      vertex 109.482 65.9396 2.8
      vertex 109.51 66.2857 2.8
    endloop
  endfacet
  facet normal -0.972494 0.232926 0
    outer loop
      vertex 109.281 65.1004 0
      vertex 109.482 65.9396 2.8
      vertex 109.482 65.9396 0
    endloop
  endfacet
  facet normal -0.972494 0.232926 0
    outer loop
      vertex 109.482 65.9396 2.8
      vertex 109.281 65.1004 0
      vertex 109.281 65.1004 2.8
    endloop
  endfacet
  facet normal -0.649598 0.760278 0
    outer loop
      vertex 107.939 62.9109 0
      vertex 107.283 62.3504 2.8
      vertex 107.939 62.9109 2.8
    endloop
  endfacet
  facet normal -0.649598 0.760278 0
    outer loop
      vertex 107.283 62.3504 2.8
      vertex 107.939 62.9109 0
      vertex 107.283 62.3504 0
    endloop
  endfacet
  facet normal -0.760139 0.649761 0
    outer loop
      vertex 107.939 62.9109 0
      vertex 108.5 63.5672 2.8
      vertex 108.5 63.5672 0
    endloop
  endfacet
  facet normal -0.760139 0.649761 0
    outer loop
      vertex 108.5 63.5672 2.8
      vertex 107.939 62.9109 0
      vertex 107.939 62.9109 2.8
    endloop
  endfacet
  facet normal 0.233263 0.972414 -0
    outer loop
      vertex 103.19 61.3677 0
      vertex 102.35 61.5692 2.8
      vertex 103.19 61.3677 2.8
    endloop
  endfacet
  facet normal 0.233263 0.972414 0
    outer loop
      vertex 102.35 61.5692 2.8
      vertex 103.19 61.3677 0
      vertex 102.35 61.5692 0
    endloop
  endfacet
  facet normal 0.522396 0.852703 -0
    outer loop
      vertex 101.553 61.8995 0
      vertex 100.817 62.3504 2.8
      vertex 101.553 61.8995 2.8
    endloop
  endfacet
  facet normal 0.522396 0.852703 0
    outer loop
      vertex 100.817 62.3504 2.8
      vertex 101.553 61.8995 0
      vertex 100.817 62.3504 0
    endloop
  endfacet
  facet normal 0.0784781 0.996916 -0
    outer loop
      vertex 104.05 61.3 0
      vertex 103.19 61.3677 2.8
      vertex 104.05 61.3 2.8
    endloop
  endfacet
  facet normal 0.0784781 0.996916 0
    outer loop
      vertex 103.19 61.3677 2.8
      vertex 104.05 61.3 0
      vertex 103.19 61.3677 0
    endloop
  endfacet
  facet normal 0.996926 0.0783484 0
    outer loop
      vertex 98.5905 66.2857 2.8
      vertex 98.6177 65.9396 2.8
      vertex 98.5905 66.2857 2.6
    endloop
  endfacet
  facet normal 0.996914 0.0785048 0
    outer loop
      vertex 98.5905 66.2857 2.6
      vertex 98.55 66.8 0
      vertex 98.55 66.8 2.6
    endloop
  endfacet
  facet normal 0.996926 0.0783484 -0
    outer loop
      vertex 98.6177 65.9396 0
      vertex 98.5905 66.2857 2.6
      vertex 98.6177 65.9396 2.8
    endloop
  endfacet
  facet normal 0.996919 0.0784419 -1.25181e-05
    outer loop
      vertex 98.5905 66.2857 2.6
      vertex 98.6177 65.9396 0
      vertex 98.55 66.8 0
    endloop
  endfacet
  facet normal -0.382853 -0.923809 0
    outer loop
      vertex 105.75 72.0308 0
      vertex 106.547 71.7005 2.6
      vertex 105.75 72.0308 2.6
    endloop
  endfacet
  facet normal -0.382853 -0.923809 -0
    outer loop
      vertex 106.547 71.7005 2.6
      vertex 105.75 72.0308 0
      vertex 106.547 71.7005 0
    endloop
  endfacet
  facet normal 0.649598 -0.760278 0
    outer loop
      vertex 100.161 70.6891 0
      vertex 100.817 71.2496 2.6
      vertex 100.161 70.6891 2.6
    endloop
  endfacet
  facet normal 0.649598 -0.760278 0
    outer loop
      vertex 100.817 71.2496 2.6
      vertex 100.161 70.6891 0
      vertex 100.817 71.2496 0
    endloop
  endfacet
  facet normal -0.923983 0.382434 0
    outer loop
      vertex 108.951 64.3031 0
      vertex 109.281 65.1004 2.8
      vertex 109.281 65.1004 0
    endloop
  endfacet
  facet normal -0.923983 0.382434 0
    outer loop
      vertex 109.281 65.1004 2.8
      vertex 108.951 64.3031 0
      vertex 108.951 64.3031 2.8
    endloop
  endfacet
  facet normal -0.382853 0.923809 0
    outer loop
      vertex 106.547 61.8995 0
      vertex 105.75 61.5692 2.8
      vertex 106.547 61.8995 2.8
    endloop
  endfacet
  facet normal -0.382853 0.923809 0
    outer loop
      vertex 105.75 61.5692 2.8
      vertex 106.547 61.8995 0
      vertex 105.75 61.5692 0
    endloop
  endfacet
  facet normal 1 0 0
    outer loop
      vertex 102.55 74.2958 2.6
      vertex 102.55 72.0787 2.6
      vertex 102.55 74.2958 0.999999
    endloop
  endfacet
  facet normal 1 -0 0
    outer loop
      vertex 102.55 74.2958 0.999999
      vertex 102.55 76.5213 0
      vertex 102.55 76.5213 0.999999
    endloop
  endfacet
  facet normal 1 0 0
    outer loop
      vertex 102.55 74.2958 0.999999
      vertex 102.55 72.0787 0
      vertex 102.55 76.5213 0
    endloop
  endfacet
  facet normal 1 0 0
    outer loop
      vertex 102.55 72.0787 0
      vertex 102.55 74.2958 0.999999
      vertex 102.55 72.0787 2.6
    endloop
  endfacet
  facet normal -1 0 0
    outer loop
      vertex 105.55 76.5213 0
      vertex 105.55 74.2958 0.999999
      vertex 105.55 76.5213 0.999999
    endloop
  endfacet
  facet normal -1 0 0
    outer loop
      vertex 105.55 72.0787 0
      vertex 105.55 74.2958 0.999999
      vertex 105.55 76.5213 0
    endloop
  endfacet
  facet normal -1 0 0
    outer loop
      vertex 105.55 72.0787 2.6
      vertex 105.55 74.2958 0.999999
      vertex 105.55 72.0787 0
    endloop
  endfacet
  facet normal -1 0 0
    outer loop
      vertex 105.55 74.2958 0.999999
      vertex 105.55 72.0787 2.6
      vertex 105.55 74.2958 2.6
    endloop
  endfacet
  facet normal -0.232913 0.972498 0
    outer loop
      vertex 123.25 76.5692 0
      vertex 123.05 76.5213 0.999999
      vertex 123.25 76.5692 0.999999
    endloop
  endfacet
  facet normal -0.232913 0.972498 0
    outer loop
      vertex 123.05 76.5213 0.999999
      vertex 123.25 76.5692 0
      vertex 123.05 76.5213 0
    endloop
  endfacet
  facet normal -0.522396 0.852703 0
    outer loop
      vertex 124.783 77.3504 0
      vertex 124.047 76.8995 0.999999
      vertex 124.783 77.3504 0.999999
    endloop
  endfacet
  facet normal -0.522396 0.852703 0
    outer loop
      vertex 124.047 76.8995 0.999999
      vertex 124.783 77.3504 0
      vertex 124.047 76.8995 0
    endloop
  endfacet
  facet normal 0.649762 0.760138 -0
    outer loop
      vertex 118.317 77.3504 0
      vertex 118.025 77.6 0.999999
      vertex 118.317 77.3504 0.999999
    endloop
  endfacet
  facet normal 0.649762 0.760138 0
    outer loop
      vertex 118.025 77.6 0.999999
      vertex 118.317 77.3504 0
      vertex 118.025 77.6 0
    endloop
  endfacet
  facet normal 0.382853 0.923809 -0
    outer loop
      vertex 119.85 76.5692 0
      vertex 119.053 76.8995 0.999999
      vertex 119.85 76.5692 0.999999
    endloop
  endfacet
  facet normal 0.382853 0.923809 0
    outer loop
      vertex 119.053 76.8995 0.999999
      vertex 119.85 76.5692 0
      vertex 119.053 76.8995 0
    endloop
  endfacet
  facet normal -0.649762 0.760138 0
    outer loop
      vertex 125.075 77.6 0
      vertex 124.783 77.3504 0.999999
      vertex 125.075 77.6 0.999999
    endloop
  endfacet
  facet normal -0.649762 0.760138 0
    outer loop
      vertex 124.783 77.3504 0.999999
      vertex 125.075 77.6 0
      vertex 124.783 77.3504 0
    endloop
  endfacet
  facet normal 0.232913 0.972498 -0
    outer loop
      vertex 120.05 76.5213 0
      vertex 119.85 76.5692 0.999999
      vertex 120.05 76.5213 0.999999
    endloop
  endfacet
  facet normal 0.232913 0.972498 0
    outer loop
      vertex 119.85 76.5692 0.999999
      vertex 120.05 76.5213 0
      vertex 119.85 76.5692 0
    endloop
  endfacet
  facet normal 0.522396 0.852703 -0
    outer loop
      vertex 119.053 76.8995 0
      vertex 118.317 77.3504 0.999999
      vertex 119.053 76.8995 0.999999
    endloop
  endfacet
  facet normal 0.522396 0.852703 0
    outer loop
      vertex 118.317 77.3504 0.999999
      vertex 119.053 76.8995 0
      vertex 118.317 77.3504 0
    endloop
  endfacet
  facet normal -0.382853 0.923809 0
    outer loop
      vertex 124.047 76.8995 0
      vertex 123.25 76.5692 0.999999
      vertex 124.047 76.8995 0.999999
    endloop
  endfacet
  facet normal -0.382853 0.923809 0
    outer loop
      vertex 123.25 76.5692 0.999999
      vertex 124.047 76.8995 0
      vertex 123.25 76.5692 0
    endloop
  endfacet
  facet normal -0.996891 -0.0787873 0
    outer loop
      vertex 127.05 66.8 0
      vertex 126.982 67.6604 2.6
      vertex 126.982 67.6604 0
    endloop
  endfacet
  facet normal -0.996891 -0.0787873 0
    outer loop
      vertex 126.982 67.6604 2.6
      vertex 127.05 66.8 0
      vertex 127.05 66.8 2.6
    endloop
  endfacet
  facet normal 0.996891 -0.0787873 0
    outer loop
      vertex 116.05 66.8 2.6
      vertex 116.118 67.6604 0
      vertex 116.118 67.6604 2.6
    endloop
  endfacet
  facet normal 0.996891 -0.0787873 0
    outer loop
      vertex 116.118 67.6604 0
      vertex 116.05 66.8 2.6
      vertex 116.05 66.8 0
    endloop
  endfacet
  facet normal -0.649598 -0.760278 0
    outer loop
      vertex 124.783 71.2496 0
      vertex 125.439 70.6891 2.6
      vertex 124.783 71.2496 2.6
    endloop
  endfacet
  facet normal -0.649598 -0.760278 -0
    outer loop
      vertex 125.439 70.6891 2.6
      vertex 124.783 71.2496 0
      vertex 125.439 70.6891 0
    endloop
  endfacet
  facet normal 0.760139 -0.649761 0
    outer loop
      vertex 117.1 70.0328 2.6
      vertex 117.661 70.6891 0
      vertex 117.661 70.6891 2.6
    endloop
  endfacet
  facet normal 0.760139 -0.649761 0
    outer loop
      vertex 117.661 70.6891 0
      vertex 117.1 70.0328 2.6
      vertex 117.1 70.0328 0
    endloop
  endfacet
  facet normal 0.382853 -0.923809 0
    outer loop
      vertex 119.053 71.7005 0
      vertex 119.85 72.0308 2.6
      vertex 119.053 71.7005 2.6
    endloop
  endfacet
  facet normal 0.382853 -0.923809 0
    outer loop
      vertex 119.85 72.0308 2.6
      vertex 119.053 71.7005 0
      vertex 119.85 72.0308 0
    endloop
  endfacet
  facet normal -0.85262 0.522532 0
    outer loop
      vertex 126 63.5672 0
      vertex 126.451 64.3031 2.8
      vertex 126.451 64.3031 0
    endloop
  endfacet
  facet normal -0.85262 0.522532 0
    outer loop
      vertex 126.451 64.3031 2.8
      vertex 126 63.5672 0
      vertex 126 63.5672 2.8
    endloop
  endfacet
  facet normal 0.760139 0.649761 0
    outer loop
      vertex 117.661 62.9109 2.8
      vertex 117.1 63.5672 0
      vertex 117.1 63.5672 2.8
    endloop
  endfacet
  facet normal 0.760139 0.649761 0
    outer loop
      vertex 117.1 63.5672 0
      vertex 117.661 62.9109 2.8
      vertex 117.661 62.9109 0
    endloop
  endfacet
  facet normal -0.924 -0.382393 0
    outer loop
      vertex 126.781 68.4996 0
      vertex 126.451 69.297 2.6
      vertex 126.451 69.297 0
    endloop
  endfacet
  facet normal -0.924 -0.382393 0
    outer loop
      vertex 126.451 69.297 2.6
      vertex 126.781 68.4996 0
      vertex 126.781 68.4996 2.6
    endloop
  endfacet
  facet normal -0.972494 -0.232926 0
    outer loop
      vertex 126.982 67.6604 0
      vertex 126.781 68.4996 2.6
      vertex 126.781 68.4996 0
    endloop
  endfacet
  facet normal -0.972494 -0.232926 0
    outer loop
      vertex 126.781 68.4996 2.6
      vertex 126.982 67.6604 0
      vertex 126.982 67.6604 2.6
    endloop
  endfacet
  facet normal -0.232913 -0.972498 0
    outer loop
      vertex 123.05 72.0787 0
      vertex 123.25 72.0308 2.6
      vertex 123.05 72.0787 2.6
    endloop
  endfacet
  facet normal -0.232913 -0.972498 -0
    outer loop
      vertex 123.25 72.0308 2.6
      vertex 123.05 72.0787 0
      vertex 123.25 72.0308 0
    endloop
  endfacet
  facet normal -0.522396 -0.852703 0
    outer loop
      vertex 124.047 71.7005 0
      vertex 124.783 71.2496 2.6
      vertex 124.047 71.7005 2.6
    endloop
  endfacet
  facet normal -0.522396 -0.852703 -0
    outer loop
      vertex 124.783 71.2496 2.6
      vertex 124.047 71.7005 0
      vertex 124.783 71.2496 0
    endloop
  endfacet
  facet normal 0.924 -0.382393 0
    outer loop
      vertex 116.319 68.4996 2.6
      vertex 116.649 69.297 0
      vertex 116.649 69.297 2.6
    endloop
  endfacet
  facet normal 0.924 -0.382393 0
    outer loop
      vertex 116.649 69.297 0
      vertex 116.319 68.4996 2.6
      vertex 116.319 68.4996 0
    endloop
  endfacet
  facet normal 0.852588 -0.522584 0
    outer loop
      vertex 116.649 69.297 2.6
      vertex 117.1 70.0328 0
      vertex 117.1 70.0328 2.6
    endloop
  endfacet
  facet normal 0.852588 -0.522584 0
    outer loop
      vertex 117.1 70.0328 0
      vertex 116.649 69.297 2.6
      vertex 116.649 69.297 0
    endloop
  endfacet
  facet normal 0.972494 -0.232926 0
    outer loop
      vertex 116.118 67.6604 2.6
      vertex 116.319 68.4996 0
      vertex 116.319 68.4996 2.6
    endloop
  endfacet
  facet normal 0.972494 -0.232926 0
    outer loop
      vertex 116.319 68.4996 0
      vertex 116.118 67.6604 2.6
      vertex 116.118 67.6604 0
    endloop
  endfacet
  facet normal 0.522396 -0.852703 0
    outer loop
      vertex 118.317 71.2496 0
      vertex 119.053 71.7005 2.6
      vertex 118.317 71.2496 2.6
    endloop
  endfacet
  facet normal 0.522396 -0.852703 0
    outer loop
      vertex 119.053 71.7005 2.6
      vertex 118.317 71.2496 0
      vertex 119.053 71.7005 0
    endloop
  endfacet
  facet normal 0.232913 -0.972498 0
    outer loop
      vertex 119.85 72.0308 0
      vertex 120.05 72.0787 2.6
      vertex 119.85 72.0308 2.6
    endloop
  endfacet
  facet normal 0.232913 -0.972498 0
    outer loop
      vertex 120.05 72.0787 2.6
      vertex 119.85 72.0308 0
      vertex 120.05 72.0787 0
    endloop
  endfacet
  facet normal -0.233263 0.972414 0
    outer loop
      vertex 123.25 61.5692 0
      vertex 122.41 61.3677 2.8
      vertex 123.25 61.5692 2.8
    endloop
  endfacet
  facet normal -0.233263 0.972414 0
    outer loop
      vertex 122.41 61.3677 2.8
      vertex 123.25 61.5692 0
      vertex 122.41 61.3677 0
    endloop
  endfacet
  facet normal -0.0784781 0.996916 0
    outer loop
      vertex 122.41 61.3677 0
      vertex 121.55 61.3 2.8
      vertex 122.41 61.3677 2.8
    endloop
  endfacet
  facet normal -0.0784781 0.996916 0
    outer loop
      vertex 121.55 61.3 2.8
      vertex 122.41 61.3677 0
      vertex 121.55 61.3 0
    endloop
  endfacet
  facet normal -0.522396 0.852703 0
    outer loop
      vertex 124.783 62.3504 0
      vertex 124.047 61.8995 2.8
      vertex 124.783 62.3504 2.8
    endloop
  endfacet
  facet normal -0.522396 0.852703 0
    outer loop
      vertex 124.047 61.8995 2.8
      vertex 124.783 62.3504 0
      vertex 124.047 61.8995 0
    endloop
  endfacet
  facet normal 0.649598 0.760278 -0
    outer loop
      vertex 118.317 62.3504 0
      vertex 117.661 62.9109 2.8
      vertex 118.317 62.3504 2.8
    endloop
  endfacet
  facet normal 0.649598 0.760278 0
    outer loop
      vertex 117.661 62.9109 2.8
      vertex 118.317 62.3504 0
      vertex 117.661 62.9109 0
    endloop
  endfacet
  facet normal 0.382853 0.923809 -0
    outer loop
      vertex 119.85 61.5692 0
      vertex 119.053 61.8995 2.8
      vertex 119.85 61.5692 2.8
    endloop
  endfacet
  facet normal 0.382853 0.923809 0
    outer loop
      vertex 119.053 61.8995 2.8
      vertex 119.85 61.5692 0
      vertex 119.053 61.8995 0
    endloop
  endfacet
  facet normal 0.972494 0.232926 0
    outer loop
      vertex 116.319 65.1004 2.8
      vertex 116.118 65.9396 0
      vertex 116.118 65.9396 2.8
    endloop
  endfacet
  facet normal 0.972494 0.232926 0
    outer loop
      vertex 116.118 65.9396 0
      vertex 116.319 65.1004 2.8
      vertex 116.319 65.1004 0
    endloop
  endfacet
  facet normal 0.85262 0.522532 0
    outer loop
      vertex 117.1 63.5672 2.8
      vertex 116.649 64.3031 0
      vertex 116.649 64.3031 2.8
    endloop
  endfacet
  facet normal 0.85262 0.522532 0
    outer loop
      vertex 116.649 64.3031 0
      vertex 117.1 63.5672 2.8
      vertex 117.1 63.5672 0
    endloop
  endfacet
  facet normal 0.923983 0.382434 0
    outer loop
      vertex 116.649 64.3031 2.8
      vertex 116.319 65.1004 0
      vertex 116.319 65.1004 2.8
    endloop
  endfacet
  facet normal 0.923983 0.382434 0
    outer loop
      vertex 116.319 65.1004 0
      vertex 116.649 64.3031 2.8
      vertex 116.649 64.3031 0
    endloop
  endfacet
  facet normal -0.852588 -0.522584 0
    outer loop
      vertex 126.451 69.297 0
      vertex 126 70.0328 2.6
      vertex 126 70.0328 0
    endloop
  endfacet
  facet normal -0.852588 -0.522584 0
    outer loop
      vertex 126 70.0328 2.6
      vertex 126.451 69.297 0
      vertex 126.451 69.297 2.6
    endloop
  endfacet
  facet normal -0.760139 -0.649761 0
    outer loop
      vertex 126 70.0328 0
      vertex 125.439 70.6891 2.6
      vertex 125.439 70.6891 0
    endloop
  endfacet
  facet normal -0.760139 -0.649761 0
    outer loop
      vertex 125.439 70.6891 2.6
      vertex 126 70.0328 0
      vertex 126 70.0328 2.6
    endloop
  endfacet
  facet normal -0.996891 0.0787873 0
    outer loop
      vertex 126.982 65.9396 0
      vertex 127.05 66.8 2.6
      vertex 127.05 66.8 0
    endloop
  endfacet
  facet normal -0.996891 0.0787873 0
    outer loop
      vertex 127.05 66.8 2.6
      vertex 126.982 65.9396 0
      vertex 126.982 65.9396 2.6
    endloop
  endfacet
  facet normal -0.972738 0.231906 0
    outer loop
      vertex 126.982 65.9396 0
      vertex 126.872 65.4782 2.6
      vertex 126.982 65.9396 2.6
    endloop
  endfacet
  facet normal -0.972494 0.232926 0.000191386
    outer loop
      vertex 126.781 65.1004 0
      vertex 126.872 65.4782 2.6
      vertex 126.982 65.9396 0
    endloop
  endfacet
  facet normal -0.972195 0.234171 0
    outer loop
      vertex 126.781 65.1004 2.8
      vertex 126.872 65.4782 2.6
      vertex 126.781 65.1004 0
    endloop
  endfacet
  facet normal -0.972195 0.234171 0
    outer loop
      vertex 126.872 65.4782 2.6
      vertex 126.781 65.1004 2.8
      vertex 126.872 65.4782 2.8
    endloop
  endfacet
  facet normal -0.649598 0.760278 0
    outer loop
      vertex 125.439 62.9109 0
      vertex 124.783 62.3504 2.8
      vertex 125.439 62.9109 2.8
    endloop
  endfacet
  facet normal -0.649598 0.760278 0
    outer loop
      vertex 124.783 62.3504 2.8
      vertex 125.439 62.9109 0
      vertex 124.783 62.3504 0
    endloop
  endfacet
  facet normal -0.760139 0.649761 0
    outer loop
      vertex 125.439 62.9109 0
      vertex 126 63.5672 2.8
      vertex 126 63.5672 0
    endloop
  endfacet
  facet normal -0.760139 0.649761 0
    outer loop
      vertex 126 63.5672 2.8
      vertex 125.439 62.9109 0
      vertex 125.439 62.9109 2.8
    endloop
  endfacet
  facet normal 0.233263 0.972414 -0
    outer loop
      vertex 120.69 61.3677 0
      vertex 119.85 61.5692 2.8
      vertex 120.69 61.3677 2.8
    endloop
  endfacet
  facet normal 0.233263 0.972414 0
    outer loop
      vertex 119.85 61.5692 2.8
      vertex 120.69 61.3677 0
      vertex 119.85 61.5692 0
    endloop
  endfacet
  facet normal 0.522396 0.852703 -0
    outer loop
      vertex 119.053 61.8995 0
      vertex 118.317 62.3504 2.8
      vertex 119.053 61.8995 2.8
    endloop
  endfacet
  facet normal 0.522396 0.852703 0
    outer loop
      vertex 118.317 62.3504 2.8
      vertex 119.053 61.8995 0
      vertex 118.317 62.3504 0
    endloop
  endfacet
  facet normal 0.0784781 0.996916 -0
    outer loop
      vertex 121.55 61.3 0
      vertex 120.69 61.3677 2.8
      vertex 121.55 61.3 2.8
    endloop
  endfacet
  facet normal 0.0784781 0.996916 0
    outer loop
      vertex 120.69 61.3677 2.8
      vertex 121.55 61.3 0
      vertex 120.69 61.3677 0
    endloop
  endfacet
  facet normal 0.996743 0.080638 0
    outer loop
      vertex 116.09 66.2857 2.8
      vertex 116.118 65.9396 2.8
      vertex 116.09 66.2857 2.6
    endloop
  endfacet
  facet normal 0.996989 0.0775414 0
    outer loop
      vertex 116.09 66.2857 2.6
      vertex 116.05 66.8 0
      vertex 116.05 66.8 2.6
    endloop
  endfacet
  facet normal 0.996743 0.080638 -0
    outer loop
      vertex 116.118 65.9396 0
      vertex 116.09 66.2857 2.6
      vertex 116.118 65.9396 2.8
    endloop
  endfacet
  facet normal 0.996891 0.0787873 0.000247948
    outer loop
      vertex 116.09 66.2857 2.6
      vertex 116.118 65.9396 0
      vertex 116.05 66.8 0
    endloop
  endfacet
  facet normal -0.382853 -0.923809 0
    outer loop
      vertex 123.25 72.0308 0
      vertex 124.047 71.7005 2.6
      vertex 123.25 72.0308 2.6
    endloop
  endfacet
  facet normal -0.382853 -0.923809 -0
    outer loop
      vertex 124.047 71.7005 2.6
      vertex 123.25 72.0308 0
      vertex 124.047 71.7005 0
    endloop
  endfacet
  facet normal 0.649598 -0.760278 0
    outer loop
      vertex 117.661 70.6891 0
      vertex 118.317 71.2496 2.6
      vertex 117.661 70.6891 2.6
    endloop
  endfacet
  facet normal 0.649598 -0.760278 0
    outer loop
      vertex 118.317 71.2496 2.6
      vertex 117.661 70.6891 0
      vertex 118.317 71.2496 0
    endloop
  endfacet
  facet normal -0.923983 0.382434 0
    outer loop
      vertex 126.451 64.3031 0
      vertex 126.781 65.1004 2.8
      vertex 126.781 65.1004 0
    endloop
  endfacet
  facet normal -0.923983 0.382434 0
    outer loop
      vertex 126.781 65.1004 2.8
      vertex 126.451 64.3031 0
      vertex 126.451 64.3031 2.8
    endloop
  endfacet
  facet normal -0.382853 0.923809 0
    outer loop
      vertex 124.047 61.8995 0
      vertex 123.25 61.5692 2.8
      vertex 124.047 61.8995 2.8
    endloop
  endfacet
  facet normal -0.382853 0.923809 0
    outer loop
      vertex 123.25 61.5692 2.8
      vertex 124.047 61.8995 0
      vertex 123.25 61.5692 0
    endloop
  endfacet
  facet normal 1 0 0
    outer loop
      vertex 120.05 74.2958 2.6
      vertex 120.05 72.0787 2.6
      vertex 120.05 74.2958 0.999999
    endloop
  endfacet
  facet normal 1 -0 0
    outer loop
      vertex 120.05 74.2958 0.999999
      vertex 120.05 76.5213 0
      vertex 120.05 76.5213 0.999999
    endloop
  endfacet
  facet normal 1 0 0
    outer loop
      vertex 120.05 74.2958 0.999999
      vertex 120.05 72.0787 0
      vertex 120.05 76.5213 0
    endloop
  endfacet
  facet normal 1 0 0
    outer loop
      vertex 120.05 72.0787 0
      vertex 120.05 74.2958 0.999999
      vertex 120.05 72.0787 2.6
    endloop
  endfacet
  facet normal -1 0 0
    outer loop
      vertex 123.05 76.5213 0
      vertex 123.05 74.2958 0.999999
      vertex 123.05 76.5213 0.999999
    endloop
  endfacet
  facet normal -1 0 0
    outer loop
      vertex 123.05 72.0787 0
      vertex 123.05 74.2958 0.999999
      vertex 123.05 76.5213 0
    endloop
  endfacet
  facet normal -1 0 0
    outer loop
      vertex 123.05 72.0787 2.6
      vertex 123.05 74.2958 0.999999
      vertex 123.05 72.0787 0
    endloop
  endfacet
  facet normal -1 0 0
    outer loop
      vertex 123.05 74.2958 0.999999
      vertex 123.05 72.0787 2.6
      vertex 123.05 74.2958 2.6
    endloop
  endfacet
  facet normal -0.707107 1.03369e-14 0.707107
    outer loop
      vertex 50.8142 30.1784 0
      vertex 53.6142 30.8 2.8
      vertex 52.2458 30.8 1.4316
    endloop
  endfacet
  facet normal -0.707107 0 0.707107
    outer loop
      vertex 53.6142 9.8 2.8
      vertex 50.8142 30.1784 0
      vertex 50.8142 9.8 0
    endloop
  endfacet
  facet normal -0.707107 0 0.707107
    outer loop
      vertex 50.8142 30.1784 0
      vertex 53.6142 9.8 2.8
      vertex 53.6142 30.8 2.8
    endloop
  endfacet
  facet normal 0.707107 0 -0.707107
    outer loop
      vertex 50.7858 30.8 2.8
      vertex 50.5858 30.0792 2.6
      vertex 50.5858 30.8 2.6
    endloop
  endfacet
  facet normal 0.707107 0 -0.707107
    outer loop
      vertex 50.7858 9.8 2.8
      vertex 50.5858 30.0792 2.6
      vertex 50.7858 30.8 2.8
    endloop
  endfacet
  facet normal 0.707107 1.05262e-16 -0.707107
    outer loop
      vertex 50.7858 9.8 2.8
      vertex 47.9858 28.9503 0
      vertex 50.5858 30.0792 2.6
    endloop
  endfacet
  facet normal 0.707107 0 -0.707107
    outer loop
      vertex 47.9858 28.9503 0
      vertex 50.7858 9.8 2.8
      vertex 47.9858 9.8 0
    endloop
  endfacet
  facet normal -0.707107 0 0.707107
    outer loop
      vertex 54.3142 9.8 0
      vertex 57.1142 30.8 2.8
      vertex 54.3142 30.8 0
    endloop
  endfacet
  facet normal -0.707107 0 0.707107
    outer loop
      vertex 57.1142 30.8 2.8
      vertex 54.3142 9.8 0
      vertex 57.1142 9.8 2.8
    endloop
  endfacet
  facet normal 0.707107 0 -0.707107
    outer loop
      vertex 51.4858 30.47 0
      vertex 54.2858 30.8 2.8
      vertex 54.2858 9.8 2.8
    endloop
  endfacet
  facet normal 0.707107 0 -0.707107
    outer loop
      vertex 51.4858 30.47 0
      vertex 54.2858 9.8 2.8
      vertex 51.4858 9.8 0
    endloop
  endfacet
  facet normal 0.707102 8.23493e-05 -0.707112
    outer loop
      vertex 54.2858 30.8 2.8
      vertex 51.4858 30.47 0
      vertex 52.2458 30.8 0.760028
    endloop
  endfacet
  facet normal -0.707107 0 0.707107
    outer loop
      vertex 57.8142 9.8 0
      vertex 60.6142 30.8 2.8
      vertex 57.8142 30.8 0
    endloop
  endfacet
  facet normal -0.707107 0 0.707107
    outer loop
      vertex 60.6142 30.8 2.8
      vertex 57.8142 9.8 0
      vertex 60.6142 9.8 2.8
    endloop
  endfacet
  facet normal 0.707107 0 -0.707107
    outer loop
      vertex 57.7858 9.8 2.8
      vertex 54.9858 30.8 0
      vertex 57.7858 30.8 2.8
    endloop
  endfacet
  facet normal 0.707107 0 -0.707107
    outer loop
      vertex 54.9858 30.8 0
      vertex 57.7858 9.8 2.8
      vertex 54.9858 9.8 0
    endloop
  endfacet
  facet normal -0.707107 0 0.707107
    outer loop
      vertex 61.3142 9.8 0
      vertex 64.1142 30.8 2.8
      vertex 61.3142 30.8 0
    endloop
  endfacet
  facet normal -0.707107 0 0.707107
    outer loop
      vertex 64.1142 30.8 2.8
      vertex 61.3142 9.8 0
      vertex 64.1142 9.8 2.8
    endloop
  endfacet
  facet normal 0.707107 0 -0.707107
    outer loop
      vertex 61.2858 9.8 2.8
      vertex 58.4858 30.8 0
      vertex 61.2858 30.8 2.8
    endloop
  endfacet
  facet normal 0.707107 0 -0.707107
    outer loop
      vertex 58.4858 30.8 0
      vertex 61.2858 9.8 2.8
      vertex 58.4858 9.8 0
    endloop
  endfacet
  facet normal -0.707107 0 0.707107
    outer loop
      vertex 64.8142 9.8 0
      vertex 67.6142 30.8 2.8
      vertex 64.8142 30.8 0
    endloop
  endfacet
  facet normal -0.707107 0 0.707107
    outer loop
      vertex 67.6142 30.8 2.8
      vertex 64.8142 9.8 0
      vertex 67.6142 9.8 2.8
    endloop
  endfacet
  facet normal 0.707107 0 -0.707107
    outer loop
      vertex 64.7858 9.8 2.8
      vertex 61.9858 30.8 0
      vertex 64.7858 30.8 2.8
    endloop
  endfacet
  facet normal 0.707107 0 -0.707107
    outer loop
      vertex 61.9858 30.8 0
      vertex 64.7858 9.8 2.8
      vertex 61.9858 9.8 0
    endloop
  endfacet
  facet normal -0.707107 0 0.707107
    outer loop
      vertex 68.3142 9.8 0
      vertex 71.1142 30.8 2.8
      vertex 68.3142 30.8 0
    endloop
  endfacet
  facet normal -0.707107 0 0.707107
    outer loop
      vertex 71.1142 30.8 2.8
      vertex 68.3142 9.8 0
      vertex 71.1142 9.8 2.8
    endloop
  endfacet
  facet normal 0.707107 0 -0.707107
    outer loop
      vertex 68.2858 9.8 2.8
      vertex 65.4858 30.8 0
      vertex 68.2858 30.8 2.8
    endloop
  endfacet
  facet normal 0.707107 0 -0.707107
    outer loop
      vertex 65.4858 30.8 0
      vertex 68.2858 9.8 2.8
      vertex 65.4858 9.8 0
    endloop
  endfacet
  facet normal -0.707107 0 0.707107
    outer loop
      vertex 71.8142 9.8 0
      vertex 74.6142 30.8 2.8
      vertex 71.8142 30.8 0
    endloop
  endfacet
  facet normal -0.707107 0 0.707107
    outer loop
      vertex 74.6142 30.8 2.8
      vertex 71.8142 9.8 0
      vertex 74.6142 9.8 2.8
    endloop
  endfacet
  facet normal 0.707107 0 -0.707107
    outer loop
      vertex 71.7858 9.8 2.8
      vertex 68.9858 30.8 0
      vertex 71.7858 30.8 2.8
    endloop
  endfacet
  facet normal 0.707107 0 -0.707107
    outer loop
      vertex 68.9858 30.8 0
      vertex 71.7858 9.8 2.8
      vertex 68.9858 9.8 0
    endloop
  endfacet
  facet normal -0.707107 0 0.707107
    outer loop
      vertex 75.3142 9.8 0
      vertex 78.1142 30.8 2.8
      vertex 75.3142 30.8 0
    endloop
  endfacet
  facet normal -0.707107 0 0.707107
    outer loop
      vertex 78.1142 30.8 2.8
      vertex 75.3142 9.8 0
      vertex 78.1142 9.8 2.8
    endloop
  endfacet
  facet normal 0.707107 0 -0.707107
    outer loop
      vertex 75.2858 9.8 2.8
      vertex 72.4858 30.8 0
      vertex 75.2858 30.8 2.8
    endloop
  endfacet
  facet normal 0.707107 0 -0.707107
    outer loop
      vertex 72.4858 30.8 0
      vertex 75.2858 9.8 2.8
      vertex 72.4858 9.8 0
    endloop
  endfacet
  facet normal -0.707107 0 0.707107
    outer loop
      vertex 78.8142 9.8 0
      vertex 81.6142 30.8 2.8
      vertex 78.8142 30.8 0
    endloop
  endfacet
  facet normal -0.707107 0 0.707107
    outer loop
      vertex 81.6142 30.8 2.8
      vertex 78.8142 9.8 0
      vertex 81.6142 9.8 2.8
    endloop
  endfacet
  facet normal 0.707107 0 -0.707107
    outer loop
      vertex 78.7858 9.8 2.8
      vertex 75.9858 30.8 0
      vertex 78.7858 30.8 2.8
    endloop
  endfacet
  facet normal 0.707107 0 -0.707107
    outer loop
      vertex 75.9858 30.8 0
      vertex 78.7858 9.8 2.8
      vertex 75.9858 9.8 0
    endloop
  endfacet
  facet normal -0.707107 0 0.707107
    outer loop
      vertex 82.3142 9.8 0
      vertex 85.1142 30.8 2.8
      vertex 82.3142 30.8 0
    endloop
  endfacet
  facet normal -0.707107 0 0.707107
    outer loop
      vertex 85.1142 30.8 2.8
      vertex 82.3142 9.8 0
      vertex 85.1142 9.8 2.8
    endloop
  endfacet
  facet normal 0.707107 0 -0.707107
    outer loop
      vertex 82.2858 9.8 2.8
      vertex 79.4858 30.8 0
      vertex 82.2858 30.8 2.8
    endloop
  endfacet
  facet normal 0.707107 0 -0.707107
    outer loop
      vertex 79.4858 30.8 0
      vertex 82.2858 9.8 2.8
      vertex 79.4858 9.8 0
    endloop
  endfacet
  facet normal -0.707107 0 0.707107
    outer loop
      vertex 85.8142 9.8 0
      vertex 88.6142 30.8 2.8
      vertex 85.8142 30.8 0
    endloop
  endfacet
  facet normal -0.707107 0 0.707107
    outer loop
      vertex 88.6142 30.8 2.8
      vertex 85.8142 9.8 0
      vertex 88.6142 9.8 2.8
    endloop
  endfacet
  facet normal 0.707107 0 -0.707107
    outer loop
      vertex 85.7858 9.8 2.8
      vertex 82.9858 30.8 0
      vertex 85.7858 30.8 2.8
    endloop
  endfacet
  facet normal 0.707107 0 -0.707107
    outer loop
      vertex 82.9858 30.8 0
      vertex 85.7858 9.8 2.8
      vertex 82.9858 9.8 0
    endloop
  endfacet
  facet normal -0.707107 0 0.707107
    outer loop
      vertex 89.3142 9.8 0
      vertex 92.1142 30.8 2.8
      vertex 89.3142 30.8 0
    endloop
  endfacet
  facet normal -0.707107 0 0.707107
    outer loop
      vertex 92.1142 30.8 2.8
      vertex 89.3142 9.8 0
      vertex 92.1142 9.8 2.8
    endloop
  endfacet
  facet normal 0.707107 0 -0.707107
    outer loop
      vertex 89.2858 9.8 2.8
      vertex 86.4858 30.8 0
      vertex 89.2858 30.8 2.8
    endloop
  endfacet
  facet normal 0.707107 0 -0.707107
    outer loop
      vertex 86.4858 30.8 0
      vertex 89.2858 9.8 2.8
      vertex 86.4858 9.8 0
    endloop
  endfacet
  facet normal -0.707101 0 0.707113
    outer loop
      vertex 92.8142 30.8 0
      vertex 93.65 10.8 0.835786
      vertex 93.65 30.8 0.835786
    endloop
  endfacet
  facet normal -0.707101 0 0.707113
    outer loop
      vertex 92.8142 9.8 0
      vertex 93.65 10.8 0.835786
      vertex 92.8142 30.8 0
    endloop
  endfacet
  facet normal -0.707107 9.89949e-06 0.707107
    outer loop
      vertex 95.6142 9.8 2.8
      vertex 93.65 10.8 0.835786
      vertex 92.8142 9.8 0
    endloop
  endfacet
  facet normal -0.707109 0 0.707104
    outer loop
      vertex 93.65 10.8 0.835786
      vertex 95.6142 9.8 2.8
      vertex 95.6142 10.8 2.8
    endloop
  endfacet
  facet normal 0.707107 0 -0.707107
    outer loop
      vertex 92.7858 9.8 2.8
      vertex 89.9858 30.8 0
      vertex 92.7858 30.8 2.8
    endloop
  endfacet
  facet normal 0.707107 0 -0.707107
    outer loop
      vertex 89.9858 30.8 0
      vertex 92.7858 9.8 2.8
      vertex 89.9858 9.8 0
    endloop
  endfacet
  facet normal -0.707107 0 0.707107
    outer loop
      vertex 96.3142 9.8 0
      vertex 99.1142 30.8 2.8
      vertex 96.3142 30.8 0
    endloop
  endfacet
  facet normal -0.707107 0 0.707107
    outer loop
      vertex 99.1142 30.8 2.8
      vertex 96.3142 9.8 0
      vertex 99.1142 9.8 2.8
    endloop
  endfacet
  facet normal 0.707096 0 -0.707117
    outer loop
      vertex 96.2858 30.8 2.8
      vertex 95.95 10.8 2.46421
      vertex 95.95 30.8 2.46421
    endloop
  endfacet
  facet normal 0.707107 7.07107e-06 -0.707107
    outer loop
      vertex 93.4858 9.8 0
      vertex 95.95 10.8 2.46421
      vertex 96.2858 9.8 2.8
    endloop
  endfacet
  facet normal 0.707096 0 -0.707117
    outer loop
      vertex 96.2858 9.8 2.8
      vertex 95.95 10.8 2.46421
      vertex 96.2858 30.8 2.8
    endloop
  endfacet
  facet normal 0.707106 0 -0.707108
    outer loop
      vertex 93.7858 10.8 0.299999
      vertex 93.4858 30.8 0
      vertex 93.7858 30.8 0.299999
    endloop
  endfacet
  facet normal 0.707106 0 -0.707108
    outer loop
      vertex 93.7858 10.8 0.299999
      vertex 93.4858 9.8 0
      vertex 93.4858 30.8 0
    endloop
  endfacet
  facet normal 0.707109 -1.78531e-06 -0.707105
    outer loop
      vertex 95.95 10.8 2.46421
      vertex 93.4858 9.8 0
      vertex 93.7858 10.8 0.299999
    endloop
  endfacet
  facet normal -0.707132 0 0.707082
    outer loop
      vertex 99.8142 9.8 0
      vertex 102.614 30.8 2.8
      vertex 99.8142 30.8 0
    endloop
  endfacet
  facet normal -0.707132 0 0.707082
    outer loop
      vertex 102.614 30.8 2.8
      vertex 99.8142 9.8 0
      vertex 102.614 9.8 2.8
    endloop
  endfacet
  facet normal 0.707107 0 -0.707107
    outer loop
      vertex 99.7858 9.8 2.8
      vertex 96.9858 30.8 0
      vertex 99.7858 30.8 2.8
    endloop
  endfacet
  facet normal 0.707107 0 -0.707107
    outer loop
      vertex 96.9858 30.8 0
      vertex 99.7858 9.8 2.8
      vertex 96.9858 9.8 0
    endloop
  endfacet
  facet normal -0.707107 0 0.707107
    outer loop
      vertex 103.314 9.8 0
      vertex 106.114 30.8 2.8
      vertex 103.314 30.8 0
    endloop
  endfacet
  facet normal -0.707107 0 0.707107
    outer loop
      vertex 106.114 30.8 2.8
      vertex 103.314 9.8 0
      vertex 106.114 9.8 2.8
    endloop
  endfacet
  facet normal 0.707107 0 -0.707107
    outer loop
      vertex 103.286 9.8 2.8
      vertex 100.486 30.8 0
      vertex 103.286 30.8 2.8
    endloop
  endfacet
  facet normal 0.707107 0 -0.707107
    outer loop
      vertex 100.486 30.8 0
      vertex 103.286 9.8 2.8
      vertex 100.486 9.8 0
    endloop
  endfacet
  facet normal -0.70703 0 0.707184
    outer loop
      vertex 106.814 30.8 0
      vertex 107.8 9.8 0.985786
      vertex 107.8 30.8 0.985786
    endloop
  endfacet
  facet normal -0.70703 0 0.707184
    outer loop
      vertex 107.8 9.8 0.985786
      vertex 106.814 30.8 0
      vertex 106.814 9.8 0
    endloop
  endfacet
  facet normal 0.707107 0 -0.707107
    outer loop
      vertex 106.786 9.8 2.8
      vertex 103.986 30.8 0
      vertex 106.786 30.8 2.8
    endloop
  endfacet
  facet normal 0.707107 0 -0.707107
    outer loop
      vertex 103.986 30.8 0
      vertex 106.786 9.8 2.8
      vertex 103.986 9.8 0
    endloop
  endfacet
  facet normal -1 0 0
    outer loop
      vertex 107.8 9.8 0.985786
      vertex 107.8 30.8 2.8
      vertex 107.8 30.8 0.985786
    endloop
  endfacet
  facet normal -1 -0 0
    outer loop
      vertex 107.8 30.8 2.8
      vertex 107.8 9.8 0.985786
      vertex 107.8 9.8 2.8
    endloop
  endfacet
  facet normal 0 -1 0
    outer loop
      vertex 106.786 30.8 2.8
      vertex 107.8 30.8 0.985786
      vertex 107.8 30.8 2.8
    endloop
  endfacet
  facet normal 0 -1 0
    outer loop
      vertex 106.814 30.8 0
      vertex 106.786 30.8 2.8
      vertex 103.986 30.8 0
    endloop
  endfacet
  facet normal 0 -1 0
    outer loop
      vertex 106.786 30.8 2.8
      vertex 106.814 30.8 0
      vertex 107.8 30.8 0.985786
    endloop
  endfacet
  facet normal 0 -1 0
    outer loop
      vertex 54.3142 30.8 0
      vertex 54.2858 30.8 2.8
      vertex 52.2458 30.8 0.760028
    endloop
  endfacet
  facet normal 0 -1 0
    outer loop
      vertex 54.3142 30.8 0
      vertex 52.2458 30.8 0.760028
      vertex 52.2458 30.8 0
    endloop
  endfacet
  facet normal 0 -1 0
    outer loop
      vertex 54.2858 30.8 2.8
      vertex 54.3142 30.8 0
      vertex 57.1142 30.8 2.8
    endloop
  endfacet
  facet normal 0 -1 -0
    outer loop
      vertex 93.7858 30.8 0.299999
      vertex 93.4858 30.8 0
      vertex 95.95 30.8 0.299999
    endloop
  endfacet
  facet normal 0 -1 0
    outer loop
      vertex 96.3142 30.8 0
      vertex 96.2858 30.8 2.8
      vertex 95.95 30.8 2.46421
    endloop
  endfacet
  facet normal 0 -1 0
    outer loop
      vertex 96.3142 30.8 0
      vertex 95.95 30.8 2.46421
      vertex 95.95 30.8 0.299999
    endloop
  endfacet
  facet normal 0 -1 0
    outer loop
      vertex 96.2858 30.8 2.8
      vertex 96.3142 30.8 0
      vertex 99.1142 30.8 2.8
    endloop
  endfacet
  facet normal 0 -1 0
    outer loop
      vertex 96.3142 30.8 0
      vertex 95.95 30.8 0.299999
      vertex 93.4858 30.8 0
    endloop
  endfacet
  facet normal 0 -1 0
    outer loop
      vertex 52.2458 30.8 2.6
      vertex 50.7858 30.8 2.8
      vertex 50.5858 30.8 2.6
    endloop
  endfacet
  facet normal 0 -1 0
    outer loop
      vertex 50.7858 30.8 2.8
      vertex 52.2458 30.8 2.6
      vertex 53.6142 30.8 2.8
    endloop
  endfacet
  facet normal 0 -1 0
    outer loop
      vertex 53.6142 30.8 2.8
      vertex 52.2458 30.8 2.6
      vertex 52.2458 30.8 1.4316
    endloop
  endfacet
  facet normal 0 -1 0
    outer loop
      vertex 92.7858 30.8 2.8
      vertex 93.65 30.8 0.835786
      vertex 93.65 30.8 2.8
    endloop
  endfacet
  facet normal 0 -1 0
    outer loop
      vertex 92.8142 30.8 0
      vertex 92.7858 30.8 2.8
      vertex 89.9858 30.8 0
    endloop
  endfacet
  facet normal 0 -1 0
    outer loop
      vertex 92.7858 30.8 2.8
      vertex 92.8142 30.8 0
      vertex 93.65 30.8 0.835786
    endloop
  endfacet
  facet normal 0 -1 0
    outer loop
      vertex 57.8142 30.8 0
      vertex 57.7858 30.8 2.8
      vertex 54.9858 30.8 0
    endloop
  endfacet
  facet normal 0 -1 0
    outer loop
      vertex 57.7858 30.8 2.8
      vertex 57.8142 30.8 0
      vertex 60.6142 30.8 2.8
    endloop
  endfacet
  facet normal 0 -1 0
    outer loop
      vertex 61.3142 30.8 0
      vertex 61.2858 30.8 2.8
      vertex 58.4858 30.8 0
    endloop
  endfacet
  facet normal 0 -1 0
    outer loop
      vertex 61.2858 30.8 2.8
      vertex 61.3142 30.8 0
      vertex 64.1142 30.8 2.8
    endloop
  endfacet
  facet normal 0 -1 0
    outer loop
      vertex 64.8142 30.8 0
      vertex 64.7858 30.8 2.8
      vertex 61.9858 30.8 0
    endloop
  endfacet
  facet normal 0 -1 0
    outer loop
      vertex 64.7858 30.8 2.8
      vertex 64.8142 30.8 0
      vertex 67.6142 30.8 2.8
    endloop
  endfacet
  facet normal 0 -1 0
    outer loop
      vertex 68.3142 30.8 0
      vertex 68.2858 30.8 2.8
      vertex 65.4858 30.8 0
    endloop
  endfacet
  facet normal 0 -1 0
    outer loop
      vertex 68.2858 30.8 2.8
      vertex 68.3142 30.8 0
      vertex 71.1142 30.8 2.8
    endloop
  endfacet
  facet normal 0 -1 0
    outer loop
      vertex 71.8142 30.8 0
      vertex 71.7858 30.8 2.8
      vertex 68.9858 30.8 0
    endloop
  endfacet
  facet normal 0 -1 0
    outer loop
      vertex 71.7858 30.8 2.8
      vertex 71.8142 30.8 0
      vertex 74.6142 30.8 2.8
    endloop
  endfacet
  facet normal 0 -1 0
    outer loop
      vertex 75.3142 30.8 0
      vertex 75.2858 30.8 2.8
      vertex 72.4858 30.8 0
    endloop
  endfacet
  facet normal 0 -1 0
    outer loop
      vertex 75.2858 30.8 2.8
      vertex 75.3142 30.8 0
      vertex 78.1142 30.8 2.8
    endloop
  endfacet
  facet normal 0 -1 0
    outer loop
      vertex 78.8142 30.8 0
      vertex 78.7858 30.8 2.8
      vertex 75.9858 30.8 0
    endloop
  endfacet
  facet normal 0 -1 0
    outer loop
      vertex 78.7858 30.8 2.8
      vertex 78.8142 30.8 0
      vertex 81.6142 30.8 2.8
    endloop
  endfacet
  facet normal 0 -1 0
    outer loop
      vertex 82.3142 30.8 0
      vertex 82.2858 30.8 2.8
      vertex 79.4858 30.8 0
    endloop
  endfacet
  facet normal 0 -1 0
    outer loop
      vertex 82.2858 30.8 2.8
      vertex 82.3142 30.8 0
      vertex 85.1142 30.8 2.8
    endloop
  endfacet
  facet normal 0 -1 0
    outer loop
      vertex 85.8142 30.8 0
      vertex 85.7858 30.8 2.8
      vertex 82.9858 30.8 0
    endloop
  endfacet
  facet normal 0 -1 0
    outer loop
      vertex 85.7858 30.8 2.8
      vertex 85.8142 30.8 0
      vertex 88.6142 30.8 2.8
    endloop
  endfacet
  facet normal 0 -1 0
    outer loop
      vertex 89.3142 30.8 0
      vertex 89.2858 30.8 2.8
      vertex 86.4858 30.8 0
    endloop
  endfacet
  facet normal 0 -1 0
    outer loop
      vertex 89.2858 30.8 2.8
      vertex 89.3142 30.8 0
      vertex 92.1142 30.8 2.8
    endloop
  endfacet
  facet normal 0 -1 0
    outer loop
      vertex 99.8142 30.8 0
      vertex 99.7858 30.8 2.8
      vertex 96.9858 30.8 0
    endloop
  endfacet
  facet normal 0 -1 0
    outer loop
      vertex 99.7858 30.8 2.8
      vertex 99.8142 30.8 0
      vertex 102.614 30.8 2.8
    endloop
  endfacet
  facet normal 0 -1 0
    outer loop
      vertex 103.314 30.8 0
      vertex 103.286 30.8 2.8
      vertex 100.486 30.8 0
    endloop
  endfacet
  facet normal 0 -1 0
    outer loop
      vertex 103.286 30.8 2.8
      vertex 103.314 30.8 0
      vertex 106.114 30.8 2.8
    endloop
  endfacet
  facet normal 0 1 -0
    outer loop
      vertex 107.8 9.8 0.985786
      vertex 106.786 9.8 2.8
      vertex 107.8 9.8 2.8
    endloop
  endfacet
  facet normal 0 1 -0
    outer loop
      vertex 106.814 9.8 0
      vertex 106.786 9.8 2.8
      vertex 107.8 9.8 0.985786
    endloop
  endfacet
  facet normal 0 1 0
    outer loop
      vertex 106.786 9.8 2.8
      vertex 106.814 9.8 0
      vertex 103.986 9.8 0
    endloop
  endfacet
  facet normal 0 1 -0
    outer loop
      vertex 50.8142 9.8 0
      vertex 50.7858 9.8 2.8
      vertex 53.6142 9.8 2.8
    endloop
  endfacet
  facet normal 0 1 0
    outer loop
      vertex 50.7858 9.8 2.8
      vertex 50.8142 9.8 0
      vertex 47.9858 9.8 0
    endloop
  endfacet
  facet normal 0 1 -0
    outer loop
      vertex 54.3142 9.8 0
      vertex 54.2858 9.8 2.8
      vertex 57.1142 9.8 2.8
    endloop
  endfacet
  facet normal 0 1 0
    outer loop
      vertex 54.2858 9.8 2.8
      vertex 54.3142 9.8 0
      vertex 51.4858 9.8 0
    endloop
  endfacet
  facet normal 0 1 -0
    outer loop
      vertex 57.8142 9.8 0
      vertex 57.7858 9.8 2.8
      vertex 60.6142 9.8 2.8
    endloop
  endfacet
  facet normal 0 1 0
    outer loop
      vertex 57.7858 9.8 2.8
      vertex 57.8142 9.8 0
      vertex 54.9858 9.8 0
    endloop
  endfacet
  facet normal 0 1 -0
    outer loop
      vertex 61.3142 9.8 0
      vertex 61.2858 9.8 2.8
      vertex 64.1142 9.8 2.8
    endloop
  endfacet
  facet normal 0 1 0
    outer loop
      vertex 61.2858 9.8 2.8
      vertex 61.3142 9.8 0
      vertex 58.4858 9.8 0
    endloop
  endfacet
  facet normal 0 1 -0
    outer loop
      vertex 64.8142 9.8 0
      vertex 64.7858 9.8 2.8
      vertex 67.6142 9.8 2.8
    endloop
  endfacet
  facet normal 0 1 0
    outer loop
      vertex 64.7858 9.8 2.8
      vertex 64.8142 9.8 0
      vertex 61.9858 9.8 0
    endloop
  endfacet
  facet normal 0 1 -0
    outer loop
      vertex 68.3142 9.8 0
      vertex 68.2858 9.8 2.8
      vertex 71.1142 9.8 2.8
    endloop
  endfacet
  facet normal 0 1 0
    outer loop
      vertex 68.2858 9.8 2.8
      vertex 68.3142 9.8 0
      vertex 65.4858 9.8 0
    endloop
  endfacet
  facet normal 0 1 -0
    outer loop
      vertex 71.8142 9.8 0
      vertex 71.7858 9.8 2.8
      vertex 74.6142 9.8 2.8
    endloop
  endfacet
  facet normal 0 1 0
    outer loop
      vertex 71.7858 9.8 2.8
      vertex 71.8142 9.8 0
      vertex 68.9858 9.8 0
    endloop
  endfacet
  facet normal 0 1 -0
    outer loop
      vertex 75.3142 9.8 0
      vertex 75.2858 9.8 2.8
      vertex 78.1142 9.8 2.8
    endloop
  endfacet
  facet normal 0 1 0
    outer loop
      vertex 75.2858 9.8 2.8
      vertex 75.3142 9.8 0
      vertex 72.4858 9.8 0
    endloop
  endfacet
  facet normal 0 1 -0
    outer loop
      vertex 78.8142 9.8 0
      vertex 78.7858 9.8 2.8
      vertex 81.6142 9.8 2.8
    endloop
  endfacet
  facet normal 0 1 0
    outer loop
      vertex 78.7858 9.8 2.8
      vertex 78.8142 9.8 0
      vertex 75.9858 9.8 0
    endloop
  endfacet
  facet normal 0 1 -0
    outer loop
      vertex 82.3142 9.8 0
      vertex 82.2858 9.8 2.8
      vertex 85.1142 9.8 2.8
    endloop
  endfacet
  facet normal 0 1 0
    outer loop
      vertex 82.2858 9.8 2.8
      vertex 82.3142 9.8 0
      vertex 79.4858 9.8 0
    endloop
  endfacet
  facet normal 0 1 -0
    outer loop
      vertex 85.8142 9.8 0
      vertex 85.7858 9.8 2.8
      vertex 88.6142 9.8 2.8
    endloop
  endfacet
  facet normal 0 1 0
    outer loop
      vertex 85.7858 9.8 2.8
      vertex 85.8142 9.8 0
      vertex 82.9858 9.8 0
    endloop
  endfacet
  facet normal 0 1 -0
    outer loop
      vertex 89.3142 9.8 0
      vertex 89.2858 9.8 2.8
      vertex 92.1142 9.8 2.8
    endloop
  endfacet
  facet normal 0 1 0
    outer loop
      vertex 89.2858 9.8 2.8
      vertex 89.3142 9.8 0
      vertex 86.4858 9.8 0
    endloop
  endfacet
  facet normal 0 1 -0
    outer loop
      vertex 92.8142 9.8 0
      vertex 92.7858 9.8 2.8
      vertex 95.6142 9.8 2.8
    endloop
  endfacet
  facet normal 0 1 0
    outer loop
      vertex 92.7858 9.8 2.8
      vertex 92.8142 9.8 0
      vertex 89.9858 9.8 0
    endloop
  endfacet
  facet normal 0 1 -0
    outer loop
      vertex 96.3142 9.8 0
      vertex 96.2858 9.8 2.8
      vertex 99.1142 9.8 2.8
    endloop
  endfacet
  facet normal 0 1 0
    outer loop
      vertex 96.2858 9.8 2.8
      vertex 96.3142 9.8 0
      vertex 93.4858 9.8 0
    endloop
  endfacet
  facet normal 0 1 -0
    outer loop
      vertex 99.8142 9.8 0
      vertex 99.7858 9.8 2.8
      vertex 102.614 9.8 2.8
    endloop
  endfacet
  facet normal 0 1 0
    outer loop
      vertex 99.7858 9.8 2.8
      vertex 99.8142 9.8 0
      vertex 96.9858 9.8 0
    endloop
  endfacet
  facet normal 0 1 -0
    outer loop
      vertex 103.314 9.8 0
      vertex 103.286 9.8 2.8
      vertex 106.114 9.8 2.8
    endloop
  endfacet
  facet normal 0 1 0
    outer loop
      vertex 103.286 9.8 2.8
      vertex 103.314 9.8 0
      vertex 100.486 9.8 0
    endloop
  endfacet
  facet normal -0.997858 0 0.0654172
    outer loop
      vertex 40.9901 74.9 13.8863
      vertex 41.05 77.6 14.8
      vertex 40.9901 77.6 13.8863
    endloop
  endfacet
  facet normal -0.997858 0 0.0654172
    outer loop
      vertex 41.05 77.6 14.8
      vertex 40.9901 74.9 13.8863
      vertex 41.05 74.9 14.8
    endloop
  endfacet
  facet normal 0.0654063 0 0.997859
    outer loop
      vertex 33.1363 77.6 7.85989
      vertex 34.05 74.9 7.8
      vertex 34.05 77.6 7.8
    endloop
  endfacet
  facet normal 0.0654063 0 0.997859
    outer loop
      vertex 34.05 74.9 7.8
      vertex 33.1363 77.6 7.85989
      vertex 33.1363 74.9 7.85989
    endloop
  endfacet
  facet normal -0.659352 0 0.751835
    outer loop
      vertex 38.3113 77.6 9.24653
      vertex 38.9997 74.9 9.85025
      vertex 38.9997 77.6 9.85025
    endloop
  endfacet
  facet normal -0.659352 0 0.751835
    outer loop
      vertex 38.9997 74.9 9.85025
      vertex 38.3113 77.6 9.24653
      vertex 38.3113 74.9 9.24653
    endloop
  endfacet
  facet normal 0.751815 -0 0.659374
    outer loop
      vertex 28.4965 74.9 10.5387
      vertex 29.1003 77.6 9.85025
      vertex 28.4965 77.6 10.5387
    endloop
  endfacet
  facet normal 0.751815 0 0.659374
    outer loop
      vertex 29.1003 77.6 9.85025
      vertex 28.4965 74.9 10.5387
      vertex 29.1003 74.9 9.85025
    endloop
  endfacet
  facet normal 0.442297 0 0.896869
    outer loop
      vertex 30.55 77.6 8.73782
      vertex 31.3712 74.9 8.33284
      vertex 31.3712 77.6 8.33284
    endloop
  endfacet
  facet normal 0.442297 0 0.896869
    outer loop
      vertex 31.3712 74.9 8.33284
      vertex 30.55 77.6 8.73782
      vertex 30.55 74.9 8.73782
    endloop
  endfacet
  facet normal -0.89686 0 0.442314
    outer loop
      vertex 40.1122 74.9 11.3
      vertex 40.5172 77.6 12.1212
      vertex 40.1122 77.6 11.3
    endloop
  endfacet
  facet normal -0.89686 0 0.442314
    outer loop
      vertex 40.5172 77.6 12.1212
      vertex 40.1122 74.9 11.3
      vertex 40.5172 74.9 12.1212
    endloop
  endfacet
  facet normal -0.98079 0 0.195066
    outer loop
      vertex 40.8115 74.9 12.9883
      vertex 40.9901 77.6 13.8863
      vertex 40.8115 77.6 12.9883
    endloop
  endfacet
  facet normal -0.98079 0 0.195066
    outer loop
      vertex 40.9901 77.6 13.8863
      vertex 40.8115 74.9 12.9883
      vertex 40.9901 74.9 13.8863
    endloop
  endfacet
  facet normal -0.321419 0 0.946937
    outer loop
      vertex 35.8617 77.6 8.03852
      vertex 36.7288 74.9 8.33284
      vertex 36.7288 77.6 8.33284
    endloop
  endfacet
  facet normal -0.321419 0 0.946937
    outer loop
      vertex 36.7288 74.9 8.33284
      vertex 35.8617 77.6 8.03852
      vertex 35.8617 74.9 8.03852
    endloop
  endfacet
  facet normal -0.195097 0 0.980784
    outer loop
      vertex 34.9637 77.6 7.85989
      vertex 35.8617 74.9 8.03852
      vertex 35.8617 77.6 8.03852
    endloop
  endfacet
  facet normal -0.195097 0 0.980784
    outer loop
      vertex 35.8617 74.9 8.03852
      vertex 34.9637 77.6 7.85989
      vertex 34.9637 74.9 7.85989
    endloop
  endfacet
  facet normal -0.442297 0 0.896869
    outer loop
      vertex 36.7288 77.6 8.33284
      vertex 37.55 74.9 8.73782
      vertex 37.55 77.6 8.73782
    endloop
  endfacet
  facet normal -0.442297 0 0.896869
    outer loop
      vertex 37.55 74.9 8.73782
      vertex 36.7288 77.6 8.33284
      vertex 36.7288 74.9 8.33284
    endloop
  endfacet
  facet normal 0.89686 -0 0.442314
    outer loop
      vertex 27.5828 74.9 12.1212
      vertex 27.9878 77.6 11.3
      vertex 27.5828 77.6 12.1212
    endloop
  endfacet
  facet normal 0.89686 0 0.442314
    outer loop
      vertex 27.9878 77.6 11.3
      vertex 27.5828 74.9 12.1212
      vertex 27.9878 74.9 11.3
    endloop
  endfacet
  facet normal 0.831462 -0 0.555582
    outer loop
      vertex 27.9878 74.9 11.3
      vertex 28.4965 77.6 10.5387
      vertex 27.9878 77.6 11.3
    endloop
  endfacet
  facet normal 0.831462 0 0.555582
    outer loop
      vertex 28.4965 77.6 10.5387
      vertex 27.9878 74.9 11.3
      vertex 28.4965 74.9 10.5387
    endloop
  endfacet
  facet normal 0.98079 -0 0.195066
    outer loop
      vertex 27.1099 74.9 13.8863
      vertex 27.2885 77.6 12.9883
      vertex 27.1099 77.6 13.8863
    endloop
  endfacet
  facet normal 0.98079 0 0.195066
    outer loop
      vertex 27.2885 77.6 12.9883
      vertex 27.1099 74.9 13.8863
      vertex 27.2885 74.9 12.9883
    endloop
  endfacet
  facet normal 0.55559 0 0.831457
    outer loop
      vertex 29.7887 77.6 9.24653
      vertex 30.55 74.9 8.73782
      vertex 30.55 77.6 8.73782
    endloop
  endfacet
  facet normal 0.55559 0 0.831457
    outer loop
      vertex 30.55 74.9 8.73782
      vertex 29.7887 77.6 9.24653
      vertex 29.7887 74.9 9.24653
    endloop
  endfacet
  facet normal 0.195097 0 0.980784
    outer loop
      vertex 32.2383 77.6 8.03852
      vertex 33.1363 74.9 7.85989
      vertex 33.1363 77.6 7.85989
    endloop
  endfacet
  facet normal 0.195097 0 0.980784
    outer loop
      vertex 33.1363 74.9 7.85989
      vertex 32.2383 77.6 8.03852
      vertex 32.2383 74.9 8.03852
    endloop
  endfacet
  facet normal -0.89686 0 -0.442314
    outer loop
      vertex 40.5172 74.9 17.4788
      vertex 40.1122 77.6 18.3
      vertex 40.5172 77.6 17.4788
    endloop
  endfacet
  facet normal -0.89686 -0 -0.442314
    outer loop
      vertex 40.1122 77.6 18.3
      vertex 40.5172 74.9 17.4788
      vertex 40.1122 74.9 18.3
    endloop
  endfacet
  facet normal 0.195066 0 -0.98079
    outer loop
      vertex 32.2383 74.9 21.5615
      vertex 33.1363 77.6 21.7401
      vertex 33.1363 74.9 21.7401
    endloop
  endfacet
  facet normal 0.195066 0 -0.98079
    outer loop
      vertex 33.1363 77.6 21.7401
      vertex 32.2383 74.9 21.5615
      vertex 32.2383 77.6 21.5615
    endloop
  endfacet
  facet normal 0.831462 0 -0.555582
    outer loop
      vertex 28.4965 74.9 19.0613
      vertex 27.9878 77.6 18.3
      vertex 28.4965 77.6 19.0613
    endloop
  endfacet
  facet normal 0.831462 0 -0.555582
    outer loop
      vertex 27.9878 77.6 18.3
      vertex 28.4965 74.9 19.0613
      vertex 27.9878 74.9 18.3
    endloop
  endfacet
  facet normal 0.751791 0 -0.659401
    outer loop
      vertex 29.1003 74.9 19.7497
      vertex 28.4965 77.6 19.0613
      vertex 29.1003 77.6 19.7497
    endloop
  endfacet
  facet normal 0.751791 0 -0.659401
    outer loop
      vertex 28.4965 77.6 19.0613
      vertex 29.1003 74.9 19.7497
      vertex 28.4965 74.9 19.0613
    endloop
  endfacet
  facet normal -0.946944 0 0.3214
    outer loop
      vertex 40.5172 74.9 12.1212
      vertex 40.8115 77.6 12.9883
      vertex 40.5172 77.6 12.1212
    endloop
  endfacet
  facet normal -0.946944 0 0.3214
    outer loop
      vertex 40.8115 77.6 12.9883
      vertex 40.5172 74.9 12.1212
      vertex 40.8115 74.9 12.9883
    endloop
  endfacet
  facet normal -0.751815 0 0.659374
    outer loop
      vertex 38.9997 74.9 9.85025
      vertex 39.6035 77.6 10.5387
      vertex 38.9997 77.6 9.85025
    endloop
  endfacet
  facet normal -0.751815 0 0.659374
    outer loop
      vertex 39.6035 77.6 10.5387
      vertex 38.9997 74.9 9.85025
      vertex 39.6035 74.9 10.5387
    endloop
  endfacet
  facet normal -0.831462 0 0.555582
    outer loop
      vertex 39.6035 74.9 10.5387
      vertex 40.1122 77.6 11.3
      vertex 39.6035 77.6 10.5387
    endloop
  endfacet
  facet normal -0.831462 0 0.555582
    outer loop
      vertex 40.1122 77.6 11.3
      vertex 39.6035 74.9 10.5387
      vertex 40.1122 74.9 11.3
    endloop
  endfacet
  facet normal -0.0654063 0 0.997859
    outer loop
      vertex 34.05 77.6 7.8
      vertex 34.9637 74.9 7.85989
      vertex 34.9637 77.6 7.85989
    endloop
  endfacet
  facet normal -0.0654063 0 0.997859
    outer loop
      vertex 34.9637 74.9 7.85989
      vertex 34.05 77.6 7.8
      vertex 34.05 74.9 7.8
    endloop
  endfacet
  facet normal -0.55559 0 0.831457
    outer loop
      vertex 37.55 77.6 8.73782
      vertex 38.3113 74.9 9.24653
      vertex 38.3113 77.6 9.24653
    endloop
  endfacet
  facet normal -0.55559 0 0.831457
    outer loop
      vertex 38.3113 74.9 9.24653
      vertex 37.55 77.6 8.73782
      vertex 37.55 74.9 8.73782
    endloop
  endfacet
  facet normal 0 1 0
    outer loop
      vertex 34.9637 74.9 21.7401
      vertex 33.1363 74.9 21.7401
      vertex 34.05 74.9 21.8
    endloop
  endfacet
  facet normal 0 1 0
    outer loop
      vertex 35.8617 74.9 21.5615
      vertex 33.1363 74.9 21.7401
      vertex 34.9637 74.9 21.7401
    endloop
  endfacet
  facet normal 0 1 0
    outer loop
      vertex 35.8617 74.9 21.5615
      vertex 32.2383 74.9 21.5615
      vertex 33.1363 74.9 21.7401
    endloop
  endfacet
  facet normal 0 1 0
    outer loop
      vertex 36.7288 74.9 21.2672
      vertex 32.2383 74.9 21.5615
      vertex 35.8617 74.9 21.5615
    endloop
  endfacet
  facet normal 0 1 0
    outer loop
      vertex 36.7288 74.9 21.2672
      vertex 31.3712 74.9 21.2672
      vertex 32.2383 74.9 21.5615
    endloop
  endfacet
  facet normal 0 1 0
    outer loop
      vertex 37.55 74.9 20.8622
      vertex 31.3712 74.9 21.2672
      vertex 36.7288 74.9 21.2672
    endloop
  endfacet
  facet normal 0 1 0
    outer loop
      vertex 37.55 74.9 20.8622
      vertex 30.55 74.9 20.8622
      vertex 31.3712 74.9 21.2672
    endloop
  endfacet
  facet normal 0 1 0
    outer loop
      vertex 38.3113 74.9 20.3535
      vertex 30.55 74.9 20.8622
      vertex 37.55 74.9 20.8622
    endloop
  endfacet
  facet normal 0 1 0
    outer loop
      vertex 38.3113 74.9 20.3535
      vertex 29.7887 74.9 20.3535
      vertex 30.55 74.9 20.8622
    endloop
  endfacet
  facet normal 0 1 0
    outer loop
      vertex 38.9997 74.9 19.7497
      vertex 29.7887 74.9 20.3535
      vertex 38.3113 74.9 20.3535
    endloop
  endfacet
  facet normal 0 1 0
    outer loop
      vertex 38.9997 74.9 19.7497
      vertex 29.1003 74.9 19.7497
      vertex 29.7887 74.9 20.3535
    endloop
  endfacet
  facet normal 0 1 0
    outer loop
      vertex 39.6035 74.9 19.0613
      vertex 29.1003 74.9 19.7497
      vertex 38.9997 74.9 19.7497
    endloop
  endfacet
  facet normal 0 1 0
    outer loop
      vertex 39.6035 74.9 19.0613
      vertex 28.4965 74.9 19.0613
      vertex 29.1003 74.9 19.7497
    endloop
  endfacet
  facet normal 0 1 0
    outer loop
      vertex 40.1122 74.9 18.3
      vertex 28.4965 74.9 19.0613
      vertex 39.6035 74.9 19.0613
    endloop
  endfacet
  facet normal 0 1 0
    outer loop
      vertex 40.1122 74.9 18.3
      vertex 27.9878 74.9 18.3
      vertex 28.4965 74.9 19.0613
    endloop
  endfacet
  facet normal 0 1 0
    outer loop
      vertex 40.5172 74.9 17.4788
      vertex 27.9878 74.9 18.3
      vertex 40.1122 74.9 18.3
    endloop
  endfacet
  facet normal 0 1 0
    outer loop
      vertex 40.5172 74.9 17.4788
      vertex 27.5828 74.9 17.4788
      vertex 27.9878 74.9 18.3
    endloop
  endfacet
  facet normal 0 1 0
    outer loop
      vertex 40.8115 74.9 16.6117
      vertex 27.5828 74.9 17.4788
      vertex 40.5172 74.9 17.4788
    endloop
  endfacet
  facet normal 0 1 0
    outer loop
      vertex 40.8115 74.9 16.6117
      vertex 27.2885 74.9 16.6117
      vertex 27.5828 74.9 17.4788
    endloop
  endfacet
  facet normal 0 1 0
    outer loop
      vertex 40.9901 74.9 15.7137
      vertex 27.2885 74.9 16.6117
      vertex 40.8115 74.9 16.6117
    endloop
  endfacet
  facet normal 0 1 0
    outer loop
      vertex 40.9901 74.9 15.7137
      vertex 27.1099 74.9 15.7137
      vertex 27.2885 74.9 16.6117
    endloop
  endfacet
  facet normal 0 1 0
    outer loop
      vertex 41.05 74.9 14.8
      vertex 27.1099 74.9 15.7137
      vertex 40.9901 74.9 15.7137
    endloop
  endfacet
  facet normal 0 1 0
    outer loop
      vertex 41.05 74.9 14.8
      vertex 27.05 74.9 14.8
      vertex 27.1099 74.9 15.7137
    endloop
  endfacet
  facet normal 0 1 -0
    outer loop
      vertex 40.9901 74.9 13.8863
      vertex 27.05 74.9 14.8
      vertex 41.05 74.9 14.8
    endloop
  endfacet
  facet normal 0 1 0
    outer loop
      vertex 40.9901 74.9 13.8863
      vertex 27.1099 74.9 13.8863
      vertex 27.05 74.9 14.8
    endloop
  endfacet
  facet normal 0 1 -0
    outer loop
      vertex 40.8115 74.9 12.9883
      vertex 27.1099 74.9 13.8863
      vertex 40.9901 74.9 13.8863
    endloop
  endfacet
  facet normal 0 1 0
    outer loop
      vertex 40.8115 74.9 12.9883
      vertex 27.2885 74.9 12.9883
      vertex 27.1099 74.9 13.8863
    endloop
  endfacet
  facet normal 0 1 -0
    outer loop
      vertex 40.5172 74.9 12.1212
      vertex 27.2885 74.9 12.9883
      vertex 40.8115 74.9 12.9883
    endloop
  endfacet
  facet normal 0 1 0
    outer loop
      vertex 40.5172 74.9 12.1212
      vertex 27.5828 74.9 12.1212
      vertex 27.2885 74.9 12.9883
    endloop
  endfacet
  facet normal 0 1 -0
    outer loop
      vertex 40.1122 74.9 11.3
      vertex 27.5828 74.9 12.1212
      vertex 40.5172 74.9 12.1212
    endloop
  endfacet
  facet normal 0 1 0
    outer loop
      vertex 40.1122 74.9 11.3
      vertex 27.9878 74.9 11.3
      vertex 27.5828 74.9 12.1212
    endloop
  endfacet
  facet normal 0 1 -0
    outer loop
      vertex 39.6035 74.9 10.5387
      vertex 27.9878 74.9 11.3
      vertex 40.1122 74.9 11.3
    endloop
  endfacet
  facet normal 0 1 0
    outer loop
      vertex 39.6035 74.9 10.5387
      vertex 28.4965 74.9 10.5387
      vertex 27.9878 74.9 11.3
    endloop
  endfacet
  facet normal 0 1 -0
    outer loop
      vertex 38.9997 74.9 9.85025
      vertex 28.4965 74.9 10.5387
      vertex 39.6035 74.9 10.5387
    endloop
  endfacet
  facet normal 0 1 0
    outer loop
      vertex 38.9997 74.9 9.85025
      vertex 29.1003 74.9 9.85025
      vertex 28.4965 74.9 10.5387
    endloop
  endfacet
  facet normal 0 1 -0
    outer loop
      vertex 38.3113 74.9 9.24653
      vertex 29.1003 74.9 9.85025
      vertex 38.9997 74.9 9.85025
    endloop
  endfacet
  facet normal 0 1 0
    outer loop
      vertex 38.3113 74.9 9.24653
      vertex 29.7887 74.9 9.24653
      vertex 29.1003 74.9 9.85025
    endloop
  endfacet
  facet normal 0 1 -0
    outer loop
      vertex 37.55 74.9 8.73782
      vertex 29.7887 74.9 9.24653
      vertex 38.3113 74.9 9.24653
    endloop
  endfacet
  facet normal 0 1 0
    outer loop
      vertex 37.55 74.9 8.73782
      vertex 30.55 74.9 8.73782
      vertex 29.7887 74.9 9.24653
    endloop
  endfacet
  facet normal 0 1 -0
    outer loop
      vertex 36.7288 74.9 8.33284
      vertex 30.55 74.9 8.73782
      vertex 37.55 74.9 8.73782
    endloop
  endfacet
  facet normal 0 1 0
    outer loop
      vertex 36.7288 74.9 8.33284
      vertex 31.3712 74.9 8.33284
      vertex 30.55 74.9 8.73782
    endloop
  endfacet
  facet normal 0 1 -0
    outer loop
      vertex 35.8617 74.9 8.03852
      vertex 31.3712 74.9 8.33284
      vertex 36.7288 74.9 8.33284
    endloop
  endfacet
  facet normal 0 1 0
    outer loop
      vertex 35.8617 74.9 8.03852
      vertex 32.2383 74.9 8.03852
      vertex 31.3712 74.9 8.33284
    endloop
  endfacet
  facet normal 0 1 -0
    outer loop
      vertex 34.9637 74.9 7.85989
      vertex 32.2383 74.9 8.03852
      vertex 35.8617 74.9 8.03852
    endloop
  endfacet
  facet normal 0 1 0
    outer loop
      vertex 34.9637 74.9 7.85989
      vertex 33.1363 74.9 7.85989
      vertex 32.2383 74.9 8.03852
    endloop
  endfacet
  facet normal -0 1 0
    outer loop
      vertex 33.1363 74.9 7.85989
      vertex 34.9637 74.9 7.85989
      vertex 34.05 74.9 7.8
    endloop
  endfacet
  facet normal 0.946944 -0 0.3214
    outer loop
      vertex 27.2885 74.9 12.9883
      vertex 27.5828 77.6 12.1212
      vertex 27.2885 77.6 12.9883
    endloop
  endfacet
  facet normal 0.946944 0 0.3214
    outer loop
      vertex 27.5828 77.6 12.1212
      vertex 27.2885 74.9 12.9883
      vertex 27.5828 74.9 12.1212
    endloop
  endfacet
  facet normal 0.997858 -0 0.0654172
    outer loop
      vertex 27.05 74.9 14.8
      vertex 27.1099 77.6 13.8863
      vertex 27.05 77.6 14.8
    endloop
  endfacet
  facet normal 0.997858 0 0.0654172
    outer loop
      vertex 27.1099 77.6 13.8863
      vertex 27.05 74.9 14.8
      vertex 27.1099 74.9 13.8863
    endloop
  endfacet
  facet normal 0.659352 0 0.751835
    outer loop
      vertex 29.1003 77.6 9.85025
      vertex 29.7887 74.9 9.24653
      vertex 29.7887 77.6 9.24653
    endloop
  endfacet
  facet normal 0.659352 0 0.751835
    outer loop
      vertex 29.7887 74.9 9.24653
      vertex 29.1003 77.6 9.85025
      vertex 29.1003 74.9 9.85025
    endloop
  endfacet
  facet normal 0.321419 0 0.946937
    outer loop
      vertex 31.3712 77.6 8.33284
      vertex 32.2383 74.9 8.03852
      vertex 32.2383 77.6 8.03852
    endloop
  endfacet
  facet normal 0.321419 0 0.946937
    outer loop
      vertex 32.2383 74.9 8.03852
      vertex 31.3712 77.6 8.33284
      vertex 31.3712 74.9 8.33284
    endloop
  endfacet
  facet normal -0.195066 0 -0.98079
    outer loop
      vertex 34.9637 74.9 21.7401
      vertex 35.8617 77.6 21.5615
      vertex 35.8617 74.9 21.5615
    endloop
  endfacet
  facet normal -0.195066 0 -0.98079
    outer loop
      vertex 35.8617 77.6 21.5615
      vertex 34.9637 74.9 21.7401
      vertex 34.9637 77.6 21.7401
    endloop
  endfacet
  facet normal -0.442314 0 -0.89686
    outer loop
      vertex 36.7288 74.9 21.2672
      vertex 37.55 77.6 20.8622
      vertex 37.55 74.9 20.8622
    endloop
  endfacet
  facet normal -0.442314 0 -0.89686
    outer loop
      vertex 37.55 77.6 20.8622
      vertex 36.7288 74.9 21.2672
      vertex 36.7288 77.6 21.2672
    endloop
  endfacet
  facet normal -0.555582 0 -0.831462
    outer loop
      vertex 37.55 74.9 20.8622
      vertex 38.3113 77.6 20.3535
      vertex 38.3113 74.9 20.3535
    endloop
  endfacet
  facet normal -0.555582 0 -0.831462
    outer loop
      vertex 38.3113 77.6 20.3535
      vertex 37.55 74.9 20.8622
      vertex 37.55 77.6 20.8622
    endloop
  endfacet
  facet normal -0.751791 0 -0.659401
    outer loop
      vertex 39.6035 74.9 19.0613
      vertex 38.9997 77.6 19.7497
      vertex 39.6035 77.6 19.0613
    endloop
  endfacet
  facet normal -0.751791 -0 -0.659401
    outer loop
      vertex 38.9997 77.6 19.7497
      vertex 39.6035 74.9 19.0613
      vertex 38.9997 74.9 19.7497
    endloop
  endfacet
  facet normal -0.659401 0 -0.751791
    outer loop
      vertex 38.3113 74.9 20.3535
      vertex 38.9997 77.6 19.7497
      vertex 38.9997 74.9 19.7497
    endloop
  endfacet
  facet normal -0.659401 0 -0.751791
    outer loop
      vertex 38.9997 77.6 19.7497
      vertex 38.3113 74.9 20.3535
      vertex 38.3113 77.6 20.3535
    endloop
  endfacet
  facet normal -0.946944 0 -0.3214
    outer loop
      vertex 40.8115 74.9 16.6117
      vertex 40.5172 77.6 17.4788
      vertex 40.8115 77.6 16.6117
    endloop
  endfacet
  facet normal -0.946944 -0 -0.3214
    outer loop
      vertex 40.5172 77.6 17.4788
      vertex 40.8115 74.9 16.6117
      vertex 40.5172 74.9 17.4788
    endloop
  endfacet
  facet normal -0.831462 0 -0.555582
    outer loop
      vertex 40.1122 74.9 18.3
      vertex 39.6035 77.6 19.0613
      vertex 40.1122 77.6 18.3
    endloop
  endfacet
  facet normal -0.831462 -0 -0.555582
    outer loop
      vertex 39.6035 77.6 19.0613
      vertex 40.1122 74.9 18.3
      vertex 39.6035 74.9 19.0613
    endloop
  endfacet
  facet normal 0.442314 0 -0.89686
    outer loop
      vertex 30.55 74.9 20.8622
      vertex 31.3712 77.6 21.2672
      vertex 31.3712 74.9 21.2672
    endloop
  endfacet
  facet normal 0.442314 0 -0.89686
    outer loop
      vertex 31.3712 77.6 21.2672
      vertex 30.55 74.9 20.8622
      vertex 30.55 77.6 20.8622
    endloop
  endfacet
  facet normal 0.555582 0 -0.831462
    outer loop
      vertex 29.7887 74.9 20.3535
      vertex 30.55 77.6 20.8622
      vertex 30.55 74.9 20.8622
    endloop
  endfacet
  facet normal 0.555582 0 -0.831462
    outer loop
      vertex 30.55 77.6 20.8622
      vertex 29.7887 74.9 20.3535
      vertex 29.7887 77.6 20.3535
    endloop
  endfacet
  facet normal 0.3214 0 -0.946944
    outer loop
      vertex 31.3712 74.9 21.2672
      vertex 32.2383 77.6 21.5615
      vertex 32.2383 74.9 21.5615
    endloop
  endfacet
  facet normal 0.3214 0 -0.946944
    outer loop
      vertex 32.2383 77.6 21.5615
      vertex 31.3712 74.9 21.2672
      vertex 31.3712 77.6 21.2672
    endloop
  endfacet
  facet normal -0.0654172 0 -0.997858
    outer loop
      vertex 34.05 74.9 21.8
      vertex 34.9637 77.6 21.7401
      vertex 34.9637 74.9 21.7401
    endloop
  endfacet
  facet normal -0.0654172 0 -0.997858
    outer loop
      vertex 34.9637 77.6 21.7401
      vertex 34.05 74.9 21.8
      vertex 34.05 77.6 21.8
    endloop
  endfacet
  facet normal 0.659401 0 -0.751791
    outer loop
      vertex 29.1003 74.9 19.7497
      vertex 29.7887 77.6 20.3535
      vertex 29.7887 74.9 20.3535
    endloop
  endfacet
  facet normal 0.659401 0 -0.751791
    outer loop
      vertex 29.7887 77.6 20.3535
      vertex 29.1003 74.9 19.7497
      vertex 29.1003 77.6 19.7497
    endloop
  endfacet
  facet normal 0.89686 0 -0.442314
    outer loop
      vertex 27.9878 74.9 18.3
      vertex 27.5828 77.6 17.4788
      vertex 27.9878 77.6 18.3
    endloop
  endfacet
  facet normal 0.89686 0 -0.442314
    outer loop
      vertex 27.5828 77.6 17.4788
      vertex 27.9878 74.9 18.3
      vertex 27.5828 74.9 17.4788
    endloop
  endfacet
  facet normal 0.98079 0 -0.195066
    outer loop
      vertex 27.2885 74.9 16.6117
      vertex 27.1099 77.6 15.7137
      vertex 27.2885 77.6 16.6117
    endloop
  endfacet
  facet normal 0.98079 0 -0.195066
    outer loop
      vertex 27.1099 77.6 15.7137
      vertex 27.2885 74.9 16.6117
      vertex 27.1099 74.9 15.7137
    endloop
  endfacet
  facet normal 0.997858 0 -0.0654172
    outer loop
      vertex 27.1099 74.9 15.7137
      vertex 27.05 77.6 14.8
      vertex 27.1099 77.6 15.7137
    endloop
  endfacet
  facet normal 0.997858 0 -0.0654172
    outer loop
      vertex 27.05 77.6 14.8
      vertex 27.1099 74.9 15.7137
      vertex 27.05 74.9 14.8
    endloop
  endfacet
  facet normal -0.3214 0 -0.946944
    outer loop
      vertex 35.8617 74.9 21.5615
      vertex 36.7288 77.6 21.2672
      vertex 36.7288 74.9 21.2672
    endloop
  endfacet
  facet normal -0.3214 0 -0.946944
    outer loop
      vertex 36.7288 77.6 21.2672
      vertex 35.8617 74.9 21.5615
      vertex 35.8617 77.6 21.5615
    endloop
  endfacet
  facet normal -0.98079 0 -0.195066
    outer loop
      vertex 40.9901 74.9 15.7137
      vertex 40.8115 77.6 16.6117
      vertex 40.9901 77.6 15.7137
    endloop
  endfacet
  facet normal -0.98079 -0 -0.195066
    outer loop
      vertex 40.8115 77.6 16.6117
      vertex 40.9901 74.9 15.7137
      vertex 40.8115 74.9 16.6117
    endloop
  endfacet
  facet normal 0.0654172 0 -0.997858
    outer loop
      vertex 33.1363 74.9 21.7401
      vertex 34.05 77.6 21.8
      vertex 34.05 74.9 21.8
    endloop
  endfacet
  facet normal 0.0654172 0 -0.997858
    outer loop
      vertex 34.05 77.6 21.8
      vertex 33.1363 74.9 21.7401
      vertex 33.1363 77.6 21.7401
    endloop
  endfacet
  facet normal 0.946944 0 -0.3214
    outer loop
      vertex 27.5828 74.9 17.4788
      vertex 27.2885 77.6 16.6117
      vertex 27.5828 77.6 17.4788
    endloop
  endfacet
  facet normal 0.946944 0 -0.3214
    outer loop
      vertex 27.2885 77.6 16.6117
      vertex 27.5828 74.9 17.4788
      vertex 27.2885 74.9 16.6117
    endloop
  endfacet
  facet normal -0.997858 0 -0.0654172
    outer loop
      vertex 41.05 74.9 14.8
      vertex 40.9901 77.6 15.7137
      vertex 41.05 77.6 14.8
    endloop
  endfacet
  facet normal -0.997858 -0 -0.0654172
    outer loop
      vertex 40.9901 77.6 15.7137
      vertex 41.05 74.9 14.8
      vertex 40.9901 74.9 15.7137
    endloop
  endfacet
  facet normal -0.997858 0 0.0654172
    outer loop
      vertex 58.4901 74.9 13.8863
      vertex 58.55 77.6 14.8
      vertex 58.4901 77.6 13.8863
    endloop
  endfacet
  facet normal -0.997858 0 0.0654172
    outer loop
      vertex 58.55 77.6 14.8
      vertex 58.4901 74.9 13.8863
      vertex 58.55 74.9 14.8
    endloop
  endfacet
  facet normal 0.0654063 0 0.997859
    outer loop
      vertex 50.6363 77.6 7.85989
      vertex 51.55 74.9 7.8
      vertex 51.55 77.6 7.8
    endloop
  endfacet
  facet normal 0.0654063 0 0.997859
    outer loop
      vertex 51.55 74.9 7.8
      vertex 50.6363 77.6 7.85989
      vertex 50.6363 74.9 7.85989
    endloop
  endfacet
  facet normal -0.659352 0 0.751835
    outer loop
      vertex 55.8113 77.6 9.24653
      vertex 56.4997 74.9 9.85025
      vertex 56.4997 77.6 9.85025
    endloop
  endfacet
  facet normal -0.659352 0 0.751835
    outer loop
      vertex 56.4997 74.9 9.85025
      vertex 55.8113 77.6 9.24653
      vertex 55.8113 74.9 9.24653
    endloop
  endfacet
  facet normal 0.751815 -0 0.659374
    outer loop
      vertex 45.9965 74.9 10.5387
      vertex 46.6003 77.6 9.85025
      vertex 45.9965 77.6 10.5387
    endloop
  endfacet
  facet normal 0.751815 0 0.659374
    outer loop
      vertex 46.6003 77.6 9.85025
      vertex 45.9965 74.9 10.5387
      vertex 46.6003 74.9 9.85025
    endloop
  endfacet
  facet normal 0.442297 0 0.896869
    outer loop
      vertex 48.05 77.6 8.73782
      vertex 48.8712 74.9 8.33284
      vertex 48.8712 77.6 8.33284
    endloop
  endfacet
  facet normal 0.442297 0 0.896869
    outer loop
      vertex 48.8712 74.9 8.33284
      vertex 48.05 77.6 8.73782
      vertex 48.05 74.9 8.73782
    endloop
  endfacet
  facet normal 0.751791 0 -0.659401
    outer loop
      vertex 46.6003 74.9 19.7497
      vertex 45.9965 77.6 19.0613
      vertex 46.6003 77.6 19.7497
    endloop
  endfacet
  facet normal 0.751791 0 -0.659401
    outer loop
      vertex 45.9965 77.6 19.0613
      vertex 46.6003 74.9 19.7497
      vertex 45.9965 74.9 19.0613
    endloop
  endfacet
  facet normal -0.946944 0 0.3214
    outer loop
      vertex 58.0172 74.9 12.1212
      vertex 58.3115 77.6 12.9883
      vertex 58.0172 77.6 12.1212
    endloop
  endfacet
  facet normal -0.946944 0 0.3214
    outer loop
      vertex 58.3115 77.6 12.9883
      vertex 58.0172 74.9 12.1212
      vertex 58.3115 74.9 12.9883
    endloop
  endfacet
  facet normal -0.98079 0 0.195066
    outer loop
      vertex 58.3115 74.9 12.9883
      vertex 58.4901 77.6 13.8863
      vertex 58.3115 77.6 12.9883
    endloop
  endfacet
  facet normal -0.98079 0 0.195066
    outer loop
      vertex 58.4901 77.6 13.8863
      vertex 58.3115 74.9 12.9883
      vertex 58.4901 74.9 13.8863
    endloop
  endfacet
  facet normal -0.321419 0 0.946937
    outer loop
      vertex 53.3617 77.6 8.03852
      vertex 54.2288 74.9 8.33284
      vertex 54.2288 77.6 8.33284
    endloop
  endfacet
  facet normal -0.321419 0 0.946937
    outer loop
      vertex 54.2288 74.9 8.33284
      vertex 53.3617 77.6 8.03852
      vertex 53.3617 74.9 8.03852
    endloop
  endfacet
  facet normal -0.195097 0 0.980784
    outer loop
      vertex 52.4637 77.6 7.85989
      vertex 53.3617 74.9 8.03852
      vertex 53.3617 77.6 8.03852
    endloop
  endfacet
  facet normal -0.195097 0 0.980784
    outer loop
      vertex 53.3617 74.9 8.03852
      vertex 52.4637 77.6 7.85989
      vertex 52.4637 74.9 7.85989
    endloop
  endfacet
  facet normal -0.55559 0 0.831457
    outer loop
      vertex 55.05 77.6 8.73782
      vertex 55.8113 74.9 9.24653
      vertex 55.8113 77.6 9.24653
    endloop
  endfacet
  facet normal -0.55559 0 0.831457
    outer loop
      vertex 55.8113 74.9 9.24653
      vertex 55.05 77.6 8.73782
      vertex 55.05 74.9 8.73782
    endloop
  endfacet
  facet normal 0.89686 -0 0.442314
    outer loop
      vertex 45.0828 74.9 12.1212
      vertex 45.4878 77.6 11.3
      vertex 45.0828 77.6 12.1212
    endloop
  endfacet
  facet normal 0.89686 0 0.442314
    outer loop
      vertex 45.4878 77.6 11.3
      vertex 45.0828 74.9 12.1212
      vertex 45.4878 74.9 11.3
    endloop
  endfacet
  facet normal 0.831462 -0 0.555582
    outer loop
      vertex 45.4878 74.9 11.3
      vertex 45.9965 77.6 10.5387
      vertex 45.4878 77.6 11.3
    endloop
  endfacet
  facet normal 0.831462 0 0.555582
    outer loop
      vertex 45.9965 77.6 10.5387
      vertex 45.4878 74.9 11.3
      vertex 45.9965 74.9 10.5387
    endloop
  endfacet
  facet normal 0.98079 -0 0.195066
    outer loop
      vertex 44.6099 74.9 13.8863
      vertex 44.7885 77.6 12.9883
      vertex 44.6099 77.6 13.8863
    endloop
  endfacet
  facet normal 0.98079 0 0.195066
    outer loop
      vertex 44.7885 77.6 12.9883
      vertex 44.6099 74.9 13.8863
      vertex 44.7885 74.9 12.9883
    endloop
  endfacet
  facet normal 0.997858 0 -0.0654172
    outer loop
      vertex 44.6099 74.9 15.7137
      vertex 44.55 77.6 14.8
      vertex 44.6099 77.6 15.7137
    endloop
  endfacet
  facet normal 0.997858 0 -0.0654172
    outer loop
      vertex 44.55 77.6 14.8
      vertex 44.6099 74.9 15.7137
      vertex 44.55 74.9 14.8
    endloop
  endfacet
  facet normal 0.55559 0 0.831457
    outer loop
      vertex 47.2887 77.6 9.24653
      vertex 48.05 74.9 8.73782
      vertex 48.05 77.6 8.73782
    endloop
  endfacet
  facet normal 0.55559 0 0.831457
    outer loop
      vertex 48.05 74.9 8.73782
      vertex 47.2887 77.6 9.24653
      vertex 47.2887 74.9 9.24653
    endloop
  endfacet
  facet normal 0.195097 0 0.980784
    outer loop
      vertex 49.7383 77.6 8.03852
      vertex 50.6363 74.9 7.85989
      vertex 50.6363 77.6 7.85989
    endloop
  endfacet
  facet normal 0.195097 0 0.980784
    outer loop
      vertex 50.6363 74.9 7.85989
      vertex 49.7383 77.6 8.03852
      vertex 49.7383 74.9 8.03852
    endloop
  endfacet
  facet normal -0.831462 0 -0.555582
    outer loop
      vertex 57.6122 74.9 18.3
      vertex 57.1035 77.6 19.0613
      vertex 57.6122 77.6 18.3
    endloop
  endfacet
  facet normal -0.831462 -0 -0.555582
    outer loop
      vertex 57.1035 77.6 19.0613
      vertex 57.6122 74.9 18.3
      vertex 57.1035 74.9 19.0613
    endloop
  endfacet
  facet normal 0.195066 0 -0.98079
    outer loop
      vertex 49.7383 74.9 21.5615
      vertex 50.6363 77.6 21.7401
      vertex 50.6363 74.9 21.7401
    endloop
  endfacet
  facet normal 0.195066 0 -0.98079
    outer loop
      vertex 50.6363 77.6 21.7401
      vertex 49.7383 74.9 21.5615
      vertex 49.7383 77.6 21.5615
    endloop
  endfacet
  facet normal 0.946944 0 -0.3214
    outer loop
      vertex 45.0828 74.9 17.4788
      vertex 44.7885 77.6 16.6117
      vertex 45.0828 77.6 17.4788
    endloop
  endfacet
  facet normal 0.946944 0 -0.3214
    outer loop
      vertex 44.7885 77.6 16.6117
      vertex 45.0828 74.9 17.4788
      vertex 44.7885 74.9 16.6117
    endloop
  endfacet
  facet normal 0.831462 0 -0.555582
    outer loop
      vertex 45.9965 74.9 19.0613
      vertex 45.4878 77.6 18.3
      vertex 45.9965 77.6 19.0613
    endloop
  endfacet
  facet normal 0.831462 0 -0.555582
    outer loop
      vertex 45.4878 77.6 18.3
      vertex 45.9965 74.9 19.0613
      vertex 45.4878 74.9 18.3
    endloop
  endfacet
  facet normal 0.89686 0 -0.442314
    outer loop
      vertex 45.4878 74.9 18.3
      vertex 45.0828 77.6 17.4788
      vertex 45.4878 77.6 18.3
    endloop
  endfacet
  facet normal 0.89686 0 -0.442314
    outer loop
      vertex 45.0828 77.6 17.4788
      vertex 45.4878 74.9 18.3
      vertex 45.0828 74.9 17.4788
    endloop
  endfacet
  facet normal -0.89686 0 0.442314
    outer loop
      vertex 57.6122 74.9 11.3
      vertex 58.0172 77.6 12.1212
      vertex 57.6122 77.6 11.3
    endloop
  endfacet
  facet normal -0.89686 0 0.442314
    outer loop
      vertex 58.0172 77.6 12.1212
      vertex 57.6122 74.9 11.3
      vertex 58.0172 74.9 12.1212
    endloop
  endfacet
  facet normal -0.831462 0 0.555582
    outer loop
      vertex 57.1035 74.9 10.5387
      vertex 57.6122 77.6 11.3
      vertex 57.1035 77.6 10.5387
    endloop
  endfacet
  facet normal -0.831462 0 0.555582
    outer loop
      vertex 57.6122 77.6 11.3
      vertex 57.1035 74.9 10.5387
      vertex 57.6122 74.9 11.3
    endloop
  endfacet
  facet normal -0.751815 0 0.659374
    outer loop
      vertex 56.4997 74.9 9.85025
      vertex 57.1035 77.6 10.5387
      vertex 56.4997 77.6 9.85025
    endloop
  endfacet
  facet normal -0.751815 0 0.659374
    outer loop
      vertex 57.1035 77.6 10.5387
      vertex 56.4997 74.9 9.85025
      vertex 57.1035 74.9 10.5387
    endloop
  endfacet
  facet normal -0.0654063 0 0.997859
    outer loop
      vertex 51.55 77.6 7.8
      vertex 52.4637 74.9 7.85989
      vertex 52.4637 77.6 7.85989
    endloop
  endfacet
  facet normal -0.0654063 0 0.997859
    outer loop
      vertex 52.4637 74.9 7.85989
      vertex 51.55 77.6 7.8
      vertex 51.55 74.9 7.8
    endloop
  endfacet
  facet normal -0.442297 0 0.896869
    outer loop
      vertex 54.2288 77.6 8.33284
      vertex 55.05 74.9 8.73782
      vertex 55.05 77.6 8.73782
    endloop
  endfacet
  facet normal -0.442297 0 0.896869
    outer loop
      vertex 55.05 74.9 8.73782
      vertex 54.2288 77.6 8.33284
      vertex 54.2288 74.9 8.33284
    endloop
  endfacet
  facet normal 0 1 0
    outer loop
      vertex 52.4637 74.9 21.7401
      vertex 50.6363 74.9 21.7401
      vertex 51.55 74.9 21.8
    endloop
  endfacet
  facet normal 0 1 0
    outer loop
      vertex 53.3617 74.9 21.5615
      vertex 50.6363 74.9 21.7401
      vertex 52.4637 74.9 21.7401
    endloop
  endfacet
  facet normal 0 1 0
    outer loop
      vertex 53.3617 74.9 21.5615
      vertex 49.7383 74.9 21.5615
      vertex 50.6363 74.9 21.7401
    endloop
  endfacet
  facet normal 0 1 0
    outer loop
      vertex 54.2288 74.9 21.2672
      vertex 49.7383 74.9 21.5615
      vertex 53.3617 74.9 21.5615
    endloop
  endfacet
  facet normal 0 1 0
    outer loop
      vertex 54.2288 74.9 21.2672
      vertex 48.8712 74.9 21.2672
      vertex 49.7383 74.9 21.5615
    endloop
  endfacet
  facet normal 0 1 0
    outer loop
      vertex 55.05 74.9 20.8622
      vertex 48.8712 74.9 21.2672
      vertex 54.2288 74.9 21.2672
    endloop
  endfacet
  facet normal 0 1 0
    outer loop
      vertex 55.05 74.9 20.8622
      vertex 48.05 74.9 20.8622
      vertex 48.8712 74.9 21.2672
    endloop
  endfacet
  facet normal 0 1 0
    outer loop
      vertex 55.8113 74.9 20.3535
      vertex 48.05 74.9 20.8622
      vertex 55.05 74.9 20.8622
    endloop
  endfacet
  facet normal 0 1 0
    outer loop
      vertex 55.8113 74.9 20.3535
      vertex 47.2887 74.9 20.3535
      vertex 48.05 74.9 20.8622
    endloop
  endfacet
  facet normal 0 1 0
    outer loop
      vertex 56.4997 74.9 19.7497
      vertex 47.2887 74.9 20.3535
      vertex 55.8113 74.9 20.3535
    endloop
  endfacet
  facet normal 0 1 0
    outer loop
      vertex 56.4997 74.9 19.7497
      vertex 46.6003 74.9 19.7497
      vertex 47.2887 74.9 20.3535
    endloop
  endfacet
  facet normal 0 1 0
    outer loop
      vertex 57.1035 74.9 19.0613
      vertex 46.6003 74.9 19.7497
      vertex 56.4997 74.9 19.7497
    endloop
  endfacet
  facet normal 0 1 0
    outer loop
      vertex 57.1035 74.9 19.0613
      vertex 45.9965 74.9 19.0613
      vertex 46.6003 74.9 19.7497
    endloop
  endfacet
  facet normal 0 1 0
    outer loop
      vertex 57.6122 74.9 18.3
      vertex 45.9965 74.9 19.0613
      vertex 57.1035 74.9 19.0613
    endloop
  endfacet
  facet normal 0 1 0
    outer loop
      vertex 57.6122 74.9 18.3
      vertex 45.4878 74.9 18.3
      vertex 45.9965 74.9 19.0613
    endloop
  endfacet
  facet normal 0 1 0
    outer loop
      vertex 58.0172 74.9 17.4788
      vertex 45.4878 74.9 18.3
      vertex 57.6122 74.9 18.3
    endloop
  endfacet
  facet normal 0 1 0
    outer loop
      vertex 58.0172 74.9 17.4788
      vertex 45.0828 74.9 17.4788
      vertex 45.4878 74.9 18.3
    endloop
  endfacet
  facet normal 0 1 0
    outer loop
      vertex 58.3115 74.9 16.6117
      vertex 45.0828 74.9 17.4788
      vertex 58.0172 74.9 17.4788
    endloop
  endfacet
  facet normal 0 1 0
    outer loop
      vertex 58.3115 74.9 16.6117
      vertex 44.7885 74.9 16.6117
      vertex 45.0828 74.9 17.4788
    endloop
  endfacet
  facet normal 0 1 0
    outer loop
      vertex 58.4901 74.9 15.7137
      vertex 44.7885 74.9 16.6117
      vertex 58.3115 74.9 16.6117
    endloop
  endfacet
  facet normal 0 1 0
    outer loop
      vertex 58.4901 74.9 15.7137
      vertex 44.6099 74.9 15.7137
      vertex 44.7885 74.9 16.6117
    endloop
  endfacet
  facet normal 0 1 0
    outer loop
      vertex 58.55 74.9 14.8
      vertex 44.6099 74.9 15.7137
      vertex 58.4901 74.9 15.7137
    endloop
  endfacet
  facet normal 0 1 0
    outer loop
      vertex 58.55 74.9 14.8
      vertex 44.55 74.9 14.8
      vertex 44.6099 74.9 15.7137
    endloop
  endfacet
  facet normal 0 1 -0
    outer loop
      vertex 58.4901 74.9 13.8863
      vertex 44.55 74.9 14.8
      vertex 58.55 74.9 14.8
    endloop
  endfacet
  facet normal 0 1 0
    outer loop
      vertex 58.4901 74.9 13.8863
      vertex 44.6099 74.9 13.8863
      vertex 44.55 74.9 14.8
    endloop
  endfacet
  facet normal 0 1 -0
    outer loop
      vertex 58.3115 74.9 12.9883
      vertex 44.6099 74.9 13.8863
      vertex 58.4901 74.9 13.8863
    endloop
  endfacet
  facet normal 0 1 0
    outer loop
      vertex 58.3115 74.9 12.9883
      vertex 44.7885 74.9 12.9883
      vertex 44.6099 74.9 13.8863
    endloop
  endfacet
  facet normal 0 1 -0
    outer loop
      vertex 58.0172 74.9 12.1212
      vertex 44.7885 74.9 12.9883
      vertex 58.3115 74.9 12.9883
    endloop
  endfacet
  facet normal 0 1 0
    outer loop
      vertex 58.0172 74.9 12.1212
      vertex 45.0828 74.9 12.1212
      vertex 44.7885 74.9 12.9883
    endloop
  endfacet
  facet normal 0 1 -0
    outer loop
      vertex 57.6122 74.9 11.3
      vertex 45.0828 74.9 12.1212
      vertex 58.0172 74.9 12.1212
    endloop
  endfacet
  facet normal 0 1 0
    outer loop
      vertex 57.6122 74.9 11.3
      vertex 45.4878 74.9 11.3
      vertex 45.0828 74.9 12.1212
    endloop
  endfacet
  facet normal 0 1 -0
    outer loop
      vertex 57.1035 74.9 10.5387
      vertex 45.4878 74.9 11.3
      vertex 57.6122 74.9 11.3
    endloop
  endfacet
  facet normal 0 1 0
    outer loop
      vertex 57.1035 74.9 10.5387
      vertex 45.9965 74.9 10.5387
      vertex 45.4878 74.9 11.3
    endloop
  endfacet
  facet normal 0 1 -0
    outer loop
      vertex 56.4997 74.9 9.85025
      vertex 45.9965 74.9 10.5387
      vertex 57.1035 74.9 10.5387
    endloop
  endfacet
  facet normal 0 1 0
    outer loop
      vertex 56.4997 74.9 9.85025
      vertex 46.6003 74.9 9.85025
      vertex 45.9965 74.9 10.5387
    endloop
  endfacet
  facet normal 0 1 -0
    outer loop
      vertex 55.8113 74.9 9.24653
      vertex 46.6003 74.9 9.85025
      vertex 56.4997 74.9 9.85025
    endloop
  endfacet
  facet normal 0 1 0
    outer loop
      vertex 55.8113 74.9 9.24653
      vertex 47.2887 74.9 9.24653
      vertex 46.6003 74.9 9.85025
    endloop
  endfacet
  facet normal 0 1 -0
    outer loop
      vertex 55.05 74.9 8.73782
      vertex 47.2887 74.9 9.24653
      vertex 55.8113 74.9 9.24653
    endloop
  endfacet
  facet normal 0 1 0
    outer loop
      vertex 55.05 74.9 8.73782
      vertex 48.05 74.9 8.73782
      vertex 47.2887 74.9 9.24653
    endloop
  endfacet
  facet normal 0 1 -0
    outer loop
      vertex 54.2288 74.9 8.33284
      vertex 48.05 74.9 8.73782
      vertex 55.05 74.9 8.73782
    endloop
  endfacet
  facet normal 0 1 0
    outer loop
      vertex 54.2288 74.9 8.33284
      vertex 48.8712 74.9 8.33284
      vertex 48.05 74.9 8.73782
    endloop
  endfacet
  facet normal 0 1 -0
    outer loop
      vertex 53.3617 74.9 8.03852
      vertex 48.8712 74.9 8.33284
      vertex 54.2288 74.9 8.33284
    endloop
  endfacet
  facet normal 0 1 0
    outer loop
      vertex 53.3617 74.9 8.03852
      vertex 49.7383 74.9 8.03852
      vertex 48.8712 74.9 8.33284
    endloop
  endfacet
  facet normal 0 1 -0
    outer loop
      vertex 52.4637 74.9 7.85989
      vertex 49.7383 74.9 8.03852
      vertex 53.3617 74.9 8.03852
    endloop
  endfacet
  facet normal 0 1 0
    outer loop
      vertex 52.4637 74.9 7.85989
      vertex 50.6363 74.9 7.85989
      vertex 49.7383 74.9 8.03852
    endloop
  endfacet
  facet normal -0 1 0
    outer loop
      vertex 50.6363 74.9 7.85989
      vertex 52.4637 74.9 7.85989
      vertex 51.55 74.9 7.8
    endloop
  endfacet
  facet normal 0.946944 -0 0.3214
    outer loop
      vertex 44.7885 74.9 12.9883
      vertex 45.0828 77.6 12.1212
      vertex 44.7885 77.6 12.9883
    endloop
  endfacet
  facet normal 0.946944 0 0.3214
    outer loop
      vertex 45.0828 77.6 12.1212
      vertex 44.7885 74.9 12.9883
      vertex 45.0828 74.9 12.1212
    endloop
  endfacet
  facet normal 0.997858 -0 0.0654172
    outer loop
      vertex 44.55 74.9 14.8
      vertex 44.6099 77.6 13.8863
      vertex 44.55 77.6 14.8
    endloop
  endfacet
  facet normal 0.997858 0 0.0654172
    outer loop
      vertex 44.6099 77.6 13.8863
      vertex 44.55 74.9 14.8
      vertex 44.6099 74.9 13.8863
    endloop
  endfacet
  facet normal 0.659352 0 0.751835
    outer loop
      vertex 46.6003 77.6 9.85025
      vertex 47.2887 74.9 9.24653
      vertex 47.2887 77.6 9.24653
    endloop
  endfacet
  facet normal 0.659352 0 0.751835
    outer loop
      vertex 47.2887 74.9 9.24653
      vertex 46.6003 77.6 9.85025
      vertex 46.6003 74.9 9.85025
    endloop
  endfacet
  facet normal 0.321419 0 0.946937
    outer loop
      vertex 48.8712 77.6 8.33284
      vertex 49.7383 74.9 8.03852
      vertex 49.7383 77.6 8.03852
    endloop
  endfacet
  facet normal 0.321419 0 0.946937
    outer loop
      vertex 49.7383 74.9 8.03852
      vertex 48.8712 77.6 8.33284
      vertex 48.8712 74.9 8.33284
    endloop
  endfacet
  facet normal -0.442314 0 -0.89686
    outer loop
      vertex 54.2288 74.9 21.2672
      vertex 55.05 77.6 20.8622
      vertex 55.05 74.9 20.8622
    endloop
  endfacet
  facet normal -0.442314 0 -0.89686
    outer loop
      vertex 55.05 77.6 20.8622
      vertex 54.2288 74.9 21.2672
      vertex 54.2288 77.6 21.2672
    endloop
  endfacet
  facet normal -0.195066 0 -0.98079
    outer loop
      vertex 52.4637 74.9 21.7401
      vertex 53.3617 77.6 21.5615
      vertex 53.3617 74.9 21.5615
    endloop
  endfacet
  facet normal -0.195066 0 -0.98079
    outer loop
      vertex 53.3617 77.6 21.5615
      vertex 52.4637 74.9 21.7401
      vertex 52.4637 77.6 21.7401
    endloop
  endfacet
  facet normal -0.3214 0 -0.946944
    outer loop
      vertex 53.3617 74.9 21.5615
      vertex 54.2288 77.6 21.2672
      vertex 54.2288 74.9 21.2672
    endloop
  endfacet
  facet normal -0.3214 0 -0.946944
    outer loop
      vertex 54.2288 77.6 21.2672
      vertex 53.3617 74.9 21.5615
      vertex 53.3617 77.6 21.5615
    endloop
  endfacet
  facet normal -0.555582 0 -0.831462
    outer loop
      vertex 55.05 74.9 20.8622
      vertex 55.8113 77.6 20.3535
      vertex 55.8113 74.9 20.3535
    endloop
  endfacet
  facet normal -0.555582 0 -0.831462
    outer loop
      vertex 55.8113 77.6 20.3535
      vertex 55.05 74.9 20.8622
      vertex 55.05 77.6 20.8622
    endloop
  endfacet
  facet normal -0.751791 0 -0.659401
    outer loop
      vertex 57.1035 74.9 19.0613
      vertex 56.4997 77.6 19.7497
      vertex 57.1035 77.6 19.0613
    endloop
  endfacet
  facet normal -0.751791 -0 -0.659401
    outer loop
      vertex 56.4997 77.6 19.7497
      vertex 57.1035 74.9 19.0613
      vertex 56.4997 74.9 19.7497
    endloop
  endfacet
  facet normal -0.946944 0 -0.3214
    outer loop
      vertex 58.3115 74.9 16.6117
      vertex 58.0172 77.6 17.4788
      vertex 58.3115 77.6 16.6117
    endloop
  endfacet
  facet normal -0.946944 -0 -0.3214
    outer loop
      vertex 58.0172 77.6 17.4788
      vertex 58.3115 74.9 16.6117
      vertex 58.0172 74.9 17.4788
    endloop
  endfacet
  facet normal -0.997858 0 -0.0654172
    outer loop
      vertex 58.55 74.9 14.8
      vertex 58.4901 77.6 15.7137
      vertex 58.55 77.6 14.8
    endloop
  endfacet
  facet normal -0.997858 -0 -0.0654172
    outer loop
      vertex 58.4901 77.6 15.7137
      vertex 58.55 74.9 14.8
      vertex 58.4901 74.9 15.7137
    endloop
  endfacet
  facet normal 0.442314 0 -0.89686
    outer loop
      vertex 48.05 74.9 20.8622
      vertex 48.8712 77.6 21.2672
      vertex 48.8712 74.9 21.2672
    endloop
  endfacet
  facet normal 0.442314 0 -0.89686
    outer loop
      vertex 48.8712 77.6 21.2672
      vertex 48.05 74.9 20.8622
      vertex 48.05 77.6 20.8622
    endloop
  endfacet
  facet normal 0.555582 0 -0.831462
    outer loop
      vertex 47.2887 74.9 20.3535
      vertex 48.05 77.6 20.8622
      vertex 48.05 74.9 20.8622
    endloop
  endfacet
  facet normal 0.555582 0 -0.831462
    outer loop
      vertex 48.05 77.6 20.8622
      vertex 47.2887 74.9 20.3535
      vertex 47.2887 77.6 20.3535
    endloop
  endfacet
  facet normal 0.3214 0 -0.946944
    outer loop
      vertex 48.8712 74.9 21.2672
      vertex 49.7383 77.6 21.5615
      vertex 49.7383 74.9 21.5615
    endloop
  endfacet
  facet normal 0.3214 0 -0.946944
    outer loop
      vertex 49.7383 77.6 21.5615
      vertex 48.8712 74.9 21.2672
      vertex 48.8712 77.6 21.2672
    endloop
  endfacet
  facet normal -0.0654172 0 -0.997858
    outer loop
      vertex 51.55 74.9 21.8
      vertex 52.4637 77.6 21.7401
      vertex 52.4637 74.9 21.7401
    endloop
  endfacet
  facet normal -0.0654172 0 -0.997858
    outer loop
      vertex 52.4637 77.6 21.7401
      vertex 51.55 74.9 21.8
      vertex 51.55 77.6 21.8
    endloop
  endfacet
  facet normal 0.659401 0 -0.751791
    outer loop
      vertex 46.6003 74.9 19.7497
      vertex 47.2887 77.6 20.3535
      vertex 47.2887 74.9 20.3535
    endloop
  endfacet
  facet normal 0.659401 0 -0.751791
    outer loop
      vertex 47.2887 77.6 20.3535
      vertex 46.6003 74.9 19.7497
      vertex 46.6003 77.6 19.7497
    endloop
  endfacet
  facet normal 0.98079 0 -0.195066
    outer loop
      vertex 44.7885 74.9 16.6117
      vertex 44.6099 77.6 15.7137
      vertex 44.7885 77.6 16.6117
    endloop
  endfacet
  facet normal 0.98079 0 -0.195066
    outer loop
      vertex 44.6099 77.6 15.7137
      vertex 44.7885 74.9 16.6117
      vertex 44.6099 74.9 15.7137
    endloop
  endfacet
  facet normal -0.659401 0 -0.751791
    outer loop
      vertex 55.8113 74.9 20.3535
      vertex 56.4997 77.6 19.7497
      vertex 56.4997 74.9 19.7497
    endloop
  endfacet
  facet normal -0.659401 0 -0.751791
    outer loop
      vertex 56.4997 77.6 19.7497
      vertex 55.8113 74.9 20.3535
      vertex 55.8113 77.6 20.3535
    endloop
  endfacet
  facet normal -0.98079 0 -0.195066
    outer loop
      vertex 58.4901 74.9 15.7137
      vertex 58.3115 77.6 16.6117
      vertex 58.4901 77.6 15.7137
    endloop
  endfacet
  facet normal -0.98079 -0 -0.195066
    outer loop
      vertex 58.3115 77.6 16.6117
      vertex 58.4901 74.9 15.7137
      vertex 58.3115 74.9 16.6117
    endloop
  endfacet
  facet normal -0.89686 0 -0.442314
    outer loop
      vertex 58.0172 74.9 17.4788
      vertex 57.6122 77.6 18.3
      vertex 58.0172 77.6 17.4788
    endloop
  endfacet
  facet normal -0.89686 -0 -0.442314
    outer loop
      vertex 57.6122 77.6 18.3
      vertex 58.0172 74.9 17.4788
      vertex 57.6122 74.9 18.3
    endloop
  endfacet
  facet normal 0.0654172 0 -0.997858
    outer loop
      vertex 50.6363 74.9 21.7401
      vertex 51.55 77.6 21.8
      vertex 51.55 74.9 21.8
    endloop
  endfacet
  facet normal 0.0654172 0 -0.997858
    outer loop
      vertex 51.55 77.6 21.8
      vertex 50.6363 74.9 21.7401
      vertex 50.6363 77.6 21.7401
    endloop
  endfacet
  facet normal -0.55559 0 0.831457
    outer loop
      vertex 72.55 77.6 8.73782
      vertex 73.3113 74.9 9.24653
      vertex 73.3113 77.6 9.24653
    endloop
  endfacet
  facet normal -0.55559 0 0.831457
    outer loop
      vertex 73.3113 74.9 9.24653
      vertex 72.55 77.6 8.73782
      vertex 72.55 74.9 8.73782
    endloop
  endfacet
  facet normal 0.98079 -0 0.195066
    outer loop
      vertex 62.1099 74.9 13.8863
      vertex 62.2885 77.6 12.9883
      vertex 62.1099 77.6 13.8863
    endloop
  endfacet
  facet normal 0.98079 0 0.195066
    outer loop
      vertex 62.2885 77.6 12.9883
      vertex 62.1099 74.9 13.8863
      vertex 62.2885 74.9 12.9883
    endloop
  endfacet
  facet normal -0.997858 0 -0.0654172
    outer loop
      vertex 76.05 74.9 14.8
      vertex 75.9901 77.6 15.7137
      vertex 76.05 77.6 14.8
    endloop
  endfacet
  facet normal -0.997858 -0 -0.0654172
    outer loop
      vertex 75.9901 77.6 15.7137
      vertex 76.05 74.9 14.8
      vertex 75.9901 74.9 15.7137
    endloop
  endfacet
  facet normal -0.442297 0 0.896869
    outer loop
      vertex 71.7288 77.6 8.33284
      vertex 72.55 74.9 8.73782
      vertex 72.55 77.6 8.73782
    endloop
  endfacet
  facet normal -0.442297 0 0.896869
    outer loop
      vertex 72.55 74.9 8.73782
      vertex 71.7288 77.6 8.33284
      vertex 71.7288 74.9 8.33284
    endloop
  endfacet
  facet normal 0.442297 0 0.896869
    outer loop
      vertex 65.55 77.6 8.73782
      vertex 66.3712 74.9 8.33284
      vertex 66.3712 77.6 8.33284
    endloop
  endfacet
  facet normal 0.442297 0 0.896869
    outer loop
      vertex 66.3712 74.9 8.33284
      vertex 65.55 77.6 8.73782
      vertex 65.55 74.9 8.73782
    endloop
  endfacet
  facet normal 0.946944 -0 0.3214
    outer loop
      vertex 62.2885 74.9 12.9883
      vertex 62.5828 77.6 12.1212
      vertex 62.2885 77.6 12.9883
    endloop
  endfacet
  facet normal 0.946944 0 0.3214
    outer loop
      vertex 62.5828 77.6 12.1212
      vertex 62.2885 74.9 12.9883
      vertex 62.5828 74.9 12.1212
    endloop
  endfacet
  facet normal 0.831462 0 -0.555582
    outer loop
      vertex 63.4965 74.9 19.0613
      vertex 62.9878 77.6 18.3
      vertex 63.4965 77.6 19.0613
    endloop
  endfacet
  facet normal 0.831462 0 -0.555582
    outer loop
      vertex 62.9878 77.6 18.3
      vertex 63.4965 74.9 19.0613
      vertex 62.9878 74.9 18.3
    endloop
  endfacet
  facet normal -0.946944 0 0.3214
    outer loop
      vertex 75.5172 74.9 12.1212
      vertex 75.8115 77.6 12.9883
      vertex 75.5172 77.6 12.1212
    endloop
  endfacet
  facet normal -0.946944 0 0.3214
    outer loop
      vertex 75.8115 77.6 12.9883
      vertex 75.5172 74.9 12.1212
      vertex 75.8115 74.9 12.9883
    endloop
  endfacet
  facet normal -0.659352 0 0.751835
    outer loop
      vertex 73.3113 77.6 9.24653
      vertex 73.9997 74.9 9.85025
      vertex 73.9997 77.6 9.85025
    endloop
  endfacet
  facet normal -0.659352 0 0.751835
    outer loop
      vertex 73.9997 74.9 9.85025
      vertex 73.3113 77.6 9.24653
      vertex 73.3113 74.9 9.24653
    endloop
  endfacet
  facet normal -0.321419 0 0.946937
    outer loop
      vertex 70.8617 77.6 8.03852
      vertex 71.7288 74.9 8.33284
      vertex 71.7288 77.6 8.33284
    endloop
  endfacet
  facet normal -0.321419 0 0.946937
    outer loop
      vertex 71.7288 74.9 8.33284
      vertex 70.8617 77.6 8.03852
      vertex 70.8617 74.9 8.03852
    endloop
  endfacet
  facet normal -0.195097 0 0.980784
    outer loop
      vertex 69.9637 77.6 7.85989
      vertex 70.8617 74.9 8.03852
      vertex 70.8617 77.6 8.03852
    endloop
  endfacet
  facet normal -0.195097 0 0.980784
    outer loop
      vertex 70.8617 74.9 8.03852
      vertex 69.9637 77.6 7.85989
      vertex 69.9637 74.9 7.85989
    endloop
  endfacet
  facet normal 0 1 0
    outer loop
      vertex 69.9637 74.9 21.7401
      vertex 68.1363 74.9 21.7401
      vertex 69.05 74.9 21.8
    endloop
  endfacet
  facet normal 0 1 0
    outer loop
      vertex 70.8617 74.9 21.5615
      vertex 68.1363 74.9 21.7401
      vertex 69.9637 74.9 21.7401
    endloop
  endfacet
  facet normal 0 1 0
    outer loop
      vertex 70.8617 74.9 21.5615
      vertex 67.2383 74.9 21.5615
      vertex 68.1363 74.9 21.7401
    endloop
  endfacet
  facet normal 0 1 0
    outer loop
      vertex 71.7288 74.9 21.2672
      vertex 67.2383 74.9 21.5615
      vertex 70.8617 74.9 21.5615
    endloop
  endfacet
  facet normal 0 1 0
    outer loop
      vertex 71.7288 74.9 21.2672
      vertex 66.3712 74.9 21.2672
      vertex 67.2383 74.9 21.5615
    endloop
  endfacet
  facet normal 0 1 0
    outer loop
      vertex 72.55 74.9 20.8622
      vertex 66.3712 74.9 21.2672
      vertex 71.7288 74.9 21.2672
    endloop
  endfacet
  facet normal 0 1 0
    outer loop
      vertex 72.55 74.9 20.8622
      vertex 65.55 74.9 20.8622
      vertex 66.3712 74.9 21.2672
    endloop
  endfacet
  facet normal 0 1 0
    outer loop
      vertex 73.3113 74.9 20.3535
      vertex 65.55 74.9 20.8622
      vertex 72.55 74.9 20.8622
    endloop
  endfacet
  facet normal 0 1 0
    outer loop
      vertex 73.3113 74.9 20.3535
      vertex 64.7887 74.9 20.3535
      vertex 65.55 74.9 20.8622
    endloop
  endfacet
  facet normal 0 1 0
    outer loop
      vertex 73.9997 74.9 19.7497
      vertex 64.7887 74.9 20.3535
      vertex 73.3113 74.9 20.3535
    endloop
  endfacet
  facet normal 0 1 0
    outer loop
      vertex 73.9997 74.9 19.7497
      vertex 64.1003 74.9 19.7497
      vertex 64.7887 74.9 20.3535
    endloop
  endfacet
  facet normal 0 1 0
    outer loop
      vertex 74.6035 74.9 19.0613
      vertex 64.1003 74.9 19.7497
      vertex 73.9997 74.9 19.7497
    endloop
  endfacet
  facet normal 0 1 0
    outer loop
      vertex 74.6035 74.9 19.0613
      vertex 63.4965 74.9 19.0613
      vertex 64.1003 74.9 19.7497
    endloop
  endfacet
  facet normal 0 1 0
    outer loop
      vertex 75.1122 74.9 18.3
      vertex 63.4965 74.9 19.0613
      vertex 74.6035 74.9 19.0613
    endloop
  endfacet
  facet normal 0 1 0
    outer loop
      vertex 75.1122 74.9 18.3
      vertex 62.9878 74.9 18.3
      vertex 63.4965 74.9 19.0613
    endloop
  endfacet
  facet normal 0 1 0
    outer loop
      vertex 75.5172 74.9 17.4788
      vertex 62.9878 74.9 18.3
      vertex 75.1122 74.9 18.3
    endloop
  endfacet
  facet normal 0 1 0
    outer loop
      vertex 75.5172 74.9 17.4788
      vertex 62.5828 74.9 17.4788
      vertex 62.9878 74.9 18.3
    endloop
  endfacet
  facet normal 0 1 0
    outer loop
      vertex 75.8115 74.9 16.6117
      vertex 62.5828 74.9 17.4788
      vertex 75.5172 74.9 17.4788
    endloop
  endfacet
  facet normal 0 1 0
    outer loop
      vertex 75.8115 74.9 16.6117
      vertex 62.2885 74.9 16.6117
      vertex 62.5828 74.9 17.4788
    endloop
  endfacet
  facet normal 0 1 0
    outer loop
      vertex 75.9901 74.9 15.7137
      vertex 62.2885 74.9 16.6117
      vertex 75.8115 74.9 16.6117
    endloop
  endfacet
  facet normal 0 1 0
    outer loop
      vertex 75.9901 74.9 15.7137
      vertex 62.1099 74.9 15.7137
      vertex 62.2885 74.9 16.6117
    endloop
  endfacet
  facet normal 0 1 0
    outer loop
      vertex 76.05 74.9 14.8
      vertex 62.1099 74.9 15.7137
      vertex 75.9901 74.9 15.7137
    endloop
  endfacet
  facet normal 0 1 0
    outer loop
      vertex 76.05 74.9 14.8
      vertex 62.05 74.9 14.8
      vertex 62.1099 74.9 15.7137
    endloop
  endfacet
  facet normal 0 1 -0
    outer loop
      vertex 75.9901 74.9 13.8863
      vertex 62.05 74.9 14.8
      vertex 76.05 74.9 14.8
    endloop
  endfacet
  facet normal 0 1 0
    outer loop
      vertex 75.9901 74.9 13.8863
      vertex 62.1099 74.9 13.8863
      vertex 62.05 74.9 14.8
    endloop
  endfacet
  facet normal 0 1 -0
    outer loop
      vertex 75.8115 74.9 12.9883
      vertex 62.1099 74.9 13.8863
      vertex 75.9901 74.9 13.8863
    endloop
  endfacet
  facet normal 0 1 0
    outer loop
      vertex 75.8115 74.9 12.9883
      vertex 62.2885 74.9 12.9883
      vertex 62.1099 74.9 13.8863
    endloop
  endfacet
  facet normal 0 1 -0
    outer loop
      vertex 75.5172 74.9 12.1212
      vertex 62.2885 74.9 12.9883
      vertex 75.8115 74.9 12.9883
    endloop
  endfacet
  facet normal 0 1 0
    outer loop
      vertex 75.5172 74.9 12.1212
      vertex 62.5828 74.9 12.1212
      vertex 62.2885 74.9 12.9883
    endloop
  endfacet
  facet normal 0 1 -0
    outer loop
      vertex 75.1122 74.9 11.3
      vertex 62.5828 74.9 12.1212
      vertex 75.5172 74.9 12.1212
    endloop
  endfacet
  facet normal 0 1 0
    outer loop
      vertex 75.1122 74.9 11.3
      vertex 62.9878 74.9 11.3
      vertex 62.5828 74.9 12.1212
    endloop
  endfacet
  facet normal 0 1 -0
    outer loop
      vertex 74.6035 74.9 10.5387
      vertex 62.9878 74.9 11.3
      vertex 75.1122 74.9 11.3
    endloop
  endfacet
  facet normal 0 1 0
    outer loop
      vertex 74.6035 74.9 10.5387
      vertex 63.4965 74.9 10.5387
      vertex 62.9878 74.9 11.3
    endloop
  endfacet
  facet normal 0 1 -0
    outer loop
      vertex 73.9997 74.9 9.85025
      vertex 63.4965 74.9 10.5387
      vertex 74.6035 74.9 10.5387
    endloop
  endfacet
  facet normal 0 1 0
    outer loop
      vertex 73.9997 74.9 9.85025
      vertex 64.1003 74.9 9.85025
      vertex 63.4965 74.9 10.5387
    endloop
  endfacet
  facet normal 0 1 -0
    outer loop
      vertex 73.3113 74.9 9.24653
      vertex 64.1003 74.9 9.85025
      vertex 73.9997 74.9 9.85025
    endloop
  endfacet
  facet normal 0 1 0
    outer loop
      vertex 73.3113 74.9 9.24653
      vertex 64.7887 74.9 9.24653
      vertex 64.1003 74.9 9.85025
    endloop
  endfacet
  facet normal 0 1 -0
    outer loop
      vertex 72.55 74.9 8.73782
      vertex 64.7887 74.9 9.24653
      vertex 73.3113 74.9 9.24653
    endloop
  endfacet
  facet normal 0 1 0
    outer loop
      vertex 72.55 74.9 8.73782
      vertex 65.55 74.9 8.73782
      vertex 64.7887 74.9 9.24653
    endloop
  endfacet
  facet normal 0 1 -0
    outer loop
      vertex 71.7288 74.9 8.33284
      vertex 65.55 74.9 8.73782
      vertex 72.55 74.9 8.73782
    endloop
  endfacet
  facet normal 0 1 0
    outer loop
      vertex 71.7288 74.9 8.33284
      vertex 66.3712 74.9 8.33284
      vertex 65.55 74.9 8.73782
    endloop
  endfacet
  facet normal 0 1 -0
    outer loop
      vertex 70.8617 74.9 8.03852
      vertex 66.3712 74.9 8.33284
      vertex 71.7288 74.9 8.33284
    endloop
  endfacet
  facet normal 0 1 0
    outer loop
      vertex 70.8617 74.9 8.03852
      vertex 67.2383 74.9 8.03852
      vertex 66.3712 74.9 8.33284
    endloop
  endfacet
  facet normal 0 1 -0
    outer loop
      vertex 69.9637 74.9 7.85989
      vertex 67.2383 74.9 8.03852
      vertex 70.8617 74.9 8.03852
    endloop
  endfacet
  facet normal 0 1 0
    outer loop
      vertex 69.9637 74.9 7.85989
      vertex 68.1363 74.9 7.85989
      vertex 67.2383 74.9 8.03852
    endloop
  endfacet
  facet normal -0 1 0
    outer loop
      vertex 68.1363 74.9 7.85989
      vertex 69.9637 74.9 7.85989
      vertex 69.05 74.9 7.8
    endloop
  endfacet
  facet normal 0.997858 0 -0.0654172
    outer loop
      vertex 62.1099 74.9 15.7137
      vertex 62.05 77.6 14.8
      vertex 62.1099 77.6 15.7137
    endloop
  endfacet
  facet normal 0.997858 0 -0.0654172
    outer loop
      vertex 62.05 77.6 14.8
      vertex 62.1099 74.9 15.7137
      vertex 62.05 74.9 14.8
    endloop
  endfacet
  facet normal 0.831462 -0 0.555582
    outer loop
      vertex 62.9878 74.9 11.3
      vertex 63.4965 77.6 10.5387
      vertex 62.9878 77.6 11.3
    endloop
  endfacet
  facet normal 0.831462 0 0.555582
    outer loop
      vertex 63.4965 77.6 10.5387
      vertex 62.9878 74.9 11.3
      vertex 63.4965 74.9 10.5387
    endloop
  endfacet
  facet normal 0.55559 0 0.831457
    outer loop
      vertex 64.7887 77.6 9.24653
      vertex 65.55 74.9 8.73782
      vertex 65.55 77.6 8.73782
    endloop
  endfacet
  facet normal 0.55559 0 0.831457
    outer loop
      vertex 65.55 74.9 8.73782
      vertex 64.7887 77.6 9.24653
      vertex 64.7887 74.9 9.24653
    endloop
  endfacet
  facet normal 0.195097 0 0.980784
    outer loop
      vertex 67.2383 77.6 8.03852
      vertex 68.1363 74.9 7.85989
      vertex 68.1363 77.6 7.85989
    endloop
  endfacet
  facet normal 0.195097 0 0.980784
    outer loop
      vertex 68.1363 74.9 7.85989
      vertex 67.2383 77.6 8.03852
      vertex 67.2383 74.9 8.03852
    endloop
  endfacet
  facet normal 0.659352 0 0.751835
    outer loop
      vertex 64.1003 77.6 9.85025
      vertex 64.7887 74.9 9.24653
      vertex 64.7887 77.6 9.24653
    endloop
  endfacet
  facet normal 0.659352 0 0.751835
    outer loop
      vertex 64.7887 74.9 9.24653
      vertex 64.1003 77.6 9.85025
      vertex 64.1003 74.9 9.85025
    endloop
  endfacet
  facet normal -0.997858 0 0.0654172
    outer loop
      vertex 75.9901 74.9 13.8863
      vertex 76.05 77.6 14.8
      vertex 75.9901 77.6 13.8863
    endloop
  endfacet
  facet normal -0.997858 0 0.0654172
    outer loop
      vertex 76.05 77.6 14.8
      vertex 75.9901 74.9 13.8863
      vertex 76.05 74.9 14.8
    endloop
  endfacet
  facet normal -0.442314 0 -0.89686
    outer loop
      vertex 71.7288 74.9 21.2672
      vertex 72.55 77.6 20.8622
      vertex 72.55 74.9 20.8622
    endloop
  endfacet
  facet normal -0.442314 0 -0.89686
    outer loop
      vertex 72.55 77.6 20.8622
      vertex 71.7288 74.9 21.2672
      vertex 71.7288 77.6 21.2672
    endloop
  endfacet
  facet normal -0.831462 0 -0.555582
    outer loop
      vertex 75.1122 74.9 18.3
      vertex 74.6035 77.6 19.0613
      vertex 75.1122 77.6 18.3
    endloop
  endfacet
  facet normal -0.831462 -0 -0.555582
    outer loop
      vertex 74.6035 77.6 19.0613
      vertex 75.1122 74.9 18.3
      vertex 74.6035 74.9 19.0613
    endloop
  endfacet
  facet normal 0.3214 0 -0.946944
    outer loop
      vertex 66.3712 74.9 21.2672
      vertex 67.2383 77.6 21.5615
      vertex 67.2383 74.9 21.5615
    endloop
  endfacet
  facet normal 0.3214 0 -0.946944
    outer loop
      vertex 67.2383 77.6 21.5615
      vertex 66.3712 74.9 21.2672
      vertex 66.3712 77.6 21.2672
    endloop
  endfacet
  facet normal 0.442314 0 -0.89686
    outer loop
      vertex 65.55 74.9 20.8622
      vertex 66.3712 77.6 21.2672
      vertex 66.3712 74.9 21.2672
    endloop
  endfacet
  facet normal 0.442314 0 -0.89686
    outer loop
      vertex 66.3712 77.6 21.2672
      vertex 65.55 74.9 20.8622
      vertex 65.55 77.6 20.8622
    endloop
  endfacet
  facet normal -0.98079 0 0.195066
    outer loop
      vertex 75.8115 74.9 12.9883
      vertex 75.9901 77.6 13.8863
      vertex 75.8115 77.6 12.9883
    endloop
  endfacet
  facet normal -0.98079 0 0.195066
    outer loop
      vertex 75.9901 77.6 13.8863
      vertex 75.8115 74.9 12.9883
      vertex 75.9901 74.9 13.8863
    endloop
  endfacet
  facet normal -0.89686 0 0.442314
    outer loop
      vertex 75.1122 74.9 11.3
      vertex 75.5172 77.6 12.1212
      vertex 75.1122 77.6 11.3
    endloop
  endfacet
  facet normal -0.89686 0 0.442314
    outer loop
      vertex 75.5172 77.6 12.1212
      vertex 75.1122 74.9 11.3
      vertex 75.5172 74.9 12.1212
    endloop
  endfacet
  facet normal -0.831462 0 0.555582
    outer loop
      vertex 74.6035 74.9 10.5387
      vertex 75.1122 77.6 11.3
      vertex 74.6035 77.6 10.5387
    endloop
  endfacet
  facet normal -0.831462 0 0.555582
    outer loop
      vertex 75.1122 77.6 11.3
      vertex 74.6035 74.9 10.5387
      vertex 75.1122 74.9 11.3
    endloop
  endfacet
  facet normal -0.751815 0 0.659374
    outer loop
      vertex 73.9997 74.9 9.85025
      vertex 74.6035 77.6 10.5387
      vertex 73.9997 77.6 9.85025
    endloop
  endfacet
  facet normal -0.751815 0 0.659374
    outer loop
      vertex 74.6035 77.6 10.5387
      vertex 73.9997 74.9 9.85025
      vertex 74.6035 74.9 10.5387
    endloop
  endfacet
  facet normal 0.0654063 0 0.997859
    outer loop
      vertex 68.1363 77.6 7.85989
      vertex 69.05 74.9 7.8
      vertex 69.05 77.6 7.8
    endloop
  endfacet
  facet normal 0.0654063 0 0.997859
    outer loop
      vertex 69.05 74.9 7.8
      vertex 68.1363 77.6 7.85989
      vertex 68.1363 74.9 7.85989
    endloop
  endfacet
  facet normal 0.89686 -0 0.442314
    outer loop
      vertex 62.5828 74.9 12.1212
      vertex 62.9878 77.6 11.3
      vertex 62.5828 77.6 12.1212
    endloop
  endfacet
  facet normal 0.89686 0 0.442314
    outer loop
      vertex 62.9878 77.6 11.3
      vertex 62.5828 74.9 12.1212
      vertex 62.9878 74.9 11.3
    endloop
  endfacet
  facet normal 0.321419 0 0.946937
    outer loop
      vertex 66.3712 77.6 8.33284
      vertex 67.2383 74.9 8.03852
      vertex 67.2383 77.6 8.03852
    endloop
  endfacet
  facet normal 0.321419 0 0.946937
    outer loop
      vertex 67.2383 74.9 8.03852
      vertex 66.3712 77.6 8.33284
      vertex 66.3712 74.9 8.33284
    endloop
  endfacet
  facet normal 0.751815 -0 0.659374
    outer loop
      vertex 63.4965 74.9 10.5387
      vertex 64.1003 77.6 9.85025
      vertex 63.4965 77.6 10.5387
    endloop
  endfacet
  facet normal 0.751815 0 0.659374
    outer loop
      vertex 64.1003 77.6 9.85025
      vertex 63.4965 74.9 10.5387
      vertex 64.1003 74.9 9.85025
    endloop
  endfacet
  facet normal -0.195066 0 -0.98079
    outer loop
      vertex 69.9637 74.9 21.7401
      vertex 70.8617 77.6 21.5615
      vertex 70.8617 74.9 21.5615
    endloop
  endfacet
  facet normal -0.195066 0 -0.98079
    outer loop
      vertex 70.8617 77.6 21.5615
      vertex 69.9637 74.9 21.7401
      vertex 69.9637 77.6 21.7401
    endloop
  endfacet
  facet normal -0.98079 0 -0.195066
    outer loop
      vertex 75.9901 74.9 15.7137
      vertex 75.8115 77.6 16.6117
      vertex 75.9901 77.6 15.7137
    endloop
  endfacet
  facet normal -0.98079 -0 -0.195066
    outer loop
      vertex 75.8115 77.6 16.6117
      vertex 75.9901 74.9 15.7137
      vertex 75.8115 74.9 16.6117
    endloop
  endfacet
  facet normal -0.946944 0 -0.3214
    outer loop
      vertex 75.8115 74.9 16.6117
      vertex 75.5172 77.6 17.4788
      vertex 75.8115 77.6 16.6117
    endloop
  endfacet
  facet normal -0.946944 -0 -0.3214
    outer loop
      vertex 75.5172 77.6 17.4788
      vertex 75.8115 74.9 16.6117
      vertex 75.5172 74.9 17.4788
    endloop
  endfacet
  facet normal -0.3214 0 -0.946944
    outer loop
      vertex 70.8617 74.9 21.5615
      vertex 71.7288 77.6 21.2672
      vertex 71.7288 74.9 21.2672
    endloop
  endfacet
  facet normal -0.3214 0 -0.946944
    outer loop
      vertex 71.7288 77.6 21.2672
      vertex 70.8617 74.9 21.5615
      vertex 70.8617 77.6 21.5615
    endloop
  endfacet
  facet normal -0.555582 0 -0.831462
    outer loop
      vertex 72.55 74.9 20.8622
      vertex 73.3113 77.6 20.3535
      vertex 73.3113 74.9 20.3535
    endloop
  endfacet
  facet normal -0.555582 0 -0.831462
    outer loop
      vertex 73.3113 77.6 20.3535
      vertex 72.55 74.9 20.8622
      vertex 72.55 77.6 20.8622
    endloop
  endfacet
  facet normal -0.751791 0 -0.659401
    outer loop
      vertex 74.6035 74.9 19.0613
      vertex 73.9997 77.6 19.7497
      vertex 74.6035 77.6 19.0613
    endloop
  endfacet
  facet normal -0.751791 -0 -0.659401
    outer loop
      vertex 73.9997 77.6 19.7497
      vertex 74.6035 74.9 19.0613
      vertex 73.9997 74.9 19.7497
    endloop
  endfacet
  facet normal -0.0654172 0 -0.997858
    outer loop
      vertex 69.05 74.9 21.8
      vertex 69.9637 77.6 21.7401
      vertex 69.9637 74.9 21.7401
    endloop
  endfacet
  facet normal -0.0654172 0 -0.997858
    outer loop
      vertex 69.9637 77.6 21.7401
      vertex 69.05 74.9 21.8
      vertex 69.05 77.6 21.8
    endloop
  endfacet
  facet normal 0.195066 0 -0.98079
    outer loop
      vertex 67.2383 74.9 21.5615
      vertex 68.1363 77.6 21.7401
      vertex 68.1363 74.9 21.7401
    endloop
  endfacet
  facet normal 0.195066 0 -0.98079
    outer loop
      vertex 68.1363 77.6 21.7401
      vertex 67.2383 74.9 21.5615
      vertex 67.2383 77.6 21.5615
    endloop
  endfacet
  facet normal 0.0654172 0 -0.997858
    outer loop
      vertex 68.1363 74.9 21.7401
      vertex 69.05 77.6 21.8
      vertex 69.05 74.9 21.8
    endloop
  endfacet
  facet normal 0.0654172 0 -0.997858
    outer loop
      vertex 69.05 77.6 21.8
      vertex 68.1363 74.9 21.7401
      vertex 68.1363 77.6 21.7401
    endloop
  endfacet
  facet normal 0.555582 0 -0.831462
    outer loop
      vertex 64.7887 74.9 20.3535
      vertex 65.55 77.6 20.8622
      vertex 65.55 74.9 20.8622
    endloop
  endfacet
  facet normal 0.555582 0 -0.831462
    outer loop
      vertex 65.55 77.6 20.8622
      vertex 64.7887 74.9 20.3535
      vertex 64.7887 77.6 20.3535
    endloop
  endfacet
  facet normal 0.89686 0 -0.442314
    outer loop
      vertex 62.9878 74.9 18.3
      vertex 62.5828 77.6 17.4788
      vertex 62.9878 77.6 18.3
    endloop
  endfacet
  facet normal 0.89686 0 -0.442314
    outer loop
      vertex 62.5828 77.6 17.4788
      vertex 62.9878 74.9 18.3
      vertex 62.5828 74.9 17.4788
    endloop
  endfacet
  facet normal 0.98079 0 -0.195066
    outer loop
      vertex 62.2885 74.9 16.6117
      vertex 62.1099 77.6 15.7137
      vertex 62.2885 77.6 16.6117
    endloop
  endfacet
  facet normal 0.98079 0 -0.195066
    outer loop
      vertex 62.1099 77.6 15.7137
      vertex 62.2885 74.9 16.6117
      vertex 62.1099 74.9 15.7137
    endloop
  endfacet
  facet normal 0.751791 0 -0.659401
    outer loop
      vertex 64.1003 74.9 19.7497
      vertex 63.4965 77.6 19.0613
      vertex 64.1003 77.6 19.7497
    endloop
  endfacet
  facet normal 0.751791 0 -0.659401
    outer loop
      vertex 63.4965 77.6 19.0613
      vertex 64.1003 74.9 19.7497
      vertex 63.4965 74.9 19.0613
    endloop
  endfacet
  facet normal 0.659401 0 -0.751791
    outer loop
      vertex 64.1003 74.9 19.7497
      vertex 64.7887 77.6 20.3535
      vertex 64.7887 74.9 20.3535
    endloop
  endfacet
  facet normal 0.659401 0 -0.751791
    outer loop
      vertex 64.7887 77.6 20.3535
      vertex 64.1003 74.9 19.7497
      vertex 64.1003 77.6 19.7497
    endloop
  endfacet
  facet normal -0.0654063 0 0.997859
    outer loop
      vertex 69.05 77.6 7.8
      vertex 69.9637 74.9 7.85989
      vertex 69.9637 77.6 7.85989
    endloop
  endfacet
  facet normal -0.0654063 0 0.997859
    outer loop
      vertex 69.9637 74.9 7.85989
      vertex 69.05 77.6 7.8
      vertex 69.05 74.9 7.8
    endloop
  endfacet
  facet normal 0.997858 -0 0.0654172
    outer loop
      vertex 62.05 74.9 14.8
      vertex 62.1099 77.6 13.8863
      vertex 62.05 77.6 14.8
    endloop
  endfacet
  facet normal 0.997858 0 0.0654172
    outer loop
      vertex 62.1099 77.6 13.8863
      vertex 62.05 74.9 14.8
      vertex 62.1099 74.9 13.8863
    endloop
  endfacet
  facet normal -0.89686 0 -0.442314
    outer loop
      vertex 75.5172 74.9 17.4788
      vertex 75.1122 77.6 18.3
      vertex 75.5172 77.6 17.4788
    endloop
  endfacet
  facet normal -0.89686 -0 -0.442314
    outer loop
      vertex 75.1122 77.6 18.3
      vertex 75.5172 74.9 17.4788
      vertex 75.1122 74.9 18.3
    endloop
  endfacet
  facet normal -0.659401 0 -0.751791
    outer loop
      vertex 73.3113 74.9 20.3535
      vertex 73.9997 77.6 19.7497
      vertex 73.9997 74.9 19.7497
    endloop
  endfacet
  facet normal -0.659401 0 -0.751791
    outer loop
      vertex 73.9997 77.6 19.7497
      vertex 73.3113 74.9 20.3535
      vertex 73.3113 77.6 20.3535
    endloop
  endfacet
  facet normal 0.946944 0 -0.3214
    outer loop
      vertex 62.5828 74.9 17.4788
      vertex 62.2885 77.6 16.6117
      vertex 62.5828 77.6 17.4788
    endloop
  endfacet
  facet normal 0.946944 0 -0.3214
    outer loop
      vertex 62.2885 77.6 16.6117
      vertex 62.5828 74.9 17.4788
      vertex 62.2885 74.9 16.6117
    endloop
  endfacet
  facet normal -0.997858 0 0.0654172
    outer loop
      vertex 93.4901 74.9 13.8863
      vertex 93.55 77.6 14.8
      vertex 93.4901 77.6 13.8863
    endloop
  endfacet
  facet normal -0.997858 0 0.0654172
    outer loop
      vertex 93.55 77.6 14.8
      vertex 93.4901 74.9 13.8863
      vertex 93.55 74.9 14.8
    endloop
  endfacet
  facet normal 0.0654063 0 0.997859
    outer loop
      vertex 85.6363 77.6 7.85989
      vertex 86.55 74.9 7.8
      vertex 86.55 77.6 7.8
    endloop
  endfacet
  facet normal 0.0654063 0 0.997859
    outer loop
      vertex 86.55 74.9 7.8
      vertex 85.6363 77.6 7.85989
      vertex 85.6363 74.9 7.85989
    endloop
  endfacet
  facet normal -0.659352 0 0.751835
    outer loop
      vertex 90.8113 77.6 9.24653
      vertex 91.4997 74.9 9.85025
      vertex 91.4997 77.6 9.85025
    endloop
  endfacet
  facet normal -0.659352 0 0.751835
    outer loop
      vertex 91.4997 74.9 9.85025
      vertex 90.8113 77.6 9.24653
      vertex 90.8113 74.9 9.24653
    endloop
  endfacet
  facet normal 0.751815 -0 0.659374
    outer loop
      vertex 80.9965 74.9 10.5387
      vertex 81.6003 77.6 9.85025
      vertex 80.9965 77.6 10.5387
    endloop
  endfacet
  facet normal 0.751815 0 0.659374
    outer loop
      vertex 81.6003 77.6 9.85025
      vertex 80.9965 74.9 10.5387
      vertex 81.6003 74.9 9.85025
    endloop
  endfacet
  facet normal 0.442297 0 0.896869
    outer loop
      vertex 83.05 77.6 8.73782
      vertex 83.8712 74.9 8.33284
      vertex 83.8712 77.6 8.33284
    endloop
  endfacet
  facet normal 0.442297 0 0.896869
    outer loop
      vertex 83.8712 74.9 8.33284
      vertex 83.05 77.6 8.73782
      vertex 83.05 74.9 8.73782
    endloop
  endfacet
  facet normal -0.89686 0 0.442314
    outer loop
      vertex 92.6122 74.9 11.3
      vertex 93.0172 77.6 12.1212
      vertex 92.6122 77.6 11.3
    endloop
  endfacet
  facet normal -0.89686 0 0.442314
    outer loop
      vertex 93.0172 77.6 12.1212
      vertex 92.6122 74.9 11.3
      vertex 93.0172 74.9 12.1212
    endloop
  endfacet
  facet normal -0.98079 0 0.195066
    outer loop
      vertex 93.3115 74.9 12.9883
      vertex 93.4901 77.6 13.8863
      vertex 93.3115 77.6 12.9883
    endloop
  endfacet
  facet normal -0.98079 0 0.195066
    outer loop
      vertex 93.4901 77.6 13.8863
      vertex 93.3115 74.9 12.9883
      vertex 93.4901 74.9 13.8863
    endloop
  endfacet
  facet normal -0.321419 0 0.946937
    outer loop
      vertex 88.3617 77.6 8.03852
      vertex 89.2288 74.9 8.33284
      vertex 89.2288 77.6 8.33284
    endloop
  endfacet
  facet normal -0.321419 0 0.946937
    outer loop
      vertex 89.2288 74.9 8.33284
      vertex 88.3617 77.6 8.03852
      vertex 88.3617 74.9 8.03852
    endloop
  endfacet
  facet normal -0.195097 0 0.980784
    outer loop
      vertex 87.4637 77.6 7.85989
      vertex 88.3617 74.9 8.03852
      vertex 88.3617 77.6 8.03852
    endloop
  endfacet
  facet normal -0.195097 0 0.980784
    outer loop
      vertex 88.3617 74.9 8.03852
      vertex 87.4637 77.6 7.85989
      vertex 87.4637 74.9 7.85989
    endloop
  endfacet
  facet normal -0.442297 0 0.896869
    outer loop
      vertex 89.2288 77.6 8.33284
      vertex 90.05 74.9 8.73782
      vertex 90.05 77.6 8.73782
    endloop
  endfacet
  facet normal -0.442297 0 0.896869
    outer loop
      vertex 90.05 74.9 8.73782
      vertex 89.2288 77.6 8.33284
      vertex 89.2288 74.9 8.33284
    endloop
  endfacet
  facet normal 0.89686 -0 0.442314
    outer loop
      vertex 80.0828 74.9 12.1212
      vertex 80.4878 77.6 11.3
      vertex 80.0828 77.6 12.1212
    endloop
  endfacet
  facet normal 0.89686 0 0.442314
    outer loop
      vertex 80.4878 77.6 11.3
      vertex 80.0828 74.9 12.1212
      vertex 80.4878 74.9 11.3
    endloop
  endfacet
  facet normal 0.831462 -0 0.555582
    outer loop
      vertex 80.4878 74.9 11.3
      vertex 80.9965 77.6 10.5387
      vertex 80.4878 77.6 11.3
    endloop
  endfacet
  facet normal 0.831462 0 0.555582
    outer loop
      vertex 80.9965 77.6 10.5387
      vertex 80.4878 74.9 11.3
      vertex 80.9965 74.9 10.5387
    endloop
  endfacet
  facet normal 0.98079 -0 0.195066
    outer loop
      vertex 79.6099 74.9 13.8863
      vertex 79.7885 77.6 12.9883
      vertex 79.6099 77.6 13.8863
    endloop
  endfacet
  facet normal 0.98079 0 0.195066
    outer loop
      vertex 79.7885 77.6 12.9883
      vertex 79.6099 74.9 13.8863
      vertex 79.7885 74.9 12.9883
    endloop
  endfacet
  facet normal 0.55559 0 0.831457
    outer loop
      vertex 82.2887 77.6 9.24653
      vertex 83.05 74.9 8.73782
      vertex 83.05 77.6 8.73782
    endloop
  endfacet
  facet normal 0.55559 0 0.831457
    outer loop
      vertex 83.05 74.9 8.73782
      vertex 82.2887 77.6 9.24653
      vertex 82.2887 74.9 9.24653
    endloop
  endfacet
  facet normal 0.195097 0 0.980784
    outer loop
      vertex 84.7383 77.6 8.03852
      vertex 85.6363 74.9 7.85989
      vertex 85.6363 77.6 7.85989
    endloop
  endfacet
  facet normal 0.195097 0 0.980784
    outer loop
      vertex 85.6363 74.9 7.85989
      vertex 84.7383 77.6 8.03852
      vertex 84.7383 74.9 8.03852
    endloop
  endfacet
  facet normal -0.89686 0 -0.442314
    outer loop
      vertex 93.0172 74.9 17.4788
      vertex 92.6122 77.6 18.3
      vertex 93.0172 77.6 17.4788
    endloop
  endfacet
  facet normal -0.89686 -0 -0.442314
    outer loop
      vertex 92.6122 77.6 18.3
      vertex 93.0172 74.9 17.4788
      vertex 92.6122 74.9 18.3
    endloop
  endfacet
  facet normal 0.195066 0 -0.98079
    outer loop
      vertex 84.7383 74.9 21.5615
      vertex 85.6363 77.6 21.7401
      vertex 85.6363 74.9 21.7401
    endloop
  endfacet
  facet normal 0.195066 0 -0.98079
    outer loop
      vertex 85.6363 77.6 21.7401
      vertex 84.7383 74.9 21.5615
      vertex 84.7383 77.6 21.5615
    endloop
  endfacet
  facet normal 0.831462 0 -0.555582
    outer loop
      vertex 80.9965 74.9 19.0613
      vertex 80.4878 77.6 18.3
      vertex 80.9965 77.6 19.0613
    endloop
  endfacet
  facet normal 0.831462 0 -0.555582
    outer loop
      vertex 80.4878 77.6 18.3
      vertex 80.9965 74.9 19.0613
      vertex 80.4878 74.9 18.3
    endloop
  endfacet
  facet normal 0.751791 0 -0.659401
    outer loop
      vertex 81.6003 74.9 19.7497
      vertex 80.9965 77.6 19.0613
      vertex 81.6003 77.6 19.7497
    endloop
  endfacet
  facet normal 0.751791 0 -0.659401
    outer loop
      vertex 80.9965 77.6 19.0613
      vertex 81.6003 74.9 19.7497
      vertex 80.9965 74.9 19.0613
    endloop
  endfacet
  facet normal -0.946944 0 0.3214
    outer loop
      vertex 93.0172 74.9 12.1212
      vertex 93.3115 77.6 12.9883
      vertex 93.0172 77.6 12.1212
    endloop
  endfacet
  facet normal -0.946944 0 0.3214
    outer loop
      vertex 93.3115 77.6 12.9883
      vertex 93.0172 74.9 12.1212
      vertex 93.3115 74.9 12.9883
    endloop
  endfacet
  facet normal -0.751815 0 0.659374
    outer loop
      vertex 91.4997 74.9 9.85025
      vertex 92.1035 77.6 10.5387
      vertex 91.4997 77.6 9.85025
    endloop
  endfacet
  facet normal -0.751815 0 0.659374
    outer loop
      vertex 92.1035 77.6 10.5387
      vertex 91.4997 74.9 9.85025
      vertex 92.1035 74.9 10.5387
    endloop
  endfacet
  facet normal -0.831462 0 0.555582
    outer loop
      vertex 92.1035 74.9 10.5387
      vertex 92.6122 77.6 11.3
      vertex 92.1035 77.6 10.5387
    endloop
  endfacet
  facet normal -0.831462 0 0.555582
    outer loop
      vertex 92.6122 77.6 11.3
      vertex 92.1035 74.9 10.5387
      vertex 92.6122 74.9 11.3
    endloop
  endfacet
  facet normal -0.0654063 0 0.997859
    outer loop
      vertex 86.55 77.6 7.8
      vertex 87.4637 74.9 7.85989
      vertex 87.4637 77.6 7.85989
    endloop
  endfacet
  facet normal -0.0654063 0 0.997859
    outer loop
      vertex 87.4637 74.9 7.85989
      vertex 86.55 77.6 7.8
      vertex 86.55 74.9 7.8
    endloop
  endfacet
  facet normal -0.55559 0 0.831457
    outer loop
      vertex 90.05 77.6 8.73782
      vertex 90.8113 74.9 9.24653
      vertex 90.8113 77.6 9.24653
    endloop
  endfacet
  facet normal -0.55559 0 0.831457
    outer loop
      vertex 90.8113 74.9 9.24653
      vertex 90.05 77.6 8.73782
      vertex 90.05 74.9 8.73782
    endloop
  endfacet
  facet normal 0 1 0
    outer loop
      vertex 87.4637 74.9 21.7401
      vertex 85.6363 74.9 21.7401
      vertex 86.55 74.9 21.8
    endloop
  endfacet
  facet normal 0 1 0
    outer loop
      vertex 88.3617 74.9 21.5615
      vertex 85.6363 74.9 21.7401
      vertex 87.4637 74.9 21.7401
    endloop
  endfacet
  facet normal 0 1 0
    outer loop
      vertex 88.3617 74.9 21.5615
      vertex 84.7383 74.9 21.5615
      vertex 85.6363 74.9 21.7401
    endloop
  endfacet
  facet normal 0 1 0
    outer loop
      vertex 89.2288 74.9 21.2672
      vertex 84.7383 74.9 21.5615
      vertex 88.3617 74.9 21.5615
    endloop
  endfacet
  facet normal 0 1 0
    outer loop
      vertex 89.2288 74.9 21.2672
      vertex 83.8712 74.9 21.2672
      vertex 84.7383 74.9 21.5615
    endloop
  endfacet
  facet normal 0 1 0
    outer loop
      vertex 90.05 74.9 20.8622
      vertex 83.8712 74.9 21.2672
      vertex 89.2288 74.9 21.2672
    endloop
  endfacet
  facet normal 0 1 0
    outer loop
      vertex 90.05 74.9 20.8622
      vertex 83.05 74.9 20.8622
      vertex 83.8712 74.9 21.2672
    endloop
  endfacet
  facet normal 0 1 0
    outer loop
      vertex 90.8113 74.9 20.3535
      vertex 83.05 74.9 20.8622
      vertex 90.05 74.9 20.8622
    endloop
  endfacet
  facet normal 0 1 0
    outer loop
      vertex 90.8113 74.9 20.3535
      vertex 82.2887 74.9 20.3535
      vertex 83.05 74.9 20.8622
    endloop
  endfacet
  facet normal 0 1 0
    outer loop
      vertex 91.4997 74.9 19.7497
      vertex 82.2887 74.9 20.3535
      vertex 90.8113 74.9 20.3535
    endloop
  endfacet
  facet normal 0 1 0
    outer loop
      vertex 91.4997 74.9 19.7497
      vertex 81.6003 74.9 19.7497
      vertex 82.2887 74.9 20.3535
    endloop
  endfacet
  facet normal 0 1 0
    outer loop
      vertex 92.1035 74.9 19.0613
      vertex 81.6003 74.9 19.7497
      vertex 91.4997 74.9 19.7497
    endloop
  endfacet
  facet normal 0 1 0
    outer loop
      vertex 92.1035 74.9 19.0613
      vertex 80.9965 74.9 19.0613
      vertex 81.6003 74.9 19.7497
    endloop
  endfacet
  facet normal 0 1 0
    outer loop
      vertex 92.6122 74.9 18.3
      vertex 80.9965 74.9 19.0613
      vertex 92.1035 74.9 19.0613
    endloop
  endfacet
  facet normal 0 1 0
    outer loop
      vertex 92.6122 74.9 18.3
      vertex 80.4878 74.9 18.3
      vertex 80.9965 74.9 19.0613
    endloop
  endfacet
  facet normal 0 1 0
    outer loop
      vertex 93.0172 74.9 17.4788
      vertex 80.4878 74.9 18.3
      vertex 92.6122 74.9 18.3
    endloop
  endfacet
  facet normal 0 1 0
    outer loop
      vertex 93.0172 74.9 17.4788
      vertex 80.0828 74.9 17.4788
      vertex 80.4878 74.9 18.3
    endloop
  endfacet
  facet normal 0 1 0
    outer loop
      vertex 93.3115 74.9 16.6117
      vertex 80.0828 74.9 17.4788
      vertex 93.0172 74.9 17.4788
    endloop
  endfacet
  facet normal 0 1 0
    outer loop
      vertex 93.3115 74.9 16.6117
      vertex 79.7885 74.9 16.6117
      vertex 80.0828 74.9 17.4788
    endloop
  endfacet
  facet normal 0 1 0
    outer loop
      vertex 93.4901 74.9 15.7137
      vertex 79.7885 74.9 16.6117
      vertex 93.3115 74.9 16.6117
    endloop
  endfacet
  facet normal 0 1 0
    outer loop
      vertex 93.4901 74.9 15.7137
      vertex 79.6099 74.9 15.7137
      vertex 79.7885 74.9 16.6117
    endloop
  endfacet
  facet normal 0 1 0
    outer loop
      vertex 93.55 74.9 14.8
      vertex 79.6099 74.9 15.7137
      vertex 93.4901 74.9 15.7137
    endloop
  endfacet
  facet normal 0 1 0
    outer loop
      vertex 93.55 74.9 14.8
      vertex 79.55 74.9 14.8
      vertex 79.6099 74.9 15.7137
    endloop
  endfacet
  facet normal 0 1 -0
    outer loop
      vertex 93.4901 74.9 13.8863
      vertex 79.55 74.9 14.8
      vertex 93.55 74.9 14.8
    endloop
  endfacet
  facet normal 0 1 0
    outer loop
      vertex 93.4901 74.9 13.8863
      vertex 79.6099 74.9 13.8863
      vertex 79.55 74.9 14.8
    endloop
  endfacet
  facet normal 0 1 -0
    outer loop
      vertex 93.3115 74.9 12.9883
      vertex 79.6099 74.9 13.8863
      vertex 93.4901 74.9 13.8863
    endloop
  endfacet
  facet normal 0 1 0
    outer loop
      vertex 93.3115 74.9 12.9883
      vertex 79.7885 74.9 12.9883
      vertex 79.6099 74.9 13.8863
    endloop
  endfacet
  facet normal 0 1 -0
    outer loop
      vertex 93.0172 74.9 12.1212
      vertex 79.7885 74.9 12.9883
      vertex 93.3115 74.9 12.9883
    endloop
  endfacet
  facet normal 0 1 0
    outer loop
      vertex 93.0172 74.9 12.1212
      vertex 80.0828 74.9 12.1212
      vertex 79.7885 74.9 12.9883
    endloop
  endfacet
  facet normal 0 1 -0
    outer loop
      vertex 92.6122 74.9 11.3
      vertex 80.0828 74.9 12.1212
      vertex 93.0172 74.9 12.1212
    endloop
  endfacet
  facet normal 0 1 0
    outer loop
      vertex 92.6122 74.9 11.3
      vertex 80.4878 74.9 11.3
      vertex 80.0828 74.9 12.1212
    endloop
  endfacet
  facet normal 0 1 -0
    outer loop
      vertex 92.1035 74.9 10.5387
      vertex 80.4878 74.9 11.3
      vertex 92.6122 74.9 11.3
    endloop
  endfacet
  facet normal 0 1 0
    outer loop
      vertex 92.1035 74.9 10.5387
      vertex 80.9965 74.9 10.5387
      vertex 80.4878 74.9 11.3
    endloop
  endfacet
  facet normal 0 1 -0
    outer loop
      vertex 91.4997 74.9 9.85025
      vertex 80.9965 74.9 10.5387
      vertex 92.1035 74.9 10.5387
    endloop
  endfacet
  facet normal 0 1 0
    outer loop
      vertex 91.4997 74.9 9.85025
      vertex 81.6003 74.9 9.85025
      vertex 80.9965 74.9 10.5387
    endloop
  endfacet
  facet normal 0 1 -0
    outer loop
      vertex 90.8113 74.9 9.24653
      vertex 81.6003 74.9 9.85025
      vertex 91.4997 74.9 9.85025
    endloop
  endfacet
  facet normal 0 1 0
    outer loop
      vertex 90.8113 74.9 9.24653
      vertex 82.2887 74.9 9.24653
      vertex 81.6003 74.9 9.85025
    endloop
  endfacet
  facet normal 0 1 -0
    outer loop
      vertex 90.05 74.9 8.73782
      vertex 82.2887 74.9 9.24653
      vertex 90.8113 74.9 9.24653
    endloop
  endfacet
  facet normal 0 1 0
    outer loop
      vertex 90.05 74.9 8.73782
      vertex 83.05 74.9 8.73782
      vertex 82.2887 74.9 9.24653
    endloop
  endfacet
  facet normal 0 1 -0
    outer loop
      vertex 89.2288 74.9 8.33284
      vertex 83.05 74.9 8.73782
      vertex 90.05 74.9 8.73782
    endloop
  endfacet
  facet normal 0 1 0
    outer loop
      vertex 89.2288 74.9 8.33284
      vertex 83.8712 74.9 8.33284
      vertex 83.05 74.9 8.73782
    endloop
  endfacet
  facet normal 0 1 -0
    outer loop
      vertex 88.3617 74.9 8.03852
      vertex 83.8712 74.9 8.33284
      vertex 89.2288 74.9 8.33284
    endloop
  endfacet
  facet normal 0 1 0
    outer loop
      vertex 88.3617 74.9 8.03852
      vertex 84.7383 74.9 8.03852
      vertex 83.8712 74.9 8.33284
    endloop
  endfacet
  facet normal 0 1 -0
    outer loop
      vertex 87.4637 74.9 7.85989
      vertex 84.7383 74.9 8.03852
      vertex 88.3617 74.9 8.03852
    endloop
  endfacet
  facet normal 0 1 0
    outer loop
      vertex 87.4637 74.9 7.85989
      vertex 85.6363 74.9 7.85989
      vertex 84.7383 74.9 8.03852
    endloop
  endfacet
  facet normal -0 1 0
    outer loop
      vertex 85.6363 74.9 7.85989
      vertex 87.4637 74.9 7.85989
      vertex 86.55 74.9 7.8
    endloop
  endfacet
  facet normal 0.946944 -0 0.3214
    outer loop
      vertex 79.7885 74.9 12.9883
      vertex 80.0828 77.6 12.1212
      vertex 79.7885 77.6 12.9883
    endloop
  endfacet
  facet normal 0.946944 0 0.3214
    outer loop
      vertex 80.0828 77.6 12.1212
      vertex 79.7885 74.9 12.9883
      vertex 80.0828 74.9 12.1212
    endloop
  endfacet
  facet normal 0.997858 -0 0.0654172
    outer loop
      vertex 79.55 74.9 14.8
      vertex 79.6099 77.6 13.8863
      vertex 79.55 77.6 14.8
    endloop
  endfacet
  facet normal 0.997858 0 0.0654172
    outer loop
      vertex 79.6099 77.6 13.8863
      vertex 79.55 74.9 14.8
      vertex 79.6099 74.9 13.8863
    endloop
  endfacet
  facet normal 0.659352 0 0.751835
    outer loop
      vertex 81.6003 77.6 9.85025
      vertex 82.2887 74.9 9.24653
      vertex 82.2887 77.6 9.24653
    endloop
  endfacet
  facet normal 0.659352 0 0.751835
    outer loop
      vertex 82.2887 74.9 9.24653
      vertex 81.6003 77.6 9.85025
      vertex 81.6003 74.9 9.85025
    endloop
  endfacet
  facet normal 0.321419 0 0.946937
    outer loop
      vertex 83.8712 77.6 8.33284
      vertex 84.7383 74.9 8.03852
      vertex 84.7383 77.6 8.03852
    endloop
  endfacet
  facet normal 0.321419 0 0.946937
    outer loop
      vertex 84.7383 74.9 8.03852
      vertex 83.8712 77.6 8.33284
      vertex 83.8712 74.9 8.33284
    endloop
  endfacet
  facet normal -0.195066 0 -0.98079
    outer loop
      vertex 87.4637 74.9 21.7401
      vertex 88.3617 77.6 21.5615
      vertex 88.3617 74.9 21.5615
    endloop
  endfacet
  facet normal -0.195066 0 -0.98079
    outer loop
      vertex 88.3617 77.6 21.5615
      vertex 87.4637 74.9 21.7401
      vertex 87.4637 77.6 21.7401
    endloop
  endfacet
  facet normal -0.442314 0 -0.89686
    outer loop
      vertex 89.2288 74.9 21.2672
      vertex 90.05 77.6 20.8622
      vertex 90.05 74.9 20.8622
    endloop
  endfacet
  facet normal -0.442314 0 -0.89686
    outer loop
      vertex 90.05 77.6 20.8622
      vertex 89.2288 74.9 21.2672
      vertex 89.2288 77.6 21.2672
    endloop
  endfacet
  facet normal -0.555582 0 -0.831462
    outer loop
      vertex 90.05 74.9 20.8622
      vertex 90.8113 77.6 20.3535
      vertex 90.8113 74.9 20.3535
    endloop
  endfacet
  facet normal -0.555582 0 -0.831462
    outer loop
      vertex 90.8113 77.6 20.3535
      vertex 90.05 74.9 20.8622
      vertex 90.05 77.6 20.8622
    endloop
  endfacet
  facet normal -0.751791 0 -0.659401
    outer loop
      vertex 92.1035 74.9 19.0613
      vertex 91.4997 77.6 19.7497
      vertex 92.1035 77.6 19.0613
    endloop
  endfacet
  facet normal -0.751791 -0 -0.659401
    outer loop
      vertex 91.4997 77.6 19.7497
      vertex 92.1035 74.9 19.0613
      vertex 91.4997 74.9 19.7497
    endloop
  endfacet
  facet normal -0.946944 0 -0.3214
    outer loop
      vertex 93.3115 74.9 16.6117
      vertex 93.0172 77.6 17.4788
      vertex 93.3115 77.6 16.6117
    endloop
  endfacet
  facet normal -0.946944 -0 -0.3214
    outer loop
      vertex 93.0172 77.6 17.4788
      vertex 93.3115 74.9 16.6117
      vertex 93.0172 74.9 17.4788
    endloop
  endfacet
  facet normal -0.831462 0 -0.555582
    outer loop
      vertex 92.6122 74.9 18.3
      vertex 92.1035 77.6 19.0613
      vertex 92.6122 77.6 18.3
    endloop
  endfacet
  facet normal -0.831462 -0 -0.555582
    outer loop
      vertex 92.1035 77.6 19.0613
      vertex 92.6122 74.9 18.3
      vertex 92.1035 74.9 19.0613
    endloop
  endfacet
  facet normal 0.442314 0 -0.89686
    outer loop
      vertex 83.05 74.9 20.8622
      vertex 83.8712 77.6 21.2672
      vertex 83.8712 74.9 21.2672
    endloop
  endfacet
  facet normal 0.442314 0 -0.89686
    outer loop
      vertex 83.8712 77.6 21.2672
      vertex 83.05 74.9 20.8622
      vertex 83.05 77.6 20.8622
    endloop
  endfacet
  facet normal 0.555582 0 -0.831462
    outer loop
      vertex 82.2887 74.9 20.3535
      vertex 83.05 77.6 20.8622
      vertex 83.05 74.9 20.8622
    endloop
  endfacet
  facet normal 0.555582 0 -0.831462
    outer loop
      vertex 83.05 77.6 20.8622
      vertex 82.2887 74.9 20.3535
      vertex 82.2887 77.6 20.3535
    endloop
  endfacet
  facet normal 0.3214 0 -0.946944
    outer loop
      vertex 83.8712 74.9 21.2672
      vertex 84.7383 77.6 21.5615
      vertex 84.7383 74.9 21.5615
    endloop
  endfacet
  facet normal 0.3214 0 -0.946944
    outer loop
      vertex 84.7383 77.6 21.5615
      vertex 83.8712 74.9 21.2672
      vertex 83.8712 77.6 21.2672
    endloop
  endfacet
  facet normal -0.0654172 0 -0.997858
    outer loop
      vertex 86.55 74.9 21.8
      vertex 87.4637 77.6 21.7401
      vertex 87.4637 74.9 21.7401
    endloop
  endfacet
  facet normal -0.0654172 0 -0.997858
    outer loop
      vertex 87.4637 77.6 21.7401
      vertex 86.55 74.9 21.8
      vertex 86.55 77.6 21.8
    endloop
  endfacet
  facet normal 0.659401 0 -0.751791
    outer loop
      vertex 81.6003 74.9 19.7497
      vertex 82.2887 77.6 20.3535
      vertex 82.2887 74.9 20.3535
    endloop
  endfacet
  facet normal 0.659401 0 -0.751791
    outer loop
      vertex 82.2887 77.6 20.3535
      vertex 81.6003 74.9 19.7497
      vertex 81.6003 77.6 19.7497
    endloop
  endfacet
  facet normal 0.89686 0 -0.442314
    outer loop
      vertex 80.4878 74.9 18.3
      vertex 80.0828 77.6 17.4788
      vertex 80.4878 77.6 18.3
    endloop
  endfacet
  facet normal 0.89686 0 -0.442314
    outer loop
      vertex 80.0828 77.6 17.4788
      vertex 80.4878 74.9 18.3
      vertex 80.0828 74.9 17.4788
    endloop
  endfacet
  facet normal 0.98079 0 -0.195066
    outer loop
      vertex 79.7885 74.9 16.6117
      vertex 79.6099 77.6 15.7137
      vertex 79.7885 77.6 16.6117
    endloop
  endfacet
  facet normal 0.98079 0 -0.195066
    outer loop
      vertex 79.6099 77.6 15.7137
      vertex 79.7885 74.9 16.6117
      vertex 79.6099 74.9 15.7137
    endloop
  endfacet
  facet normal 0.997858 0 -0.0654172
    outer loop
      vertex 79.6099 74.9 15.7137
      vertex 79.55 77.6 14.8
      vertex 79.6099 77.6 15.7137
    endloop
  endfacet
  facet normal 0.997858 0 -0.0654172
    outer loop
      vertex 79.55 77.6 14.8
      vertex 79.6099 74.9 15.7137
      vertex 79.55 74.9 14.8
    endloop
  endfacet
  facet normal -0.3214 0 -0.946944
    outer loop
      vertex 88.3617 74.9 21.5615
      vertex 89.2288 77.6 21.2672
      vertex 89.2288 74.9 21.2672
    endloop
  endfacet
  facet normal -0.3214 0 -0.946944
    outer loop
      vertex 89.2288 77.6 21.2672
      vertex 88.3617 74.9 21.5615
      vertex 88.3617 77.6 21.5615
    endloop
  endfacet
  facet normal -0.659401 0 -0.751791
    outer loop
      vertex 90.8113 74.9 20.3535
      vertex 91.4997 77.6 19.7497
      vertex 91.4997 74.9 19.7497
    endloop
  endfacet
  facet normal -0.659401 0 -0.751791
    outer loop
      vertex 91.4997 77.6 19.7497
      vertex 90.8113 74.9 20.3535
      vertex 90.8113 77.6 20.3535
    endloop
  endfacet
  facet normal -0.98079 0 -0.195066
    outer loop
      vertex 93.4901 74.9 15.7137
      vertex 93.3115 77.6 16.6117
      vertex 93.4901 77.6 15.7137
    endloop
  endfacet
  facet normal -0.98079 -0 -0.195066
    outer loop
      vertex 93.3115 77.6 16.6117
      vertex 93.4901 74.9 15.7137
      vertex 93.3115 74.9 16.6117
    endloop
  endfacet
  facet normal 0.0654172 0 -0.997858
    outer loop
      vertex 85.6363 74.9 21.7401
      vertex 86.55 77.6 21.8
      vertex 86.55 74.9 21.8
    endloop
  endfacet
  facet normal 0.0654172 0 -0.997858
    outer loop
      vertex 86.55 77.6 21.8
      vertex 85.6363 74.9 21.7401
      vertex 85.6363 77.6 21.7401
    endloop
  endfacet
  facet normal 0.946944 0 -0.3214
    outer loop
      vertex 80.0828 74.9 17.4788
      vertex 79.7885 77.6 16.6117
      vertex 80.0828 77.6 17.4788
    endloop
  endfacet
  facet normal 0.946944 0 -0.3214
    outer loop
      vertex 79.7885 77.6 16.6117
      vertex 80.0828 74.9 17.4788
      vertex 79.7885 74.9 16.6117
    endloop
  endfacet
  facet normal -0.997858 0 -0.0654172
    outer loop
      vertex 93.55 74.9 14.8
      vertex 93.4901 77.6 15.7137
      vertex 93.55 77.6 14.8
    endloop
  endfacet
  facet normal -0.997858 -0 -0.0654172
    outer loop
      vertex 93.4901 77.6 15.7137
      vertex 93.55 74.9 14.8
      vertex 93.4901 74.9 15.7137
    endloop
  endfacet
  facet normal -0.997851 0 0.0655259
    outer loop
      vertex 110.99 74.9 13.8863
      vertex 111.05 77.6 14.8
      vertex 110.99 77.6 13.8863
    endloop
  endfacet
  facet normal -0.997851 0 0.0655259
    outer loop
      vertex 111.05 77.6 14.8
      vertex 110.99 74.9 13.8863
      vertex 111.05 74.9 14.8
    endloop
  endfacet
  facet normal 0.0653849 0 0.99786
    outer loop
      vertex 103.136 77.6 7.85989
      vertex 104.05 74.9 7.8
      vertex 104.05 77.6 7.8
    endloop
  endfacet
  facet normal 0.0653849 0 0.99786
    outer loop
      vertex 104.05 74.9 7.8
      vertex 103.136 77.6 7.85989
      vertex 103.136 74.9 7.85989
    endloop
  endfacet
  facet normal -0.659027 0 0.752119
    outer loop
      vertex 108.311 77.6 9.24653
      vertex 109 74.9 9.85025
      vertex 109 77.6 9.85025
    endloop
  endfacet
  facet normal -0.659027 0 0.752119
    outer loop
      vertex 109 74.9 9.85025
      vertex 108.311 77.6 9.24653
      vertex 108.311 74.9 9.24653
    endloop
  endfacet
  facet normal 0.751815 -0 0.659374
    outer loop
      vertex 98.4965 74.9 10.5387
      vertex 99.1003 77.6 9.85025
      vertex 98.4965 77.6 10.5387
    endloop
  endfacet
  facet normal 0.751815 0 0.659374
    outer loop
      vertex 99.1003 77.6 9.85025
      vertex 98.4965 74.9 10.5387
      vertex 99.1003 74.9 9.85025
    endloop
  endfacet
  facet normal 0.442383 0 0.896826
    outer loop
      vertex 100.55 77.6 8.73782
      vertex 101.371 74.9 8.33284
      vertex 101.371 77.6 8.33284
    endloop
  endfacet
  facet normal 0.442383 0 0.896826
    outer loop
      vertex 101.371 74.9 8.33284
      vertex 100.55 77.6 8.73782
      vertex 100.55 74.9 8.73782
    endloop
  endfacet
  facet normal -0.89686 0 0.442314
    outer loop
      vertex 110.112 74.9 11.3
      vertex 110.517 77.6 12.1212
      vertex 110.112 77.6 11.3
    endloop
  endfacet
  facet normal -0.89686 0 0.442314
    outer loop
      vertex 110.517 77.6 12.1212
      vertex 110.112 74.9 11.3
      vertex 110.517 74.9 12.1212
    endloop
  endfacet
  facet normal -0.980706 0 0.195486
    outer loop
      vertex 110.811 74.9 12.9883
      vertex 110.99 77.6 13.8863
      vertex 110.811 77.6 12.9883
    endloop
  endfacet
  facet normal -0.980706 0 0.195486
    outer loop
      vertex 110.99 77.6 13.8863
      vertex 110.811 74.9 12.9883
      vertex 110.99 74.9 13.8863
    endloop
  endfacet
  facet normal -0.321452 0 0.946926
    outer loop
      vertex 105.862 77.6 8.03852
      vertex 106.729 74.9 8.33284
      vertex 106.729 77.6 8.33284
    endloop
  endfacet
  facet normal -0.321452 0 0.946926
    outer loop
      vertex 106.729 74.9 8.33284
      vertex 105.862 77.6 8.03852
      vertex 105.862 74.9 8.03852
    endloop
  endfacet
  facet normal -0.195097 0 0.980784
    outer loop
      vertex 104.964 77.6 7.85989
      vertex 105.862 74.9 8.03852
      vertex 105.862 77.6 8.03852
    endloop
  endfacet
  facet normal -0.195097 0 0.980784
    outer loop
      vertex 105.862 74.9 8.03852
      vertex 104.964 77.6 7.85989
      vertex 104.964 74.9 7.85989
    endloop
  endfacet
  facet normal -0.442383 0 0.896826
    outer loop
      vertex 106.729 77.6 8.33284
      vertex 107.55 74.9 8.73782
      vertex 107.55 77.6 8.73782
    endloop
  endfacet
  facet normal -0.442383 0 0.896826
    outer loop
      vertex 107.55 74.9 8.73782
      vertex 106.729 77.6 8.33284
      vertex 106.729 74.9 8.33284
    endloop
  endfacet
  facet normal 0.89686 -0 0.442314
    outer loop
      vertex 97.5828 74.9 12.1212
      vertex 97.9878 77.6 11.3
      vertex 97.5828 77.6 12.1212
    endloop
  endfacet
  facet normal 0.89686 0 0.442314
    outer loop
      vertex 97.9878 77.6 11.3
      vertex 97.5828 74.9 12.1212
      vertex 97.9878 74.9 11.3
    endloop
  endfacet
  facet normal 0.831462 -0 0.555582
    outer loop
      vertex 97.9878 74.9 11.3
      vertex 98.4965 77.6 10.5387
      vertex 97.9878 77.6 11.3
    endloop
  endfacet
  facet normal 0.831462 0 0.555582
    outer loop
      vertex 98.4965 77.6 10.5387
      vertex 97.9878 74.9 11.3
      vertex 98.4965 74.9 10.5387
    endloop
  endfacet
  facet normal 0.98079 -0 0.195066
    outer loop
      vertex 97.1099 74.9 13.8863
      vertex 97.2885 77.6 12.9883
      vertex 97.1099 77.6 13.8863
    endloop
  endfacet
  facet normal 0.98079 0 0.195066
    outer loop
      vertex 97.2885 77.6 12.9883
      vertex 97.1099 74.9 13.8863
      vertex 97.2885 74.9 12.9883
    endloop
  endfacet
  facet normal 0.55559 0 0.831457
    outer loop
      vertex 99.7887 77.6 9.24653
      vertex 100.55 74.9 8.73782
      vertex 100.55 77.6 8.73782
    endloop
  endfacet
  facet normal 0.55559 0 0.831457
    outer loop
      vertex 100.55 74.9 8.73782
      vertex 99.7887 77.6 9.24653
      vertex 99.7887 74.9 9.24653
    endloop
  endfacet
  facet normal 0.195097 0 0.980784
    outer loop
      vertex 102.238 77.6 8.03852
      vertex 103.136 74.9 7.85989
      vertex 103.136 77.6 7.85989
    endloop
  endfacet
  facet normal 0.195097 0 0.980784
    outer loop
      vertex 103.136 74.9 7.85989
      vertex 102.238 77.6 8.03852
      vertex 102.238 74.9 8.03852
    endloop
  endfacet
  facet normal -0.89686 0 -0.442314
    outer loop
      vertex 110.517 74.9 17.4788
      vertex 110.112 77.6 18.3
      vertex 110.517 77.6 17.4788
    endloop
  endfacet
  facet normal -0.89686 -0 -0.442314
    outer loop
      vertex 110.112 77.6 18.3
      vertex 110.517 74.9 17.4788
      vertex 110.112 74.9 18.3
    endloop
  endfacet
  facet normal 0.195066 0 -0.98079
    outer loop
      vertex 102.238 74.9 21.5615
      vertex 103.136 77.6 21.7401
      vertex 103.136 74.9 21.7401
    endloop
  endfacet
  facet normal 0.195066 0 -0.98079
    outer loop
      vertex 103.136 77.6 21.7401
      vertex 102.238 74.9 21.5615
      vertex 102.238 77.6 21.5615
    endloop
  endfacet
  facet normal 0.831462 0 -0.555582
    outer loop
      vertex 98.4965 74.9 19.0613
      vertex 97.9878 77.6 18.3
      vertex 98.4965 77.6 19.0613
    endloop
  endfacet
  facet normal 0.831462 0 -0.555582
    outer loop
      vertex 97.9878 77.6 18.3
      vertex 98.4965 74.9 19.0613
      vertex 97.9878 74.9 18.3
    endloop
  endfacet
  facet normal 0.751791 0 -0.659401
    outer loop
      vertex 99.1003 74.9 19.7497
      vertex 98.4965 77.6 19.0613
      vertex 99.1003 77.6 19.7497
    endloop
  endfacet
  facet normal 0.751791 0 -0.659401
    outer loop
      vertex 98.4965 77.6 19.0613
      vertex 99.1003 74.9 19.7497
      vertex 98.4965 74.9 19.0613
    endloop
  endfacet
  facet normal -0.947043 0 0.321106
    outer loop
      vertex 110.517 74.9 12.1212
      vertex 110.811 77.6 12.9883
      vertex 110.517 77.6 12.1212
    endloop
  endfacet
  facet normal -0.947043 0 0.321106
    outer loop
      vertex 110.811 77.6 12.9883
      vertex 110.517 74.9 12.1212
      vertex 110.811 74.9 12.9883
    endloop
  endfacet
  facet normal -0.752248 0 0.65888
    outer loop
      vertex 109 74.9 9.85025
      vertex 109.603 77.6 10.5387
      vertex 109 77.6 9.85025
    endloop
  endfacet
  facet normal -0.752248 0 0.65888
    outer loop
      vertex 109.603 77.6 10.5387
      vertex 109 74.9 9.85025
      vertex 109.603 74.9 10.5387
    endloop
  endfacet
  facet normal -0.83131 0 0.555808
    outer loop
      vertex 109.603 74.9 10.5387
      vertex 110.112 77.6 11.3
      vertex 109.603 77.6 10.5387
    endloop
  endfacet
  facet normal -0.83131 0 0.555808
    outer loop
      vertex 110.112 77.6 11.3
      vertex 109.603 74.9 10.5387
      vertex 110.112 74.9 11.3
    endloop
  endfacet
  facet normal -0.0653849 0 0.99786
    outer loop
      vertex 104.05 77.6 7.8
      vertex 104.964 74.9 7.85989
      vertex 104.964 77.6 7.85989
    endloop
  endfacet
  facet normal -0.0653849 0 0.99786
    outer loop
      vertex 104.964 74.9 7.85989
      vertex 104.05 77.6 7.8
      vertex 104.05 74.9 7.8
    endloop
  endfacet
  facet normal -0.555741 0 0.831356
    outer loop
      vertex 107.55 77.6 8.73782
      vertex 108.311 74.9 9.24653
      vertex 108.311 77.6 9.24653
    endloop
  endfacet
  facet normal -0.555741 0 0.831356
    outer loop
      vertex 108.311 74.9 9.24653
      vertex 107.55 77.6 8.73782
      vertex 107.55 74.9 8.73782
    endloop
  endfacet
  facet normal 0 1 0
    outer loop
      vertex 104.964 74.9 21.7401
      vertex 103.136 74.9 21.7401
      vertex 104.05 74.9 21.8
    endloop
  endfacet
  facet normal 0 1 0
    outer loop
      vertex 105.862 74.9 21.5615
      vertex 103.136 74.9 21.7401
      vertex 104.964 74.9 21.7401
    endloop
  endfacet
  facet normal 0 1 0
    outer loop
      vertex 105.862 74.9 21.5615
      vertex 102.238 74.9 21.5615
      vertex 103.136 74.9 21.7401
    endloop
  endfacet
  facet normal 0 1 0
    outer loop
      vertex 106.729 74.9 21.2672
      vertex 102.238 74.9 21.5615
      vertex 105.862 74.9 21.5615
    endloop
  endfacet
  facet normal 0 1 0
    outer loop
      vertex 106.729 74.9 21.2672
      vertex 101.371 74.9 21.2672
      vertex 102.238 74.9 21.5615
    endloop
  endfacet
  facet normal 0 1 0
    outer loop
      vertex 107.55 74.9 20.8622
      vertex 101.371 74.9 21.2672
      vertex 106.729 74.9 21.2672
    endloop
  endfacet
  facet normal 0 1 0
    outer loop
      vertex 107.55 74.9 20.8622
      vertex 100.55 74.9 20.8622
      vertex 101.371 74.9 21.2672
    endloop
  endfacet
  facet normal 0 1 0
    outer loop
      vertex 108.311 74.9 20.3535
      vertex 100.55 74.9 20.8622
      vertex 107.55 74.9 20.8622
    endloop
  endfacet
  facet normal 0 1 0
    outer loop
      vertex 108.311 74.9 20.3535
      vertex 99.7887 74.9 20.3535
      vertex 100.55 74.9 20.8622
    endloop
  endfacet
  facet normal 0 1 0
    outer loop
      vertex 109 74.9 19.7497
      vertex 99.7887 74.9 20.3535
      vertex 108.311 74.9 20.3535
    endloop
  endfacet
  facet normal 0 1 0
    outer loop
      vertex 109 74.9 19.7497
      vertex 99.1003 74.9 19.7497
      vertex 99.7887 74.9 20.3535
    endloop
  endfacet
  facet normal 0 1 0
    outer loop
      vertex 109.603 74.9 19.0613
      vertex 99.1003 74.9 19.7497
      vertex 109 74.9 19.7497
    endloop
  endfacet
  facet normal 0 1 0
    outer loop
      vertex 109.603 74.9 19.0613
      vertex 98.4965 74.9 19.0613
      vertex 99.1003 74.9 19.7497
    endloop
  endfacet
  facet normal 0 1 0
    outer loop
      vertex 110.112 74.9 18.3
      vertex 98.4965 74.9 19.0613
      vertex 109.603 74.9 19.0613
    endloop
  endfacet
  facet normal 0 1 0
    outer loop
      vertex 110.112 74.9 18.3
      vertex 97.9878 74.9 18.3
      vertex 98.4965 74.9 19.0613
    endloop
  endfacet
  facet normal 0 1 0
    outer loop
      vertex 110.517 74.9 17.4788
      vertex 97.9878 74.9 18.3
      vertex 110.112 74.9 18.3
    endloop
  endfacet
  facet normal 0 1 0
    outer loop
      vertex 110.517 74.9 17.4788
      vertex 97.5828 74.9 17.4788
      vertex 97.9878 74.9 18.3
    endloop
  endfacet
  facet normal 0 1 0
    outer loop
      vertex 110.811 74.9 16.6117
      vertex 97.5828 74.9 17.4788
      vertex 110.517 74.9 17.4788
    endloop
  endfacet
  facet normal 0 1 0
    outer loop
      vertex 110.811 74.9 16.6117
      vertex 97.2885 74.9 16.6117
      vertex 97.5828 74.9 17.4788
    endloop
  endfacet
  facet normal 0 1 0
    outer loop
      vertex 110.99 74.9 15.7137
      vertex 97.2885 74.9 16.6117
      vertex 110.811 74.9 16.6117
    endloop
  endfacet
  facet normal 0 1 0
    outer loop
      vertex 110.99 74.9 15.7137
      vertex 97.1099 74.9 15.7137
      vertex 97.2885 74.9 16.6117
    endloop
  endfacet
  facet normal 0 1 0
    outer loop
      vertex 111.05 74.9 14.8
      vertex 97.1099 74.9 15.7137
      vertex 110.99 74.9 15.7137
    endloop
  endfacet
  facet normal 0 1 0
    outer loop
      vertex 111.05 74.9 14.8
      vertex 97.05 74.9 14.8
      vertex 97.1099 74.9 15.7137
    endloop
  endfacet
  facet normal 0 1 -0
    outer loop
      vertex 110.99 74.9 13.8863
      vertex 97.05 74.9 14.8
      vertex 111.05 74.9 14.8
    endloop
  endfacet
  facet normal 0 1 0
    outer loop
      vertex 110.99 74.9 13.8863
      vertex 97.1099 74.9 13.8863
      vertex 97.05 74.9 14.8
    endloop
  endfacet
  facet normal 0 1 -0
    outer loop
      vertex 110.811 74.9 12.9883
      vertex 97.1099 74.9 13.8863
      vertex 110.99 74.9 13.8863
    endloop
  endfacet
  facet normal 0 1 0
    outer loop
      vertex 110.811 74.9 12.9883
      vertex 97.2885 74.9 12.9883
      vertex 97.1099 74.9 13.8863
    endloop
  endfacet
  facet normal 0 1 -0
    outer loop
      vertex 110.517 74.9 12.1212
      vertex 97.2885 74.9 12.9883
      vertex 110.811 74.9 12.9883
    endloop
  endfacet
  facet normal 0 1 0
    outer loop
      vertex 110.517 74.9 12.1212
      vertex 97.5828 74.9 12.1212
      vertex 97.2885 74.9 12.9883
    endloop
  endfacet
  facet normal 0 1 -0
    outer loop
      vertex 110.112 74.9 11.3
      vertex 97.5828 74.9 12.1212
      vertex 110.517 74.9 12.1212
    endloop
  endfacet
  facet normal 0 1 0
    outer loop
      vertex 110.112 74.9 11.3
      vertex 97.9878 74.9 11.3
      vertex 97.5828 74.9 12.1212
    endloop
  endfacet
  facet normal 0 1 -0
    outer loop
      vertex 109.603 74.9 10.5387
      vertex 97.9878 74.9 11.3
      vertex 110.112 74.9 11.3
    endloop
  endfacet
  facet normal 0 1 0
    outer loop
      vertex 109.603 74.9 10.5387
      vertex 98.4965 74.9 10.5387
      vertex 97.9878 74.9 11.3
    endloop
  endfacet
  facet normal 0 1 -0
    outer loop
      vertex 109 74.9 9.85025
      vertex 98.4965 74.9 10.5387
      vertex 109.603 74.9 10.5387
    endloop
  endfacet
  facet normal 0 1 0
    outer loop
      vertex 109 74.9 9.85025
      vertex 99.1003 74.9 9.85025
      vertex 98.4965 74.9 10.5387
    endloop
  endfacet
  facet normal 0 1 -0
    outer loop
      vertex 108.311 74.9 9.24653
      vertex 99.1003 74.9 9.85025
      vertex 109 74.9 9.85025
    endloop
  endfacet
  facet normal 0 1 0
    outer loop
      vertex 108.311 74.9 9.24653
      vertex 99.7887 74.9 9.24653
      vertex 99.1003 74.9 9.85025
    endloop
  endfacet
  facet normal 0 1 -0
    outer loop
      vertex 107.55 74.9 8.73782
      vertex 99.7887 74.9 9.24653
      vertex 108.311 74.9 9.24653
    endloop
  endfacet
  facet normal 0 1 0
    outer loop
      vertex 107.55 74.9 8.73782
      vertex 100.55 74.9 8.73782
      vertex 99.7887 74.9 9.24653
    endloop
  endfacet
  facet normal 0 1 -0
    outer loop
      vertex 106.729 74.9 8.33284
      vertex 100.55 74.9 8.73782
      vertex 107.55 74.9 8.73782
    endloop
  endfacet
  facet normal 0 1 0
    outer loop
      vertex 106.729 74.9 8.33284
      vertex 101.371 74.9 8.33284
      vertex 100.55 74.9 8.73782
    endloop
  endfacet
  facet normal 0 1 -0
    outer loop
      vertex 105.862 74.9 8.03852
      vertex 101.371 74.9 8.33284
      vertex 106.729 74.9 8.33284
    endloop
  endfacet
  facet normal 0 1 0
    outer loop
      vertex 105.862 74.9 8.03852
      vertex 102.238 74.9 8.03852
      vertex 101.371 74.9 8.33284
    endloop
  endfacet
  facet normal 0 1 -0
    outer loop
      vertex 104.964 74.9 7.85989
      vertex 102.238 74.9 8.03852
      vertex 105.862 74.9 8.03852
    endloop
  endfacet
  facet normal 0 1 0
    outer loop
      vertex 104.964 74.9 7.85989
      vertex 103.136 74.9 7.85989
      vertex 102.238 74.9 8.03852
    endloop
  endfacet
  facet normal -0 1 0
    outer loop
      vertex 103.136 74.9 7.85989
      vertex 104.964 74.9 7.85989
      vertex 104.05 74.9 7.8
    endloop
  endfacet
  facet normal 0.946944 -0 0.3214
    outer loop
      vertex 97.2885 74.9 12.9883
      vertex 97.5828 77.6 12.1212
      vertex 97.2885 77.6 12.9883
    endloop
  endfacet
  facet normal 0.946944 0 0.3214
    outer loop
      vertex 97.5828 77.6 12.1212
      vertex 97.2885 74.9 12.9883
      vertex 97.5828 74.9 12.1212
    endloop
  endfacet
  facet normal 0.997858 -0 0.0654172
    outer loop
      vertex 97.05 74.9 14.8
      vertex 97.1099 77.6 13.8863
      vertex 97.05 77.6 14.8
    endloop
  endfacet
  facet normal 0.997858 0 0.0654172
    outer loop
      vertex 97.1099 77.6 13.8863
      vertex 97.05 74.9 14.8
      vertex 97.1099 74.9 13.8863
    endloop
  endfacet
  facet normal 0.321452 0 0.946926
    outer loop
      vertex 101.371 77.6 8.33284
      vertex 102.238 74.9 8.03852
      vertex 102.238 77.6 8.03852
    endloop
  endfacet
  facet normal 0.321452 0 0.946926
    outer loop
      vertex 102.238 74.9 8.03852
      vertex 101.371 77.6 8.33284
      vertex 101.371 74.9 8.33284
    endloop
  endfacet
  facet normal -0.195066 0 -0.98079
    outer loop
      vertex 104.964 74.9 21.7401
      vertex 105.862 77.6 21.5615
      vertex 105.862 74.9 21.5615
    endloop
  endfacet
  facet normal -0.195066 0 -0.98079
    outer loop
      vertex 105.862 77.6 21.5615
      vertex 104.964 74.9 21.7401
      vertex 104.964 77.6 21.7401
    endloop
  endfacet
  facet normal -0.442401 0 -0.896817
    outer loop
      vertex 106.729 74.9 21.2672
      vertex 107.55 77.6 20.8622
      vertex 107.55 74.9 20.8622
    endloop
  endfacet
  facet normal -0.442401 0 -0.896817
    outer loop
      vertex 107.55 77.6 20.8622
      vertex 106.729 74.9 21.2672
      vertex 106.729 77.6 21.2672
    endloop
  endfacet
  facet normal -0.555733 0 -0.831361
    outer loop
      vertex 107.55 74.9 20.8622
      vertex 108.311 77.6 20.3535
      vertex 108.311 74.9 20.3535
    endloop
  endfacet
  facet normal -0.555733 0 -0.831361
    outer loop
      vertex 108.311 77.6 20.3535
      vertex 107.55 74.9 20.8622
      vertex 107.55 77.6 20.8622
    endloop
  endfacet
  facet normal -0.752225 0 -0.658907
    outer loop
      vertex 109.603 74.9 19.0613
      vertex 109 77.6 19.7497
      vertex 109.603 77.6 19.0613
    endloop
  endfacet
  facet normal -0.752225 -0 -0.658907
    outer loop
      vertex 109 77.6 19.7497
      vertex 109.603 74.9 19.0613
      vertex 109 74.9 19.7497
    endloop
  endfacet
  facet normal -0.659076 0 -0.752076
    outer loop
      vertex 108.311 74.9 20.3535
      vertex 109 77.6 19.7497
      vertex 109 74.9 19.7497
    endloop
  endfacet
  facet normal -0.659076 0 -0.752076
    outer loop
      vertex 109 77.6 19.7497
      vertex 108.311 74.9 20.3535
      vertex 108.311 77.6 20.3535
    endloop
  endfacet
  facet normal -0.947043 0 -0.321106
    outer loop
      vertex 110.811 74.9 16.6117
      vertex 110.517 77.6 17.4788
      vertex 110.811 77.6 16.6117
    endloop
  endfacet
  facet normal -0.947043 -0 -0.321106
    outer loop
      vertex 110.517 77.6 17.4788
      vertex 110.811 74.9 16.6117
      vertex 110.517 74.9 17.4788
    endloop
  endfacet
  facet normal -0.83131 0 -0.555808
    outer loop
      vertex 110.112 74.9 18.3
      vertex 109.603 77.6 19.0613
      vertex 110.112 77.6 18.3
    endloop
  endfacet
  facet normal -0.83131 -0 -0.555808
    outer loop
      vertex 109.603 77.6 19.0613
      vertex 110.112 74.9 18.3
      vertex 109.603 74.9 19.0613
    endloop
  endfacet
  facet normal 0.442401 0 -0.896817
    outer loop
      vertex 100.55 74.9 20.8622
      vertex 101.371 77.6 21.2672
      vertex 101.371 74.9 21.2672
    endloop
  endfacet
  facet normal 0.442401 0 -0.896817
    outer loop
      vertex 101.371 77.6 21.2672
      vertex 100.55 74.9 20.8622
      vertex 100.55 77.6 20.8622
    endloop
  endfacet
  facet normal 0.555582 0 -0.831462
    outer loop
      vertex 99.7887 74.9 20.3535
      vertex 100.55 77.6 20.8622
      vertex 100.55 74.9 20.8622
    endloop
  endfacet
  facet normal 0.555582 0 -0.831462
    outer loop
      vertex 100.55 77.6 20.8622
      vertex 99.7887 74.9 20.3535
      vertex 99.7887 77.6 20.3535
    endloop
  endfacet
  facet normal 0.321433 0 -0.946932
    outer loop
      vertex 101.371 74.9 21.2672
      vertex 102.238 77.6 21.5615
      vertex 102.238 74.9 21.5615
    endloop
  endfacet
  facet normal 0.321433 0 -0.946932
    outer loop
      vertex 102.238 77.6 21.5615
      vertex 101.371 74.9 21.2672
      vertex 101.371 77.6 21.2672
    endloop
  endfacet
  facet normal -0.0653958 0 -0.997859
    outer loop
      vertex 104.05 74.9 21.8
      vertex 104.964 77.6 21.7401
      vertex 104.964 74.9 21.7401
    endloop
  endfacet
  facet normal -0.0653958 0 -0.997859
    outer loop
      vertex 104.964 77.6 21.7401
      vertex 104.05 74.9 21.8
      vertex 104.05 77.6 21.8
    endloop
  endfacet
  facet normal 0.659401 0 -0.751791
    outer loop
      vertex 99.1003 74.9 19.7497
      vertex 99.7887 77.6 20.3535
      vertex 99.7887 74.9 20.3535
    endloop
  endfacet
  facet normal 0.659401 0 -0.751791
    outer loop
      vertex 99.7887 77.6 20.3535
      vertex 99.1003 74.9 19.7497
      vertex 99.1003 77.6 19.7497
    endloop
  endfacet
  facet normal 0.89686 0 -0.442314
    outer loop
      vertex 97.9878 74.9 18.3
      vertex 97.5828 77.6 17.4788
      vertex 97.9878 77.6 18.3
    endloop
  endfacet
  facet normal 0.89686 0 -0.442314
    outer loop
      vertex 97.5828 77.6 17.4788
      vertex 97.9878 74.9 18.3
      vertex 97.5828 74.9 17.4788
    endloop
  endfacet
  facet normal 0.98079 0 -0.195066
    outer loop
      vertex 97.2885 74.9 16.6117
      vertex 97.1099 77.6 15.7137
      vertex 97.2885 77.6 16.6117
    endloop
  endfacet
  facet normal 0.98079 0 -0.195066
    outer loop
      vertex 97.1099 77.6 15.7137
      vertex 97.2885 74.9 16.6117
      vertex 97.1099 74.9 15.7137
    endloop
  endfacet
  facet normal 0.997858 0 -0.0654172
    outer loop
      vertex 97.1099 74.9 15.7137
      vertex 97.05 77.6 14.8
      vertex 97.1099 77.6 15.7137
    endloop
  endfacet
  facet normal 0.997858 0 -0.0654172
    outer loop
      vertex 97.05 77.6 14.8
      vertex 97.1099 74.9 15.7137
      vertex 97.05 74.9 14.8
    endloop
  endfacet
  facet normal 0.659352 0 0.751835
    outer loop
      vertex 99.1003 77.6 9.85025
      vertex 99.7887 74.9 9.24653
      vertex 99.7887 77.6 9.24653
    endloop
  endfacet
  facet normal 0.659352 0 0.751835
    outer loop
      vertex 99.7887 74.9 9.24653
      vertex 99.1003 77.6 9.85025
      vertex 99.1003 74.9 9.85025
    endloop
  endfacet
  facet normal -0.321433 0 -0.946932
    outer loop
      vertex 105.862 74.9 21.5615
      vertex 106.729 77.6 21.2672
      vertex 106.729 74.9 21.2672
    endloop
  endfacet
  facet normal -0.321433 0 -0.946932
    outer loop
      vertex 106.729 77.6 21.2672
      vertex 105.862 74.9 21.5615
      vertex 105.862 77.6 21.5615
    endloop
  endfacet
  facet normal -0.980706 0 -0.195486
    outer loop
      vertex 110.99 74.9 15.7137
      vertex 110.811 77.6 16.6117
      vertex 110.99 77.6 15.7137
    endloop
  endfacet
  facet normal -0.980706 -0 -0.195486
    outer loop
      vertex 110.811 77.6 16.6117
      vertex 110.99 74.9 15.7137
      vertex 110.811 74.9 16.6117
    endloop
  endfacet
  facet normal 0.0653958 0 -0.997859
    outer loop
      vertex 103.136 74.9 21.7401
      vertex 104.05 77.6 21.8
      vertex 104.05 74.9 21.8
    endloop
  endfacet
  facet normal 0.0653958 0 -0.997859
    outer loop
      vertex 104.05 77.6 21.8
      vertex 103.136 74.9 21.7401
      vertex 103.136 77.6 21.7401
    endloop
  endfacet
  facet normal 0.946944 0 -0.3214
    outer loop
      vertex 97.5828 74.9 17.4788
      vertex 97.2885 77.6 16.6117
      vertex 97.5828 77.6 17.4788
    endloop
  endfacet
  facet normal 0.946944 0 -0.3214
    outer loop
      vertex 97.2885 77.6 16.6117
      vertex 97.5828 74.9 17.4788
      vertex 97.2885 74.9 16.6117
    endloop
  endfacet
  facet normal -0.997851 0 -0.0655259
    outer loop
      vertex 111.05 74.9 14.8
      vertex 110.99 77.6 15.7137
      vertex 111.05 77.6 14.8
    endloop
  endfacet
  facet normal -0.997851 -0 -0.0655259
    outer loop
      vertex 110.99 77.6 15.7137
      vertex 111.05 74.9 14.8
      vertex 110.99 74.9 15.7137
    endloop
  endfacet
  facet normal -0.997851 0 0.0655259
    outer loop
      vertex 128.49 74.9 13.8863
      vertex 128.55 77.6 14.8
      vertex 128.49 77.6 13.8863
    endloop
  endfacet
  facet normal -0.997851 0 0.0655259
    outer loop
      vertex 128.55 77.6 14.8
      vertex 128.49 74.9 13.8863
      vertex 128.55 74.9 14.8
    endloop
  endfacet
  facet normal 0.0653849 0 0.99786
    outer loop
      vertex 120.636 77.6 7.85989
      vertex 121.55 74.9 7.8
      vertex 121.55 77.6 7.8
    endloop
  endfacet
  facet normal 0.0653849 0 0.99786
    outer loop
      vertex 121.55 74.9 7.8
      vertex 120.636 77.6 7.85989
      vertex 120.636 74.9 7.85989
    endloop
  endfacet
  facet normal -0.659027 0 0.752119
    outer loop
      vertex 125.811 77.6 9.24653
      vertex 126.5 74.9 9.85025
      vertex 126.5 77.6 9.85025
    endloop
  endfacet
  facet normal -0.659027 0 0.752119
    outer loop
      vertex 126.5 74.9 9.85025
      vertex 125.811 77.6 9.24653
      vertex 125.811 74.9 9.24653
    endloop
  endfacet
  facet normal 0.752248 -0 0.65888
    outer loop
      vertex 115.997 74.9 10.5387
      vertex 116.6 77.6 9.85025
      vertex 115.997 77.6 10.5387
    endloop
  endfacet
  facet normal 0.752248 0 0.65888
    outer loop
      vertex 116.6 77.6 9.85025
      vertex 115.997 74.9 10.5387
      vertex 116.6 74.9 9.85025
    endloop
  endfacet
  facet normal 0.442383 0 0.896826
    outer loop
      vertex 118.05 77.6 8.73782
      vertex 118.871 74.9 8.33284
      vertex 118.871 77.6 8.33284
    endloop
  endfacet
  facet normal 0.442383 0 0.896826
    outer loop
      vertex 118.871 74.9 8.33284
      vertex 118.05 77.6 8.73782
      vertex 118.05 74.9 8.73782
    endloop
  endfacet
  facet normal -0.89686 0 0.442314
    outer loop
      vertex 127.612 74.9 11.3
      vertex 128.017 77.6 12.1212
      vertex 127.612 77.6 11.3
    endloop
  endfacet
  facet normal -0.89686 0 0.442314
    outer loop
      vertex 128.017 77.6 12.1212
      vertex 127.612 74.9 11.3
      vertex 128.017 74.9 12.1212
    endloop
  endfacet
  facet normal -0.980706 0 0.195486
    outer loop
      vertex 128.311 74.9 12.9883
      vertex 128.49 77.6 13.8863
      vertex 128.311 77.6 12.9883
    endloop
  endfacet
  facet normal -0.980706 0 0.195486
    outer loop
      vertex 128.49 77.6 13.8863
      vertex 128.311 74.9 12.9883
      vertex 128.49 74.9 13.8863
    endloop
  endfacet
  facet normal -0.321452 0 0.946926
    outer loop
      vertex 123.362 77.6 8.03852
      vertex 124.229 74.9 8.33284
      vertex 124.229 77.6 8.33284
    endloop
  endfacet
  facet normal -0.321452 0 0.946926
    outer loop
      vertex 124.229 74.9 8.33284
      vertex 123.362 77.6 8.03852
      vertex 123.362 74.9 8.03852
    endloop
  endfacet
  facet normal -0.195097 0 0.980784
    outer loop
      vertex 122.464 77.6 7.85989
      vertex 123.362 74.9 8.03852
      vertex 123.362 77.6 8.03852
    endloop
  endfacet
  facet normal -0.195097 0 0.980784
    outer loop
      vertex 123.362 74.9 8.03852
      vertex 122.464 77.6 7.85989
      vertex 122.464 74.9 7.85989
    endloop
  endfacet
  facet normal -0.442383 0 0.896826
    outer loop
      vertex 124.229 77.6 8.33284
      vertex 125.05 74.9 8.73782
      vertex 125.05 77.6 8.73782
    endloop
  endfacet
  facet normal -0.442383 0 0.896826
    outer loop
      vertex 125.05 74.9 8.73782
      vertex 124.229 77.6 8.33284
      vertex 124.229 74.9 8.33284
    endloop
  endfacet
  facet normal 0.89686 -0 0.442314
    outer loop
      vertex 115.083 74.9 12.1212
      vertex 115.488 77.6 11.3
      vertex 115.083 77.6 12.1212
    endloop
  endfacet
  facet normal 0.89686 0 0.442314
    outer loop
      vertex 115.488 77.6 11.3
      vertex 115.083 74.9 12.1212
      vertex 115.488 74.9 11.3
    endloop
  endfacet
  facet normal 0.83131 -0 0.555808
    outer loop
      vertex 115.488 74.9 11.3
      vertex 115.997 77.6 10.5387
      vertex 115.488 77.6 11.3
    endloop
  endfacet
  facet normal 0.83131 0 0.555808
    outer loop
      vertex 115.997 77.6 10.5387
      vertex 115.488 74.9 11.3
      vertex 115.997 74.9 10.5387
    endloop
  endfacet
  facet normal 0.980706 -0 0.195486
    outer loop
      vertex 114.61 74.9 13.8863
      vertex 114.789 77.6 12.9883
      vertex 114.61 77.6 13.8863
    endloop
  endfacet
  facet normal 0.980706 0 0.195486
    outer loop
      vertex 114.789 77.6 12.9883
      vertex 114.61 74.9 13.8863
      vertex 114.789 74.9 12.9883
    endloop
  endfacet
  facet normal 0.555741 0 0.831356
    outer loop
      vertex 117.289 77.6 9.24653
      vertex 118.05 74.9 8.73782
      vertex 118.05 77.6 8.73782
    endloop
  endfacet
  facet normal 0.555741 0 0.831356
    outer loop
      vertex 118.05 74.9 8.73782
      vertex 117.289 77.6 9.24653
      vertex 117.289 74.9 9.24653
    endloop
  endfacet
  facet normal 0.195097 0 0.980784
    outer loop
      vertex 119.738 77.6 8.03852
      vertex 120.636 74.9 7.85989
      vertex 120.636 77.6 7.85989
    endloop
  endfacet
  facet normal 0.195097 0 0.980784
    outer loop
      vertex 120.636 74.9 7.85989
      vertex 119.738 77.6 8.03852
      vertex 119.738 74.9 8.03852
    endloop
  endfacet
  facet normal -0.89686 0 -0.442314
    outer loop
      vertex 128.017 74.9 17.4788
      vertex 127.612 77.6 18.3
      vertex 128.017 77.6 17.4788
    endloop
  endfacet
  facet normal -0.89686 -0 -0.442314
    outer loop
      vertex 127.612 77.6 18.3
      vertex 128.017 74.9 17.4788
      vertex 127.612 74.9 18.3
    endloop
  endfacet
  facet normal 0.195066 0 -0.98079
    outer loop
      vertex 119.738 74.9 21.5615
      vertex 120.636 77.6 21.7401
      vertex 120.636 74.9 21.7401
    endloop
  endfacet
  facet normal 0.195066 0 -0.98079
    outer loop
      vertex 120.636 77.6 21.7401
      vertex 119.738 74.9 21.5615
      vertex 119.738 77.6 21.5615
    endloop
  endfacet
  facet normal 0.83131 0 -0.555808
    outer loop
      vertex 115.997 74.9 19.0613
      vertex 115.488 77.6 18.3
      vertex 115.997 77.6 19.0613
    endloop
  endfacet
  facet normal 0.83131 0 -0.555808
    outer loop
      vertex 115.488 77.6 18.3
      vertex 115.997 74.9 19.0613
      vertex 115.488 74.9 18.3
    endloop
  endfacet
  facet normal 0.752225 0 -0.658907
    outer loop
      vertex 116.6 74.9 19.7497
      vertex 115.997 77.6 19.0613
      vertex 116.6 77.6 19.7497
    endloop
  endfacet
  facet normal 0.752225 0 -0.658907
    outer loop
      vertex 115.997 77.6 19.0613
      vertex 116.6 74.9 19.7497
      vertex 115.997 74.9 19.0613
    endloop
  endfacet
  facet normal -0.947043 0 0.321106
    outer loop
      vertex 128.017 74.9 12.1212
      vertex 128.311 77.6 12.9883
      vertex 128.017 77.6 12.1212
    endloop
  endfacet
  facet normal -0.947043 0 0.321106
    outer loop
      vertex 128.311 77.6 12.9883
      vertex 128.017 74.9 12.1212
      vertex 128.311 74.9 12.9883
    endloop
  endfacet
  facet normal -0.752248 0 0.65888
    outer loop
      vertex 126.5 74.9 9.85025
      vertex 127.103 77.6 10.5387
      vertex 126.5 77.6 9.85025
    endloop
  endfacet
  facet normal -0.752248 0 0.65888
    outer loop
      vertex 127.103 77.6 10.5387
      vertex 126.5 74.9 9.85025
      vertex 127.103 74.9 10.5387
    endloop
  endfacet
  facet normal -0.83131 0 0.555808
    outer loop
      vertex 127.103 74.9 10.5387
      vertex 127.612 77.6 11.3
      vertex 127.103 77.6 10.5387
    endloop
  endfacet
  facet normal -0.83131 0 0.555808
    outer loop
      vertex 127.612 77.6 11.3
      vertex 127.103 74.9 10.5387
      vertex 127.612 74.9 11.3
    endloop
  endfacet
  facet normal -0.0653849 0 0.99786
    outer loop
      vertex 121.55 77.6 7.8
      vertex 122.464 74.9 7.85989
      vertex 122.464 77.6 7.85989
    endloop
  endfacet
  facet normal -0.0653849 0 0.99786
    outer loop
      vertex 122.464 74.9 7.85989
      vertex 121.55 77.6 7.8
      vertex 121.55 74.9 7.8
    endloop
  endfacet
  facet normal -0.555741 0 0.831356
    outer loop
      vertex 125.05 77.6 8.73782
      vertex 125.811 74.9 9.24653
      vertex 125.811 77.6 9.24653
    endloop
  endfacet
  facet normal -0.555741 0 0.831356
    outer loop
      vertex 125.811 74.9 9.24653
      vertex 125.05 77.6 8.73782
      vertex 125.05 74.9 8.73782
    endloop
  endfacet
  facet normal 0 1 0
    outer loop
      vertex 122.464 74.9 21.7401
      vertex 120.636 74.9 21.7401
      vertex 121.55 74.9 21.8
    endloop
  endfacet
  facet normal 0 1 0
    outer loop
      vertex 123.362 74.9 21.5615
      vertex 120.636 74.9 21.7401
      vertex 122.464 74.9 21.7401
    endloop
  endfacet
  facet normal 0 1 0
    outer loop
      vertex 123.362 74.9 21.5615
      vertex 119.738 74.9 21.5615
      vertex 120.636 74.9 21.7401
    endloop
  endfacet
  facet normal 0 1 0
    outer loop
      vertex 124.229 74.9 21.2672
      vertex 119.738 74.9 21.5615
      vertex 123.362 74.9 21.5615
    endloop
  endfacet
  facet normal 0 1 0
    outer loop
      vertex 124.229 74.9 21.2672
      vertex 118.871 74.9 21.2672
      vertex 119.738 74.9 21.5615
    endloop
  endfacet
  facet normal 0 1 0
    outer loop
      vertex 125.05 74.9 20.8622
      vertex 118.871 74.9 21.2672
      vertex 124.229 74.9 21.2672
    endloop
  endfacet
  facet normal 0 1 0
    outer loop
      vertex 125.05 74.9 20.8622
      vertex 118.05 74.9 20.8622
      vertex 118.871 74.9 21.2672
    endloop
  endfacet
  facet normal 0 1 0
    outer loop
      vertex 125.811 74.9 20.3535
      vertex 118.05 74.9 20.8622
      vertex 125.05 74.9 20.8622
    endloop
  endfacet
  facet normal 0 1 0
    outer loop
      vertex 125.811 74.9 20.3535
      vertex 117.289 74.9 20.3535
      vertex 118.05 74.9 20.8622
    endloop
  endfacet
  facet normal 0 1 0
    outer loop
      vertex 126.5 74.9 19.7497
      vertex 117.289 74.9 20.3535
      vertex 125.811 74.9 20.3535
    endloop
  endfacet
  facet normal 0 1 0
    outer loop
      vertex 126.5 74.9 19.7497
      vertex 116.6 74.9 19.7497
      vertex 117.289 74.9 20.3535
    endloop
  endfacet
  facet normal 0 1 0
    outer loop
      vertex 127.103 74.9 19.0613
      vertex 116.6 74.9 19.7497
      vertex 126.5 74.9 19.7497
    endloop
  endfacet
  facet normal 0 1 0
    outer loop
      vertex 127.103 74.9 19.0613
      vertex 115.997 74.9 19.0613
      vertex 116.6 74.9 19.7497
    endloop
  endfacet
  facet normal 0 1 0
    outer loop
      vertex 127.612 74.9 18.3
      vertex 115.997 74.9 19.0613
      vertex 127.103 74.9 19.0613
    endloop
  endfacet
  facet normal 0 1 0
    outer loop
      vertex 127.612 74.9 18.3
      vertex 115.488 74.9 18.3
      vertex 115.997 74.9 19.0613
    endloop
  endfacet
  facet normal 0 1 0
    outer loop
      vertex 128.017 74.9 17.4788
      vertex 115.488 74.9 18.3
      vertex 127.612 74.9 18.3
    endloop
  endfacet
  facet normal 0 1 0
    outer loop
      vertex 128.017 74.9 17.4788
      vertex 115.083 74.9 17.4788
      vertex 115.488 74.9 18.3
    endloop
  endfacet
  facet normal 0 1 0
    outer loop
      vertex 128.311 74.9 16.6117
      vertex 115.083 74.9 17.4788
      vertex 128.017 74.9 17.4788
    endloop
  endfacet
  facet normal 0 1 0
    outer loop
      vertex 128.311 74.9 16.6117
      vertex 114.789 74.9 16.6117
      vertex 115.083 74.9 17.4788
    endloop
  endfacet
  facet normal 0 1 0
    outer loop
      vertex 128.49 74.9 15.7137
      vertex 114.789 74.9 16.6117
      vertex 128.311 74.9 16.6117
    endloop
  endfacet
  facet normal 0 1 0
    outer loop
      vertex 128.49 74.9 15.7137
      vertex 114.61 74.9 15.7137
      vertex 114.789 74.9 16.6117
    endloop
  endfacet
  facet normal 0 1 0
    outer loop
      vertex 128.55 74.9 14.8
      vertex 114.61 74.9 15.7137
      vertex 128.49 74.9 15.7137
    endloop
  endfacet
  facet normal 0 1 0
    outer loop
      vertex 128.55 74.9 14.8
      vertex 114.55 74.9 14.8
      vertex 114.61 74.9 15.7137
    endloop
  endfacet
  facet normal 0 1 -0
    outer loop
      vertex 128.49 74.9 13.8863
      vertex 114.55 74.9 14.8
      vertex 128.55 74.9 14.8
    endloop
  endfacet
  facet normal 0 1 0
    outer loop
      vertex 128.49 74.9 13.8863
      vertex 114.61 74.9 13.8863
      vertex 114.55 74.9 14.8
    endloop
  endfacet
  facet normal 0 1 -0
    outer loop
      vertex 128.311 74.9 12.9883
      vertex 114.61 74.9 13.8863
      vertex 128.49 74.9 13.8863
    endloop
  endfacet
  facet normal 0 1 0
    outer loop
      vertex 128.311 74.9 12.9883
      vertex 114.789 74.9 12.9883
      vertex 114.61 74.9 13.8863
    endloop
  endfacet
  facet normal 0 1 -0
    outer loop
      vertex 128.017 74.9 12.1212
      vertex 114.789 74.9 12.9883
      vertex 128.311 74.9 12.9883
    endloop
  endfacet
  facet normal 0 1 0
    outer loop
      vertex 128.017 74.9 12.1212
      vertex 115.083 74.9 12.1212
      vertex 114.789 74.9 12.9883
    endloop
  endfacet
  facet normal 0 1 -0
    outer loop
      vertex 127.612 74.9 11.3
      vertex 115.083 74.9 12.1212
      vertex 128.017 74.9 12.1212
    endloop
  endfacet
  facet normal 0 1 0
    outer loop
      vertex 127.612 74.9 11.3
      vertex 115.488 74.9 11.3
      vertex 115.083 74.9 12.1212
    endloop
  endfacet
  facet normal 0 1 -0
    outer loop
      vertex 127.103 74.9 10.5387
      vertex 115.488 74.9 11.3
      vertex 127.612 74.9 11.3
    endloop
  endfacet
  facet normal 0 1 0
    outer loop
      vertex 127.103 74.9 10.5387
      vertex 115.997 74.9 10.5387
      vertex 115.488 74.9 11.3
    endloop
  endfacet
  facet normal 0 1 -0
    outer loop
      vertex 126.5 74.9 9.85025
      vertex 115.997 74.9 10.5387
      vertex 127.103 74.9 10.5387
    endloop
  endfacet
  facet normal 0 1 0
    outer loop
      vertex 126.5 74.9 9.85025
      vertex 116.6 74.9 9.85025
      vertex 115.997 74.9 10.5387
    endloop
  endfacet
  facet normal 0 1 -0
    outer loop
      vertex 125.811 74.9 9.24653
      vertex 116.6 74.9 9.85025
      vertex 126.5 74.9 9.85025
    endloop
  endfacet
  facet normal 0 1 0
    outer loop
      vertex 125.811 74.9 9.24653
      vertex 117.289 74.9 9.24653
      vertex 116.6 74.9 9.85025
    endloop
  endfacet
  facet normal 0 1 -0
    outer loop
      vertex 125.05 74.9 8.73782
      vertex 117.289 74.9 9.24653
      vertex 125.811 74.9 9.24653
    endloop
  endfacet
  facet normal 0 1 0
    outer loop
      vertex 125.05 74.9 8.73782
      vertex 118.05 74.9 8.73782
      vertex 117.289 74.9 9.24653
    endloop
  endfacet
  facet normal 0 1 -0
    outer loop
      vertex 124.229 74.9 8.33284
      vertex 118.05 74.9 8.73782
      vertex 125.05 74.9 8.73782
    endloop
  endfacet
  facet normal 0 1 0
    outer loop
      vertex 124.229 74.9 8.33284
      vertex 118.871 74.9 8.33284
      vertex 118.05 74.9 8.73782
    endloop
  endfacet
  facet normal 0 1 -0
    outer loop
      vertex 123.362 74.9 8.03852
      vertex 118.871 74.9 8.33284
      vertex 124.229 74.9 8.33284
    endloop
  endfacet
  facet normal 0 1 0
    outer loop
      vertex 123.362 74.9 8.03852
      vertex 119.738 74.9 8.03852
      vertex 118.871 74.9 8.33284
    endloop
  endfacet
  facet normal 0 1 -0
    outer loop
      vertex 122.464 74.9 7.85989
      vertex 119.738 74.9 8.03852
      vertex 123.362 74.9 8.03852
    endloop
  endfacet
  facet normal 0 1 0
    outer loop
      vertex 122.464 74.9 7.85989
      vertex 120.636 74.9 7.85989
      vertex 119.738 74.9 8.03852
    endloop
  endfacet
  facet normal -0 1 0
    outer loop
      vertex 120.636 74.9 7.85989
      vertex 122.464 74.9 7.85989
      vertex 121.55 74.9 7.8
    endloop
  endfacet
  facet normal 0.947043 -0 0.321106
    outer loop
      vertex 114.789 74.9 12.9883
      vertex 115.083 77.6 12.1212
      vertex 114.789 77.6 12.9883
    endloop
  endfacet
  facet normal 0.947043 0 0.321106
    outer loop
      vertex 115.083 77.6 12.1212
      vertex 114.789 74.9 12.9883
      vertex 115.083 74.9 12.1212
    endloop
  endfacet
  facet normal 0.997851 -0 0.0655259
    outer loop
      vertex 114.55 74.9 14.8
      vertex 114.61 77.6 13.8863
      vertex 114.55 77.6 14.8
    endloop
  endfacet
  facet normal 0.997851 0 0.0655259
    outer loop
      vertex 114.61 77.6 13.8863
      vertex 114.55 74.9 14.8
      vertex 114.61 74.9 13.8863
    endloop
  endfacet
  facet normal 0.321452 0 0.946926
    outer loop
      vertex 118.871 77.6 8.33284
      vertex 119.738 74.9 8.03852
      vertex 119.738 77.6 8.03852
    endloop
  endfacet
  facet normal 0.321452 0 0.946926
    outer loop
      vertex 119.738 74.9 8.03852
      vertex 118.871 77.6 8.33284
      vertex 118.871 74.9 8.33284
    endloop
  endfacet
  facet normal -0.195066 0 -0.98079
    outer loop
      vertex 122.464 74.9 21.7401
      vertex 123.362 77.6 21.5615
      vertex 123.362 74.9 21.5615
    endloop
  endfacet
  facet normal -0.195066 0 -0.98079
    outer loop
      vertex 123.362 77.6 21.5615
      vertex 122.464 74.9 21.7401
      vertex 122.464 77.6 21.7401
    endloop
  endfacet
  facet normal -0.442401 0 -0.896817
    outer loop
      vertex 124.229 74.9 21.2672
      vertex 125.05 77.6 20.8622
      vertex 125.05 74.9 20.8622
    endloop
  endfacet
  facet normal -0.442401 0 -0.896817
    outer loop
      vertex 125.05 77.6 20.8622
      vertex 124.229 74.9 21.2672
      vertex 124.229 77.6 21.2672
    endloop
  endfacet
  facet normal -0.555733 0 -0.831361
    outer loop
      vertex 125.05 74.9 20.8622
      vertex 125.811 77.6 20.3535
      vertex 125.811 74.9 20.3535
    endloop
  endfacet
  facet normal -0.555733 0 -0.831361
    outer loop
      vertex 125.811 77.6 20.3535
      vertex 125.05 74.9 20.8622
      vertex 125.05 77.6 20.8622
    endloop
  endfacet
  facet normal -0.752225 0 -0.658907
    outer loop
      vertex 127.103 74.9 19.0613
      vertex 126.5 77.6 19.7497
      vertex 127.103 77.6 19.0613
    endloop
  endfacet
  facet normal -0.752225 -0 -0.658907
    outer loop
      vertex 126.5 77.6 19.7497
      vertex 127.103 74.9 19.0613
      vertex 126.5 74.9 19.7497
    endloop
  endfacet
  facet normal -0.659076 0 -0.752076
    outer loop
      vertex 125.811 74.9 20.3535
      vertex 126.5 77.6 19.7497
      vertex 126.5 74.9 19.7497
    endloop
  endfacet
  facet normal -0.659076 0 -0.752076
    outer loop
      vertex 126.5 77.6 19.7497
      vertex 125.811 74.9 20.3535
      vertex 125.811 77.6 20.3535
    endloop
  endfacet
  facet normal -0.947043 0 -0.321106
    outer loop
      vertex 128.311 74.9 16.6117
      vertex 128.017 77.6 17.4788
      vertex 128.311 77.6 16.6117
    endloop
  endfacet
  facet normal -0.947043 -0 -0.321106
    outer loop
      vertex 128.017 77.6 17.4788
      vertex 128.311 74.9 16.6117
      vertex 128.017 74.9 17.4788
    endloop
  endfacet
  facet normal -0.83131 0 -0.555808
    outer loop
      vertex 127.612 74.9 18.3
      vertex 127.103 77.6 19.0613
      vertex 127.612 77.6 18.3
    endloop
  endfacet
  facet normal -0.83131 -0 -0.555808
    outer loop
      vertex 127.103 77.6 19.0613
      vertex 127.612 74.9 18.3
      vertex 127.103 74.9 19.0613
    endloop
  endfacet
  facet normal 0.442401 0 -0.896817
    outer loop
      vertex 118.05 74.9 20.8622
      vertex 118.871 77.6 21.2672
      vertex 118.871 74.9 21.2672
    endloop
  endfacet
  facet normal 0.442401 0 -0.896817
    outer loop
      vertex 118.871 77.6 21.2672
      vertex 118.05 74.9 20.8622
      vertex 118.05 77.6 20.8622
    endloop
  endfacet
  facet normal 0.555733 0 -0.831361
    outer loop
      vertex 117.289 74.9 20.3535
      vertex 118.05 77.6 20.8622
      vertex 118.05 74.9 20.8622
    endloop
  endfacet
  facet normal 0.555733 0 -0.831361
    outer loop
      vertex 118.05 77.6 20.8622
      vertex 117.289 74.9 20.3535
      vertex 117.289 77.6 20.3535
    endloop
  endfacet
  facet normal 0.321433 0 -0.946932
    outer loop
      vertex 118.871 74.9 21.2672
      vertex 119.738 77.6 21.5615
      vertex 119.738 74.9 21.5615
    endloop
  endfacet
  facet normal 0.321433 0 -0.946932
    outer loop
      vertex 119.738 77.6 21.5615
      vertex 118.871 74.9 21.2672
      vertex 118.871 77.6 21.2672
    endloop
  endfacet
  facet normal -0.0653958 0 -0.997859
    outer loop
      vertex 121.55 74.9 21.8
      vertex 122.464 77.6 21.7401
      vertex 122.464 74.9 21.7401
    endloop
  endfacet
  facet normal -0.0653958 0 -0.997859
    outer loop
      vertex 122.464 77.6 21.7401
      vertex 121.55 74.9 21.8
      vertex 121.55 77.6 21.8
    endloop
  endfacet
  facet normal 0.659076 0 -0.752076
    outer loop
      vertex 116.6 74.9 19.7497
      vertex 117.289 77.6 20.3535
      vertex 117.289 74.9 20.3535
    endloop
  endfacet
  facet normal 0.659076 0 -0.752076
    outer loop
      vertex 117.289 77.6 20.3535
      vertex 116.6 74.9 19.7497
      vertex 116.6 77.6 19.7497
    endloop
  endfacet
  facet normal 0.89686 0 -0.442314
    outer loop
      vertex 115.488 74.9 18.3
      vertex 115.083 77.6 17.4788
      vertex 115.488 77.6 18.3
    endloop
  endfacet
  facet normal 0.89686 0 -0.442314
    outer loop
      vertex 115.083 77.6 17.4788
      vertex 115.488 74.9 18.3
      vertex 115.083 74.9 17.4788
    endloop
  endfacet
  facet normal 0.980706 0 -0.195486
    outer loop
      vertex 114.789 74.9 16.6117
      vertex 114.61 77.6 15.7137
      vertex 114.789 77.6 16.6117
    endloop
  endfacet
  facet normal 0.980706 0 -0.195486
    outer loop
      vertex 114.61 77.6 15.7137
      vertex 114.789 74.9 16.6117
      vertex 114.61 74.9 15.7137
    endloop
  endfacet
  facet normal 0.997851 0 -0.0655259
    outer loop
      vertex 114.61 74.9 15.7137
      vertex 114.55 77.6 14.8
      vertex 114.61 77.6 15.7137
    endloop
  endfacet
  facet normal 0.997851 0 -0.0655259
    outer loop
      vertex 114.55 77.6 14.8
      vertex 114.61 74.9 15.7137
      vertex 114.55 74.9 14.8
    endloop
  endfacet
  facet normal 0.659027 0 0.752119
    outer loop
      vertex 116.6 77.6 9.85025
      vertex 117.289 74.9 9.24653
      vertex 117.289 77.6 9.24653
    endloop
  endfacet
  facet normal 0.659027 0 0.752119
    outer loop
      vertex 117.289 74.9 9.24653
      vertex 116.6 77.6 9.85025
      vertex 116.6 74.9 9.85025
    endloop
  endfacet
  facet normal -0.321433 0 -0.946932
    outer loop
      vertex 123.362 74.9 21.5615
      vertex 124.229 77.6 21.2672
      vertex 124.229 74.9 21.2672
    endloop
  endfacet
  facet normal -0.321433 0 -0.946932
    outer loop
      vertex 124.229 77.6 21.2672
      vertex 123.362 74.9 21.5615
      vertex 123.362 77.6 21.5615
    endloop
  endfacet
  facet normal -0.980706 0 -0.195486
    outer loop
      vertex 128.49 74.9 15.7137
      vertex 128.311 77.6 16.6117
      vertex 128.49 77.6 15.7137
    endloop
  endfacet
  facet normal -0.980706 -0 -0.195486
    outer loop
      vertex 128.311 77.6 16.6117
      vertex 128.49 74.9 15.7137
      vertex 128.311 74.9 16.6117
    endloop
  endfacet
  facet normal 0.0653958 0 -0.997859
    outer loop
      vertex 120.636 74.9 21.7401
      vertex 121.55 77.6 21.8
      vertex 121.55 74.9 21.8
    endloop
  endfacet
  facet normal 0.0653958 0 -0.997859
    outer loop
      vertex 121.55 77.6 21.8
      vertex 120.636 74.9 21.7401
      vertex 120.636 77.6 21.7401
    endloop
  endfacet
  facet normal 0.947043 0 -0.321106
    outer loop
      vertex 115.083 74.9 17.4788
      vertex 114.789 77.6 16.6117
      vertex 115.083 77.6 17.4788
    endloop
  endfacet
  facet normal 0.947043 0 -0.321106
    outer loop
      vertex 114.789 77.6 16.6117
      vertex 115.083 74.9 17.4788
      vertex 114.789 74.9 16.6117
    endloop
  endfacet
  facet normal -0.997851 0 -0.0655259
    outer loop
      vertex 128.55 74.9 14.8
      vertex 128.49 77.6 15.7137
      vertex 128.55 77.6 14.8
    endloop
  endfacet
  facet normal -0.997851 -0 -0.0655259
    outer loop
      vertex 128.49 77.6 15.7137
      vertex 128.55 74.9 14.8
      vertex 128.49 74.9 15.7137
    endloop
  endfacet
  facet normal -1 -0 0
    outer loop
      vertex 0 13.9548 3.71463
      vertex 0 0 0
      vertex 0 13.9 4.55
    endloop
  endfacet
  facet normal -1 -0 0
    outer loop
      vertex 0 14.1181 2.89356
      vertex 0 0 0
      vertex 0 13.9548 3.71463
    endloop
  endfacet
  facet normal -1 -0 0
    outer loop
      vertex 0 14.3872 2.10083
      vertex 0 0 0
      vertex 0 14.1181 2.89356
    endloop
  endfacet
  facet normal -1 -0 0
    outer loop
      vertex 0 14.7574 1.35
      vertex 0 0 0
      vertex 0 14.3872 2.10083
    endloop
  endfacet
  facet normal -1 -0 0
    outer loop
      vertex 0 15.2225 0.653927
      vertex 0 0 0
      vertex 0 14.7574 1.35
    endloop
  endfacet
  facet normal -1 -0 0
    outer loop
      vertex 0 15.7745 0.0245161
      vertex 0 0 0
      vertex 0 15.2225 0.653927
    endloop
  endfacet
  facet normal -1 0 0
    outer loop
      vertex 0 0 0
      vertex 0 15.7745 0.0245161
      vertex 0 15.8025 0
    endloop
  endfacet
  facet normal -1 0 0
    outer loop
      vertex 0 61.8 18.8
      vertex 0 77.6 0
      vertex 0 61.8 15.8
    endloop
  endfacet
  facet normal -1 0 0
    outer loop
      vertex 0 77.6 0
      vertex 0 51.8 15.8
      vertex 0 61.8 15.8
    endloop
  endfacet
  facet normal -1 0 0
    outer loop
      vertex 0 26.6452 5.38537
      vertex 0 51.8 15.8
      vertex 0 26.7 4.55
    endloop
  endfacet
  facet normal -1 0 0
    outer loop
      vertex 0 25.8426 1.35
      vertex 0 51.8 15.8
      vertex 0 77.6 0
    endloop
  endfacet
  facet normal -1 0 0
    outer loop
      vertex 0 51.8 15.8
      vertex 0 26.6452 3.71463
      vertex 0 26.7 4.55
    endloop
  endfacet
  facet normal -1 0 0
    outer loop
      vertex 0 51.8 15.8
      vertex 0 26.4819 2.89356
      vertex 0 26.6452 3.71463
    endloop
  endfacet
  facet normal -1 0 0
    outer loop
      vertex 0 51.8 15.8
      vertex 0 26.2128 2.10083
      vertex 0 26.4819 2.89356
    endloop
  endfacet
  facet normal -1 0 0
    outer loop
      vertex 0 51.8 15.8
      vertex 0 25.8426 1.35
      vertex 0 26.2128 2.10083
    endloop
  endfacet
  facet normal -1 0 0
    outer loop
      vertex 0 77.6 0
      vertex 0 25.3775 0.653927
      vertex 0 25.8426 1.35
    endloop
  endfacet
  facet normal -1 0 0
    outer loop
      vertex 0 77.6 0
      vertex 0 24.8255 0.0245161
      vertex 0 25.3775 0.653927
    endloop
  endfacet
  facet normal -1 0 -0
    outer loop
      vertex 0 24.8255 0.0245161
      vertex 0 77.6 0
      vertex 0 24.7975 0
    endloop
  endfacet
  facet normal -1 0 0
    outer loop
      vertex 0 77.6 0
      vertex 0 61.8 18.8
      vertex 0 77.6 44.8
    endloop
  endfacet
  facet normal -1 0 0
    outer loop
      vertex 0 51.8 18.8
      vertex 0 77.6 44.8
      vertex 0 61.8 18.8
    endloop
  endfacet
  facet normal -1 0 0
    outer loop
      vertex 0 26.4819 6.20644
      vertex 0 51.8 15.8
      vertex 0 26.6452 5.38537
    endloop
  endfacet
  facet normal -1 0 0
    outer loop
      vertex 0 26.2128 6.99917
      vertex 0 51.8 15.8
      vertex 0 26.4819 6.20644
    endloop
  endfacet
  facet normal -1 0 0
    outer loop
      vertex 0 25.8426 7.75
      vertex 0 51.8 15.8
      vertex 0 26.2128 6.99917
    endloop
  endfacet
  facet normal -1 0 0
    outer loop
      vertex 0 25.3775 8.44607
      vertex 0 51.8 15.8
      vertex 0 25.8426 7.75
    endloop
  endfacet
  facet normal -1 -0 0
    outer loop
      vertex 0 51.8 15.8
      vertex 0 25.3775 8.44607
      vertex 0 51.8 18.8
    endloop
  endfacet
  facet normal -1 0 0
    outer loop
      vertex 0 24.8255 9.07548
      vertex 0 51.8 18.8
      vertex 0 25.3775 8.44607
    endloop
  endfacet
  facet normal -1 0 0
    outer loop
      vertex 0 24.1961 9.62746
      vertex 0 51.8 18.8
      vertex 0 24.8255 9.07548
    endloop
  endfacet
  facet normal -1 0 0
    outer loop
      vertex 0 23.5 10.0926
      vertex 0 51.8 18.8
      vertex 0 24.1961 9.62746
    endloop
  endfacet
  facet normal -1 0 0
    outer loop
      vertex 0 22.7492 10.4628
      vertex 0 51.8 18.8
      vertex 0 23.5 10.0926
    endloop
  endfacet
  facet normal -1 0 0
    outer loop
      vertex 0 21.9564 10.7319
      vertex 0 51.8 18.8
      vertex 0 22.7492 10.4628
    endloop
  endfacet
  facet normal -1 -0 0
    outer loop
      vertex 0 51.8 18.8
      vertex 0 21.9564 10.7319
      vertex 0 0 44.8
    endloop
  endfacet
  facet normal -1 0 0
    outer loop
      vertex 0 0 44.8
      vertex 0 21.9564 10.7319
      vertex 0 21.1354 10.8952
    endloop
  endfacet
  facet normal -1 0 0
    outer loop
      vertex 0 0 44.8
      vertex 0 21.1354 10.8952
      vertex 0 20.3 10.95
    endloop
  endfacet
  facet normal -1 0 0
    outer loop
      vertex 0 0 44.8
      vertex 0 20.3 10.95
      vertex 0 19.4646 10.8952
    endloop
  endfacet
  facet normal -1 0 0
    outer loop
      vertex 0 0 44.8
      vertex 0 19.4646 10.8952
      vertex 0 18.6436 10.7319
    endloop
  endfacet
  facet normal -1 0 0
    outer loop
      vertex 0 0 44.8
      vertex 0 18.6436 10.7319
      vertex 0 17.8508 10.4628
    endloop
  endfacet
  facet normal -1 0 0
    outer loop
      vertex 0 0 44.8
      vertex 0 17.8508 10.4628
      vertex 0 17.1 10.0926
    endloop
  endfacet
  facet normal -1 0 0
    outer loop
      vertex 0 0 0
      vertex 0 13.9548 5.38537
      vertex 0 13.9 4.55
    endloop
  endfacet
  facet normal -1 0 0
    outer loop
      vertex 0 0 0
      vertex 0 14.1181 6.20644
      vertex 0 13.9548 5.38537
    endloop
  endfacet
  facet normal -1 0 0
    outer loop
      vertex 0 0 0
      vertex 0 14.3872 6.99917
      vertex 0 14.1181 6.20644
    endloop
  endfacet
  facet normal -1 0 0
    outer loop
      vertex 0 0 0
      vertex 0 14.7574 7.75
      vertex 0 14.3872 6.99917
    endloop
  endfacet
  facet normal -1 0 0
    outer loop
      vertex 0 0 0
      vertex 0 15.2225 8.44607
      vertex 0 14.7574 7.75
    endloop
  endfacet
  facet normal -1 0 0
    outer loop
      vertex 0 0 44.8
      vertex 0 15.2225 8.44607
      vertex 0 0 0
    endloop
  endfacet
  facet normal -1 0 0
    outer loop
      vertex 0 15.2225 8.44607
      vertex 0 0 44.8
      vertex 0 15.7745 9.07548
    endloop
  endfacet
  facet normal -1 0 0
    outer loop
      vertex 0 15.7745 9.07548
      vertex 0 0 44.8
      vertex 0 16.4039 9.62746
    endloop
  endfacet
  facet normal -1 0 0
    outer loop
      vertex 0 51.8 18.8
      vertex 0 0 44.8
      vertex 0 77.6 44.8
    endloop
  endfacet
  facet normal -1 0 0
    outer loop
      vertex 0 16.4039 9.62746
      vertex 0 0 44.8
      vertex 0 17.1 10.0926
    endloop
  endfacet
  facet normal 0 0 1
    outer loop
      vertex 155.6 77.6 44.8
      vertex 152.8 74.8 44.8
      vertex 155.6 0 44.8
    endloop
  endfacet
  facet normal 0 0 1
    outer loop
      vertex 155.6 77.6 44.8
      vertex 2.8 74.8 44.8
      vertex 152.8 74.8 44.8
    endloop
  endfacet
  facet normal 0 0 1
    outer loop
      vertex 2.8 74.8 44.8
      vertex 0 77.6 44.8
      vertex 2.8 2.8 44.8
    endloop
  endfacet
  facet normal -0 0 1
    outer loop
      vertex 0 77.6 44.8
      vertex 2.8 74.8 44.8
      vertex 155.6 77.6 44.8
    endloop
  endfacet
  facet normal -0 0 1
    outer loop
      vertex 152.8 2.8 44.8
      vertex 155.6 0 44.8
      vertex 152.8 74.8 44.8
    endloop
  endfacet
  facet normal -0 0 1
    outer loop
      vertex 2.8 2.8 44.8
      vertex 155.6 0 44.8
      vertex 152.8 2.8 44.8
    endloop
  endfacet
  facet normal 0 0 1
    outer loop
      vertex 2.8 2.8 44.8
      vertex 0 0 44.8
      vertex 155.6 0 44.8
    endloop
  endfacet
  facet normal 0 0 1
    outer loop
      vertex 0 0 44.8
      vertex 2.8 2.8 44.8
      vertex 0 77.6 44.8
    endloop
  endfacet
  facet normal 1 -0 0
    outer loop
      vertex 155.6 0 44.8
      vertex 155.6 77.6 0
      vertex 155.6 77.6 44.8
    endloop
  endfacet
  facet normal 1 0 0
    outer loop
      vertex 155.6 77.6 0
      vertex 155.6 0 44.8
      vertex 155.6 0 0
    endloop
  endfacet
  facet normal 0 1 0
    outer loop
      vertex 30.5249 77.6 0.999999
      vertex 30.5249 77.6 0
      vertex 29.4682 77.6 0.999999
    endloop
  endfacet
  facet normal 0 1 -0
    outer loop
      vertex 48.0249 77.6 0
      vertex 46.9682 77.6 0.999999
      vertex 48.0249 77.6 0.999999
    endloop
  endfacet
  facet normal 0 1 0
    outer loop
      vertex 46.9682 77.6 0.999999
      vertex 48.0249 77.6 0
      vertex 38.6318 77.6 0.999999
    endloop
  endfacet
  facet normal 0 1 0
    outer loop
      vertex 37.5751 77.6 0
      vertex 38.6318 77.6 0.999999
      vertex 48.0249 77.6 0
    endloop
  endfacet
  facet normal 0 1 0
    outer loop
      vertex 38.6318 77.6 0.999999
      vertex 37.5751 77.6 0
      vertex 37.5751 77.6 0.999999
    endloop
  endfacet
  facet normal 0 1 -0
    outer loop
      vertex 65.5249 77.6 0
      vertex 64.4682 77.6 0.999999
      vertex 65.5249 77.6 0.999999
    endloop
  endfacet
  facet normal 0 1 0
    outer loop
      vertex 64.4682 77.6 0.999999
      vertex 65.5249 77.6 0
      vertex 56.1318 77.6 0.999999
    endloop
  endfacet
  facet normal 0 1 0
    outer loop
      vertex 55.0751 77.6 0
      vertex 56.1318 77.6 0.999999
      vertex 65.5249 77.6 0
    endloop
  endfacet
  facet normal 0 1 0
    outer loop
      vertex 56.1318 77.6 0.999999
      vertex 55.0751 77.6 0
      vertex 55.0751 77.6 0.999999
    endloop
  endfacet
  facet normal 0 1 -0
    outer loop
      vertex 100.525 77.6 0
      vertex 99.4682 77.6 0.999999
      vertex 100.525 77.6 0.999999
    endloop
  endfacet
  facet normal 0 1 0
    outer loop
      vertex 99.4682 77.6 0.999999
      vertex 100.525 77.6 0
      vertex 91.1318 77.6 0.999999
    endloop
  endfacet
  facet normal 0 1 0
    outer loop
      vertex 90.0751 77.6 0
      vertex 91.1318 77.6 0.999999
      vertex 100.525 77.6 0
    endloop
  endfacet
  facet normal 0 1 0
    outer loop
      vertex 91.1318 77.6 0.999999
      vertex 90.0751 77.6 0
      vertex 90.0751 77.6 0.999999
    endloop
  endfacet
  facet normal 0 1 -0
    outer loop
      vertex 118.025 77.6 0
      vertex 116.968 77.6 0.999999
      vertex 118.025 77.6 0.999999
    endloop
  endfacet
  facet normal 0 1 0
    outer loop
      vertex 116.968 77.6 0.999999
      vertex 118.025 77.6 0
      vertex 108.632 77.6 0.999999
    endloop
  endfacet
  facet normal 0 1 0
    outer loop
      vertex 107.575 77.6 0
      vertex 108.632 77.6 0.999999
      vertex 118.025 77.6 0
    endloop
  endfacet
  facet normal 0 1 0
    outer loop
      vertex 108.632 77.6 0.999999
      vertex 107.575 77.6 0
      vertex 107.575 77.6 0.999999
    endloop
  endfacet
  facet normal 0 1 -0
    outer loop
      vertex 46.9682 77.6 0.999999
      vertex 38.6318 77.6 2.6
      vertex 46.9682 77.6 2.6
    endloop
  endfacet
  facet normal 0 1 0
    outer loop
      vertex 38.6318 77.6 2.6
      vertex 46.9682 77.6 0.999999
      vertex 38.6318 77.6 0.999999
    endloop
  endfacet
  facet normal 0 1 -0
    outer loop
      vertex 64.4682 77.6 0.999999
      vertex 56.1318 77.6 2.6
      vertex 64.4682 77.6 2.6
    endloop
  endfacet
  facet normal 0 1 0
    outer loop
      vertex 56.1318 77.6 2.6
      vertex 64.4682 77.6 0.999999
      vertex 56.1318 77.6 0.999999
    endloop
  endfacet
  facet normal 0 1 -0
    outer loop
      vertex 99.4682 77.6 0.999999
      vertex 91.1318 77.6 2.6
      vertex 99.4682 77.6 2.6
    endloop
  endfacet
  facet normal 0 1 0
    outer loop
      vertex 91.1318 77.6 2.6
      vertex 99.4682 77.6 0.999999
      vertex 91.1318 77.6 0.999999
    endloop
  endfacet
  facet normal 0 1 -0
    outer loop
      vertex 116.968 77.6 0.999999
      vertex 108.632 77.6 2.6
      vertex 116.968 77.6 2.6
    endloop
  endfacet
  facet normal 0 1 0
    outer loop
      vertex 108.632 77.6 2.6
      vertex 116.968 77.6 0.999999
      vertex 108.632 77.6 0.999999
    endloop
  endfacet
  facet normal 0 1 0
    outer loop
      vertex 33.9876 77.6 33.9459
      vertex 48.8712 77.6 21.2672
      vertex 33.8488 77.6 33.5371
    endloop
  endfacet
  facet normal 0 1 0
    outer loop
      vertex 33.6579 77.6 33.15
      vertex 34.9637 77.6 21.7401
      vertex 34.05 77.6 21.8
    endloop
  endfacet
  facet normal 0 1 -0
    outer loop
      vertex 48.05 77.6 20.8622
      vertex 33.8488 77.6 33.5371
      vertex 48.8712 77.6 21.2672
    endloop
  endfacet
  facet normal 0 1 0
    outer loop
      vertex 33.6579 77.6 33.15
      vertex 35.8617 77.6 21.5615
      vertex 34.9637 77.6 21.7401
    endloop
  endfacet
  facet normal 0 1 -0
    outer loop
      vertex 37.55 77.6 20.8622
      vertex 33.8488 77.6 33.5371
      vertex 48.05 77.6 20.8622
    endloop
  endfacet
  facet normal 0 1 0
    outer loop
      vertex 33.6579 77.6 33.15
      vertex 36.7288 77.6 21.2672
      vertex 35.8617 77.6 21.5615
    endloop
  endfacet
  facet normal 0 1 0
    outer loop
      vertex 33.8488 77.6 33.5371
      vertex 37.55 77.6 20.8622
      vertex 33.6579 77.6 33.15
    endloop
  endfacet
  facet normal 0 1 0
    outer loop
      vertex 33.6579 77.6 33.15
      vertex 37.55 77.6 20.8622
      vertex 36.7288 77.6 21.2672
    endloop
  endfacet
  facet normal 0 1 -0
    outer loop
      vertex 47.2887 77.6 20.3535
      vertex 37.55 77.6 20.8622
      vertex 48.05 77.6 20.8622
    endloop
  endfacet
  facet normal 0 1 0
    outer loop
      vertex 47.2887 77.6 20.3535
      vertex 38.3113 77.6 20.3535
      vertex 37.55 77.6 20.8622
    endloop
  endfacet
  facet normal 0 1 -0
    outer loop
      vertex 46.6003 77.6 19.7497
      vertex 38.3113 77.6 20.3535
      vertex 47.2887 77.6 20.3535
    endloop
  endfacet
  facet normal 0 1 0
    outer loop
      vertex 46.6003 77.6 19.7497
      vertex 38.9997 77.6 19.7497
      vertex 38.3113 77.6 20.3535
    endloop
  endfacet
  facet normal 0 1 -0
    outer loop
      vertex 45.9965 77.6 19.0613
      vertex 38.9997 77.6 19.7497
      vertex 46.6003 77.6 19.7497
    endloop
  endfacet
  facet normal 0 1 0
    outer loop
      vertex 45.9965 77.6 19.0613
      vertex 39.6035 77.6 19.0613
      vertex 38.9997 77.6 19.7497
    endloop
  endfacet
  facet normal 0 1 -0
    outer loop
      vertex 45.4878 77.6 18.3
      vertex 39.6035 77.6 19.0613
      vertex 45.9965 77.6 19.0613
    endloop
  endfacet
  facet normal 0 1 0
    outer loop
      vertex 45.4878 77.6 18.3
      vertex 40.1122 77.6 18.3
      vertex 39.6035 77.6 19.0613
    endloop
  endfacet
  facet normal 0 1 -0
    outer loop
      vertex 45.0828 77.6 17.4788
      vertex 40.1122 77.6 18.3
      vertex 45.4878 77.6 18.3
    endloop
  endfacet
  facet normal 0 1 0
    outer loop
      vertex 45.0828 77.6 17.4788
      vertex 40.5172 77.6 17.4788
      vertex 40.1122 77.6 18.3
    endloop
  endfacet
  facet normal 0 1 -0
    outer loop
      vertex 44.7885 77.6 16.6117
      vertex 40.5172 77.6 17.4788
      vertex 45.0828 77.6 17.4788
    endloop
  endfacet
  facet normal 0 1 0
    outer loop
      vertex 44.7885 77.6 16.6117
      vertex 40.8115 77.6 16.6117
      vertex 40.5172 77.6 17.4788
    endloop
  endfacet
  facet normal 0 1 -0
    outer loop
      vertex 44.6099 77.6 15.7137
      vertex 40.8115 77.6 16.6117
      vertex 44.7885 77.6 16.6117
    endloop
  endfacet
  facet normal 0 1 0
    outer loop
      vertex 44.6099 77.6 15.7137
      vertex 40.9901 77.6 15.7137
      vertex 40.8115 77.6 16.6117
    endloop
  endfacet
  facet normal 0 1 -0
    outer loop
      vertex 44.55 77.6 14.8
      vertex 40.9901 77.6 15.7137
      vertex 44.6099 77.6 15.7137
    endloop
  endfacet
  facet normal 0 1 0
    outer loop
      vertex 44.55 77.6 14.8
      vertex 41.05 77.6 14.8
      vertex 40.9901 77.6 15.7137
    endloop
  endfacet
  facet normal 0 1 0
    outer loop
      vertex 44.6099 77.6 13.8863
      vertex 41.05 77.6 14.8
      vertex 44.55 77.6 14.8
    endloop
  endfacet
  facet normal 0 1 0
    outer loop
      vertex 44.6099 77.6 13.8863
      vertex 40.9901 77.6 13.8863
      vertex 41.05 77.6 14.8
    endloop
  endfacet
  facet normal 0 1 0
    outer loop
      vertex 44.7885 77.6 12.9883
      vertex 40.9901 77.6 13.8863
      vertex 44.6099 77.6 13.8863
    endloop
  endfacet
  facet normal 0 1 0
    outer loop
      vertex 44.7885 77.6 12.9883
      vertex 40.8115 77.6 12.9883
      vertex 40.9901 77.6 13.8863
    endloop
  endfacet
  facet normal 0 1 0
    outer loop
      vertex 45.0828 77.6 12.1212
      vertex 40.8115 77.6 12.9883
      vertex 44.7885 77.6 12.9883
    endloop
  endfacet
  facet normal 0 1 0
    outer loop
      vertex 45.0828 77.6 12.1212
      vertex 40.5172 77.6 12.1212
      vertex 40.8115 77.6 12.9883
    endloop
  endfacet
  facet normal 0 1 0
    outer loop
      vertex 45.4878 77.6 11.3
      vertex 40.5172 77.6 12.1212
      vertex 45.0828 77.6 12.1212
    endloop
  endfacet
  facet normal 0 1 0
    outer loop
      vertex 45.4878 77.6 11.3
      vertex 40.1122 77.6 11.3
      vertex 40.5172 77.6 12.1212
    endloop
  endfacet
  facet normal 0 1 0
    outer loop
      vertex 45.9965 77.6 10.5387
      vertex 40.1122 77.6 11.3
      vertex 45.4878 77.6 11.3
    endloop
  endfacet
  facet normal 0 1 0
    outer loop
      vertex 45.9965 77.6 10.5387
      vertex 39.6035 77.6 10.5387
      vertex 40.1122 77.6 11.3
    endloop
  endfacet
  facet normal 0 1 0
    outer loop
      vertex 46.6003 77.6 9.85025
      vertex 39.6035 77.6 10.5387
      vertex 45.9965 77.6 10.5387
    endloop
  endfacet
  facet normal 0 1 0
    outer loop
      vertex 46.6003 77.6 9.85025
      vertex 38.9997 77.6 9.85025
      vertex 39.6035 77.6 10.5387
    endloop
  endfacet
  facet normal 0 1 -0
    outer loop
      vertex 46.9682 77.6 2.6
      vertex 46.6003 77.6 9.85025
      vertex 47.2887 77.6 9.24653
    endloop
  endfacet
  facet normal 0 1 0
    outer loop
      vertex 46.6003 77.6 9.85025
      vertex 46.9682 77.6 2.6
      vertex 38.9997 77.6 9.85025
    endloop
  endfacet
  facet normal 0 1 0
    outer loop
      vertex 46.9682 77.6 2.6
      vertex 47.2887 77.6 9.24653
      vertex 48.05 77.6 8.73782
    endloop
  endfacet
  facet normal 0 1 0
    outer loop
      vertex 38.6318 77.6 2.6
      vertex 38.9997 77.6 9.85025
      vertex 46.9682 77.6 2.6
    endloop
  endfacet
  facet normal 0 1 0
    outer loop
      vertex 46.9682 77.6 2.6
      vertex 48.05 77.6 8.73782
      vertex 48.8712 77.6 8.33284
    endloop
  endfacet
  facet normal 0 1 0
    outer loop
      vertex 38.9997 77.6 9.85025
      vertex 38.6318 77.6 2.6
      vertex 38.3113 77.6 9.24653
    endloop
  endfacet
  facet normal 0 1 0
    outer loop
      vertex 46.9682 77.6 2.6
      vertex 48.8712 77.6 8.33284
      vertex 49.7383 77.6 8.03852
    endloop
  endfacet
  facet normal 0 1 0
    outer loop
      vertex 38.3113 77.6 9.24653
      vertex 38.6318 77.6 2.6
      vertex 37.55 77.6 8.73782
    endloop
  endfacet
  facet normal 0 1 0
    outer loop
      vertex 46.9682 77.6 2.6
      vertex 49.7383 77.6 8.03852
      vertex 50.6363 77.6 7.85989
    endloop
  endfacet
  facet normal 0 1 0
    outer loop
      vertex 37.55 77.6 8.73782
      vertex 38.6318 77.6 2.6
      vertex 36.7288 77.6 8.33284
    endloop
  endfacet
  facet normal 0 1 0
    outer loop
      vertex 46.9682 77.6 2.6
      vertex 50.6363 77.6 7.85989
      vertex 51.55 77.6 7.8
    endloop
  endfacet
  facet normal 0 1 0
    outer loop
      vertex 36.7288 77.6 8.33284
      vertex 38.6318 77.6 2.6
      vertex 35.8617 77.6 8.03852
    endloop
  endfacet
  facet normal 0 1 -0
    outer loop
      vertex 67.2383 77.6 21.5615
      vertex 33.6579 77.6 36.45
      vertex 68.1363 77.6 21.7401
    endloop
  endfacet
  facet normal 0 1 0
    outer loop
      vertex 33.6579 77.6 36.45
      vertex 52.4637 77.6 21.7401
      vertex 51.55 77.6 21.8
    endloop
  endfacet
  facet normal 0 1 -0
    outer loop
      vertex 53.3617 77.6 21.5615
      vertex 33.6579 77.6 36.45
      vertex 67.2383 77.6 21.5615
    endloop
  endfacet
  facet normal 0 1 0
    outer loop
      vertex 33.6579 77.6 36.45
      vertex 53.3617 77.6 21.5615
      vertex 52.4637 77.6 21.7401
    endloop
  endfacet
  facet normal 0 1 -0
    outer loop
      vertex 66.3712 77.6 21.2672
      vertex 53.3617 77.6 21.5615
      vertex 67.2383 77.6 21.5615
    endloop
  endfacet
  facet normal 0 1 0
    outer loop
      vertex 66.3712 77.6 21.2672
      vertex 54.2288 77.6 21.2672
      vertex 53.3617 77.6 21.5615
    endloop
  endfacet
  facet normal 0 1 -0
    outer loop
      vertex 65.55 77.6 20.8622
      vertex 54.2288 77.6 21.2672
      vertex 66.3712 77.6 21.2672
    endloop
  endfacet
  facet normal 0 1 0
    outer loop
      vertex 65.55 77.6 20.8622
      vertex 55.05 77.6 20.8622
      vertex 54.2288 77.6 21.2672
    endloop
  endfacet
  facet normal 0 1 -0
    outer loop
      vertex 64.7887 77.6 20.3535
      vertex 55.05 77.6 20.8622
      vertex 65.55 77.6 20.8622
    endloop
  endfacet
  facet normal 0 1 0
    outer loop
      vertex 64.7887 77.6 20.3535
      vertex 55.8113 77.6 20.3535
      vertex 55.05 77.6 20.8622
    endloop
  endfacet
  facet normal 0 1 -0
    outer loop
      vertex 64.1003 77.6 19.7497
      vertex 55.8113 77.6 20.3535
      vertex 64.7887 77.6 20.3535
    endloop
  endfacet
  facet normal 0 1 0
    outer loop
      vertex 64.1003 77.6 19.7497
      vertex 56.4997 77.6 19.7497
      vertex 55.8113 77.6 20.3535
    endloop
  endfacet
  facet normal 0 1 -0
    outer loop
      vertex 63.4965 77.6 19.0613
      vertex 56.4997 77.6 19.7497
      vertex 64.1003 77.6 19.7497
    endloop
  endfacet
  facet normal 0 1 0
    outer loop
      vertex 63.4965 77.6 19.0613
      vertex 57.1035 77.6 19.0613
      vertex 56.4997 77.6 19.7497
    endloop
  endfacet
  facet normal 0 1 -0
    outer loop
      vertex 62.9878 77.6 18.3
      vertex 57.1035 77.6 19.0613
      vertex 63.4965 77.6 19.0613
    endloop
  endfacet
  facet normal 0 1 0
    outer loop
      vertex 62.9878 77.6 18.3
      vertex 57.6122 77.6 18.3
      vertex 57.1035 77.6 19.0613
    endloop
  endfacet
  facet normal 0 1 -0
    outer loop
      vertex 62.5828 77.6 17.4788
      vertex 57.6122 77.6 18.3
      vertex 62.9878 77.6 18.3
    endloop
  endfacet
  facet normal 0 1 0
    outer loop
      vertex 62.5828 77.6 17.4788
      vertex 58.0172 77.6 17.4788
      vertex 57.6122 77.6 18.3
    endloop
  endfacet
  facet normal 0 1 -0
    outer loop
      vertex 62.2885 77.6 16.6117
      vertex 58.0172 77.6 17.4788
      vertex 62.5828 77.6 17.4788
    endloop
  endfacet
  facet normal 0 1 0
    outer loop
      vertex 62.2885 77.6 16.6117
      vertex 58.3115 77.6 16.6117
      vertex 58.0172 77.6 17.4788
    endloop
  endfacet
  facet normal 0 1 -0
    outer loop
      vertex 62.1099 77.6 15.7137
      vertex 58.3115 77.6 16.6117
      vertex 62.2885 77.6 16.6117
    endloop
  endfacet
  facet normal 0 1 0
    outer loop
      vertex 62.1099 77.6 15.7137
      vertex 58.4901 77.6 15.7137
      vertex 58.3115 77.6 16.6117
    endloop
  endfacet
  facet normal 0 1 -0
    outer loop
      vertex 62.05 77.6 14.8
      vertex 58.4901 77.6 15.7137
      vertex 62.1099 77.6 15.7137
    endloop
  endfacet
  facet normal 0 1 0
    outer loop
      vertex 62.05 77.6 14.8
      vertex 58.55 77.6 14.8
      vertex 58.4901 77.6 15.7137
    endloop
  endfacet
  facet normal 0 1 0
    outer loop
      vertex 62.1099 77.6 13.8863
      vertex 58.55 77.6 14.8
      vertex 62.05 77.6 14.8
    endloop
  endfacet
  facet normal 0 1 0
    outer loop
      vertex 62.1099 77.6 13.8863
      vertex 58.4901 77.6 13.8863
      vertex 58.55 77.6 14.8
    endloop
  endfacet
  facet normal 0 1 0
    outer loop
      vertex 62.2885 77.6 12.9883
      vertex 58.4901 77.6 13.8863
      vertex 62.1099 77.6 13.8863
    endloop
  endfacet
  facet normal 0 1 0
    outer loop
      vertex 62.2885 77.6 12.9883
      vertex 58.3115 77.6 12.9883
      vertex 58.4901 77.6 13.8863
    endloop
  endfacet
  facet normal 0 1 0
    outer loop
      vertex 62.5828 77.6 12.1212
      vertex 58.3115 77.6 12.9883
      vertex 62.2885 77.6 12.9883
    endloop
  endfacet
  facet normal 0 1 0
    outer loop
      vertex 62.5828 77.6 12.1212
      vertex 58.0172 77.6 12.1212
      vertex 58.3115 77.6 12.9883
    endloop
  endfacet
  facet normal 0 1 0
    outer loop
      vertex 62.9878 77.6 11.3
      vertex 58.0172 77.6 12.1212
      vertex 62.5828 77.6 12.1212
    endloop
  endfacet
  facet normal 0 1 0
    outer loop
      vertex 62.9878 77.6 11.3
      vertex 57.6122 77.6 11.3
      vertex 58.0172 77.6 12.1212
    endloop
  endfacet
  facet normal 0 1 0
    outer loop
      vertex 63.4965 77.6 10.5387
      vertex 57.6122 77.6 11.3
      vertex 62.9878 77.6 11.3
    endloop
  endfacet
  facet normal 0 1 0
    outer loop
      vertex 63.4965 77.6 10.5387
      vertex 57.1035 77.6 10.5387
      vertex 57.6122 77.6 11.3
    endloop
  endfacet
  facet normal 0 1 0
    outer loop
      vertex 64.1003 77.6 9.85025
      vertex 57.1035 77.6 10.5387
      vertex 63.4965 77.6 10.5387
    endloop
  endfacet
  facet normal 0 1 0
    outer loop
      vertex 64.1003 77.6 9.85025
      vertex 56.4997 77.6 9.85025
      vertex 57.1035 77.6 10.5387
    endloop
  endfacet
  facet normal 0 1 -0
    outer loop
      vertex 64.4682 77.6 2.6
      vertex 64.1003 77.6 9.85025
      vertex 64.7887 77.6 9.24653
    endloop
  endfacet
  facet normal 0 1 0
    outer loop
      vertex 64.1003 77.6 9.85025
      vertex 64.4682 77.6 2.6
      vertex 56.4997 77.6 9.85025
    endloop
  endfacet
  facet normal 0 1 0
    outer loop
      vertex 64.4682 77.6 2.6
      vertex 64.7887 77.6 9.24653
      vertex 65.55 77.6 8.73782
    endloop
  endfacet
  facet normal 0 1 0
    outer loop
      vertex 56.1318 77.6 2.6
      vertex 56.4997 77.6 9.85025
      vertex 64.4682 77.6 2.6
    endloop
  endfacet
  facet normal 0 1 0
    outer loop
      vertex 64.4682 77.6 2.6
      vertex 65.55 77.6 8.73782
      vertex 66.3712 77.6 8.33284
    endloop
  endfacet
  facet normal 0 1 0
    outer loop
      vertex 56.4997 77.6 9.85025
      vertex 56.1318 77.6 2.6
      vertex 55.8113 77.6 9.24653
    endloop
  endfacet
  facet normal 0 1 0
    outer loop
      vertex 64.4682 77.6 2.6
      vertex 66.3712 77.6 8.33284
      vertex 67.2383 77.6 8.03852
    endloop
  endfacet
  facet normal 0 1 0
    outer loop
      vertex 55.8113 77.6 9.24653
      vertex 56.1318 77.6 2.6
      vertex 55.05 77.6 8.73782
    endloop
  endfacet
  facet normal 0 1 0
    outer loop
      vertex 64.4682 77.6 2.6
      vertex 67.2383 77.6 8.03852
      vertex 68.1363 77.6 7.85989
    endloop
  endfacet
  facet normal 0 1 0
    outer loop
      vertex 55.05 77.6 8.73782
      vertex 56.1318 77.6 2.6
      vertex 54.2288 77.6 8.33284
    endloop
  endfacet
  facet normal 0 1 0
    outer loop
      vertex 64.4682 77.6 2.6
      vertex 68.1363 77.6 7.85989
      vertex 69.05 77.6 7.8
    endloop
  endfacet
  facet normal 0 1 0
    outer loop
      vertex 54.2288 77.6 8.33284
      vertex 56.1318 77.6 2.6
      vertex 53.3617 77.6 8.03852
    endloop
  endfacet
  facet normal 0 1 -0
    outer loop
      vertex 69.9637 77.6 21.7401
      vertex 32.8089 77.6 37.4181
      vertex 85.6363 77.6 21.7401
    endloop
  endfacet
  facet normal 0 1 0
    outer loop
      vertex 32.8089 77.6 37.4181
      vertex 69.9637 77.6 21.7401
      vertex 69.05 77.6 21.8
    endloop
  endfacet
  facet normal 0 1 -0
    outer loop
      vertex 84.7383 77.6 21.5615
      vertex 69.9637 77.6 21.7401
      vertex 85.6363 77.6 21.7401
    endloop
  endfacet
  facet normal 0 1 0
    outer loop
      vertex 84.7383 77.6 21.5615
      vertex 70.8617 77.6 21.5615
      vertex 69.9637 77.6 21.7401
    endloop
  endfacet
  facet normal 0 1 -0
    outer loop
      vertex 83.8712 77.6 21.2672
      vertex 70.8617 77.6 21.5615
      vertex 84.7383 77.6 21.5615
    endloop
  endfacet
  facet normal 0 1 0
    outer loop
      vertex 83.8712 77.6 21.2672
      vertex 71.7288 77.6 21.2672
      vertex 70.8617 77.6 21.5615
    endloop
  endfacet
  facet normal 0 1 -0
    outer loop
      vertex 83.05 77.6 20.8622
      vertex 71.7288 77.6 21.2672
      vertex 83.8712 77.6 21.2672
    endloop
  endfacet
  facet normal 0 1 0
    outer loop
      vertex 83.05 77.6 20.8622
      vertex 72.55 77.6 20.8622
      vertex 71.7288 77.6 21.2672
    endloop
  endfacet
  facet normal 0 1 -0
    outer loop
      vertex 82.2887 77.6 20.3535
      vertex 72.55 77.6 20.8622
      vertex 83.05 77.6 20.8622
    endloop
  endfacet
  facet normal 0 1 0
    outer loop
      vertex 82.2887 77.6 20.3535
      vertex 73.3113 77.6 20.3535
      vertex 72.55 77.6 20.8622
    endloop
  endfacet
  facet normal 0 1 -0
    outer loop
      vertex 81.6003 77.6 19.7497
      vertex 73.3113 77.6 20.3535
      vertex 82.2887 77.6 20.3535
    endloop
  endfacet
  facet normal 0 1 0
    outer loop
      vertex 81.6003 77.6 19.7497
      vertex 73.9997 77.6 19.7497
      vertex 73.3113 77.6 20.3535
    endloop
  endfacet
  facet normal 0 1 -0
    outer loop
      vertex 80.9965 77.6 19.0613
      vertex 73.9997 77.6 19.7497
      vertex 81.6003 77.6 19.7497
    endloop
  endfacet
  facet normal 0 1 0
    outer loop
      vertex 80.9965 77.6 19.0613
      vertex 74.6035 77.6 19.0613
      vertex 73.9997 77.6 19.7497
    endloop
  endfacet
  facet normal 0 1 -0
    outer loop
      vertex 80.4878 77.6 18.3
      vertex 74.6035 77.6 19.0613
      vertex 80.9965 77.6 19.0613
    endloop
  endfacet
  facet normal 0 1 0
    outer loop
      vertex 80.4878 77.6 18.3
      vertex 75.1122 77.6 18.3
      vertex 74.6035 77.6 19.0613
    endloop
  endfacet
  facet normal 0 1 -0
    outer loop
      vertex 80.0828 77.6 17.4788
      vertex 75.1122 77.6 18.3
      vertex 80.4878 77.6 18.3
    endloop
  endfacet
  facet normal 0 1 0
    outer loop
      vertex 80.0828 77.6 17.4788
      vertex 75.5172 77.6 17.4788
      vertex 75.1122 77.6 18.3
    endloop
  endfacet
  facet normal 0 1 -0
    outer loop
      vertex 79.7885 77.6 16.6117
      vertex 75.5172 77.6 17.4788
      vertex 80.0828 77.6 17.4788
    endloop
  endfacet
  facet normal 0 1 0
    outer loop
      vertex 79.7885 77.6 16.6117
      vertex 75.8115 77.6 16.6117
      vertex 75.5172 77.6 17.4788
    endloop
  endfacet
  facet normal 0 1 -0
    outer loop
      vertex 79.6099 77.6 15.7137
      vertex 75.8115 77.6 16.6117
      vertex 79.7885 77.6 16.6117
    endloop
  endfacet
  facet normal 0 1 0
    outer loop
      vertex 79.6099 77.6 15.7137
      vertex 75.9901 77.6 15.7137
      vertex 75.8115 77.6 16.6117
    endloop
  endfacet
  facet normal 0 1 -0
    outer loop
      vertex 79.55 77.6 14.8
      vertex 75.9901 77.6 15.7137
      vertex 79.6099 77.6 15.7137
    endloop
  endfacet
  facet normal 0 1 0
    outer loop
      vertex 79.55 77.6 14.8
      vertex 76.05 77.6 14.8
      vertex 75.9901 77.6 15.7137
    endloop
  endfacet
  facet normal 0 1 0
    outer loop
      vertex 79.6099 77.6 13.8863
      vertex 76.05 77.6 14.8
      vertex 79.55 77.6 14.8
    endloop
  endfacet
  facet normal 0 1 0
    outer loop
      vertex 79.6099 77.6 13.8863
      vertex 75.9901 77.6 13.8863
      vertex 76.05 77.6 14.8
    endloop
  endfacet
  facet normal 0 1 0
    outer loop
      vertex 79.7885 77.6 12.9883
      vertex 75.9901 77.6 13.8863
      vertex 79.6099 77.6 13.8863
    endloop
  endfacet
  facet normal 0 1 0
    outer loop
      vertex 79.7885 77.6 12.9883
      vertex 75.8115 77.6 12.9883
      vertex 75.9901 77.6 13.8863
    endloop
  endfacet
  facet normal 0 1 0
    outer loop
      vertex 80.0828 77.6 12.1212
      vertex 75.8115 77.6 12.9883
      vertex 79.7885 77.6 12.9883
    endloop
  endfacet
  facet normal 0 1 0
    outer loop
      vertex 80.0828 77.6 12.1212
      vertex 75.5172 77.6 12.1212
      vertex 75.8115 77.6 12.9883
    endloop
  endfacet
  facet normal 0 1 0
    outer loop
      vertex 80.4878 77.6 11.3
      vertex 75.5172 77.6 12.1212
      vertex 80.0828 77.6 12.1212
    endloop
  endfacet
  facet normal 0 1 0
    outer loop
      vertex 80.4878 77.6 11.3
      vertex 75.1122 77.6 11.3
      vertex 75.5172 77.6 12.1212
    endloop
  endfacet
  facet normal 0 1 0
    outer loop
      vertex 80.9965 77.6 10.5387
      vertex 75.1122 77.6 11.3
      vertex 80.4878 77.6 11.3
    endloop
  endfacet
  facet normal 0 1 0
    outer loop
      vertex 80.9965 77.6 10.5387
      vertex 74.6035 77.6 10.5387
      vertex 75.1122 77.6 11.3
    endloop
  endfacet
  facet normal 0 1 0
    outer loop
      vertex 81.6003 77.6 9.85025
      vertex 74.6035 77.6 10.5387
      vertex 80.9965 77.6 10.5387
    endloop
  endfacet
  facet normal 0 1 0
    outer loop
      vertex 81.6003 77.6 9.85025
      vertex 73.9997 77.6 9.85025
      vertex 74.6035 77.6 10.5387
    endloop
  endfacet
  facet normal 0 1 0
    outer loop
      vertex 79.5739 77.6 2.88
      vertex 81.6003 77.6 9.85025
      vertex 82.2887 77.6 9.24653
    endloop
  endfacet
  facet normal 0 1 0
    outer loop
      vertex 81.6003 77.6 9.85025
      vertex 79.5739 77.6 2.88
      vertex 73.9997 77.6 9.85025
    endloop
  endfacet
  facet normal 0 1 0
    outer loop
      vertex 79.5739 77.6 2.88
      vertex 82.2887 77.6 9.24653
      vertex 83.05 77.6 8.73782
    endloop
  endfacet
  facet normal 0 1 -0
    outer loop
      vertex 76.0261 77.6 2.88
      vertex 73.9997 77.6 9.85025
      vertex 79.5739 77.6 2.88
    endloop
  endfacet
  facet normal 0 1 0
    outer loop
      vertex 79.5739 77.6 2.88
      vertex 83.05 77.6 8.73782
      vertex 83.8712 77.6 8.33284
    endloop
  endfacet
  facet normal 0 1 0
    outer loop
      vertex 73.9997 77.6 9.85025
      vertex 76.0261 77.6 2.88
      vertex 73.3113 77.6 9.24653
    endloop
  endfacet
  facet normal 0 1 0
    outer loop
      vertex 79.5739 77.6 2.88
      vertex 83.8712 77.6 8.33284
      vertex 84.7383 77.6 8.03852
    endloop
  endfacet
  facet normal 0 1 0
    outer loop
      vertex 73.3113 77.6 9.24653
      vertex 76.0261 77.6 2.88
      vertex 72.55 77.6 8.73782
    endloop
  endfacet
  facet normal 0 1 0
    outer loop
      vertex 79.5739 77.6 2.88
      vertex 84.7383 77.6 8.03852
      vertex 85.6363 77.6 7.85989
    endloop
  endfacet
  facet normal 0 1 0
    outer loop
      vertex 72.55 77.6 8.73782
      vertex 76.0261 77.6 2.88
      vertex 71.7288 77.6 8.33284
    endloop
  endfacet
  facet normal 0 1 0
    outer loop
      vertex 91.1318 77.6 2.6
      vertex 85.6363 77.6 7.85989
      vertex 86.55 77.6 7.8
    endloop
  endfacet
  facet normal 0 1 0
    outer loop
      vertex 71.7288 77.6 8.33284
      vertex 76.0261 77.6 2.88
      vertex 70.8617 77.6 8.03852
    endloop
  endfacet
  facet normal 0 1 0
    outer loop
      vertex 102.238 77.6 21.5615
      vertex 121.942 77.6 36.45
      vertex 103.136 77.6 21.7401
    endloop
  endfacet
  facet normal 0 1 0
    outer loop
      vertex 121.942 77.6 36.45
      vertex 87.4637 77.6 21.7401
      vertex 86.55 77.6 21.8
    endloop
  endfacet
  facet normal 0 1 0
    outer loop
      vertex 88.3617 77.6 21.5615
      vertex 121.942 77.6 36.45
      vertex 102.238 77.6 21.5615
    endloop
  endfacet
  facet normal 0 1 0
    outer loop
      vertex 121.942 77.6 36.45
      vertex 88.3617 77.6 21.5615
      vertex 87.4637 77.6 21.7401
    endloop
  endfacet
  facet normal 0 1 -0
    outer loop
      vertex 101.371 77.6 21.2672
      vertex 88.3617 77.6 21.5615
      vertex 102.238 77.6 21.5615
    endloop
  endfacet
  facet normal 0 1 0
    outer loop
      vertex 101.371 77.6 21.2672
      vertex 89.2288 77.6 21.2672
      vertex 88.3617 77.6 21.5615
    endloop
  endfacet
  facet normal 0 1 -0
    outer loop
      vertex 100.55 77.6 20.8622
      vertex 89.2288 77.6 21.2672
      vertex 101.371 77.6 21.2672
    endloop
  endfacet
  facet normal 0 1 0
    outer loop
      vertex 100.55 77.6 20.8622
      vertex 90.05 77.6 20.8622
      vertex 89.2288 77.6 21.2672
    endloop
  endfacet
  facet normal 0 1 -0
    outer loop
      vertex 99.7887 77.6 20.3535
      vertex 90.05 77.6 20.8622
      vertex 100.55 77.6 20.8622
    endloop
  endfacet
  facet normal 0 1 0
    outer loop
      vertex 99.7887 77.6 20.3535
      vertex 90.8113 77.6 20.3535
      vertex 90.05 77.6 20.8622
    endloop
  endfacet
  facet normal 0 1 -0
    outer loop
      vertex 99.1003 77.6 19.7497
      vertex 90.8113 77.6 20.3535
      vertex 99.7887 77.6 20.3535
    endloop
  endfacet
  facet normal 0 1 0
    outer loop
      vertex 99.1003 77.6 19.7497
      vertex 91.4997 77.6 19.7497
      vertex 90.8113 77.6 20.3535
    endloop
  endfacet
  facet normal 0 1 -0
    outer loop
      vertex 98.4965 77.6 19.0613
      vertex 91.4997 77.6 19.7497
      vertex 99.1003 77.6 19.7497
    endloop
  endfacet
  facet normal 0 1 0
    outer loop
      vertex 98.4965 77.6 19.0613
      vertex 92.1035 77.6 19.0613
      vertex 91.4997 77.6 19.7497
    endloop
  endfacet
  facet normal 0 1 -0
    outer loop
      vertex 97.9878 77.6 18.3
      vertex 92.1035 77.6 19.0613
      vertex 98.4965 77.6 19.0613
    endloop
  endfacet
  facet normal 0 1 0
    outer loop
      vertex 97.9878 77.6 18.3
      vertex 92.6122 77.6 18.3
      vertex 92.1035 77.6 19.0613
    endloop
  endfacet
  facet normal 0 1 -0
    outer loop
      vertex 97.5828 77.6 17.4788
      vertex 92.6122 77.6 18.3
      vertex 97.9878 77.6 18.3
    endloop
  endfacet
  facet normal 0 1 0
    outer loop
      vertex 97.5828 77.6 17.4788
      vertex 93.0172 77.6 17.4788
      vertex 92.6122 77.6 18.3
    endloop
  endfacet
  facet normal 0 1 -0
    outer loop
      vertex 97.2885 77.6 16.6117
      vertex 93.0172 77.6 17.4788
      vertex 97.5828 77.6 17.4788
    endloop
  endfacet
  facet normal 0 1 0
    outer loop
      vertex 97.2885 77.6 16.6117
      vertex 93.3115 77.6 16.6117
      vertex 93.0172 77.6 17.4788
    endloop
  endfacet
  facet normal 0 1 -0
    outer loop
      vertex 97.1099 77.6 15.7137
      vertex 93.3115 77.6 16.6117
      vertex 97.2885 77.6 16.6117
    endloop
  endfacet
  facet normal 0 1 0
    outer loop
      vertex 97.1099 77.6 15.7137
      vertex 93.4901 77.6 15.7137
      vertex 93.3115 77.6 16.6117
    endloop
  endfacet
  facet normal 0 1 -0
    outer loop
      vertex 97.05 77.6 14.8
      vertex 93.4901 77.6 15.7137
      vertex 97.1099 77.6 15.7137
    endloop
  endfacet
  facet normal 0 1 0
    outer loop
      vertex 97.05 77.6 14.8
      vertex 93.55 77.6 14.8
      vertex 93.4901 77.6 15.7137
    endloop
  endfacet
  facet normal 0 1 0
    outer loop
      vertex 97.1099 77.6 13.8863
      vertex 93.55 77.6 14.8
      vertex 97.05 77.6 14.8
    endloop
  endfacet
  facet normal 0 1 0
    outer loop
      vertex 97.1099 77.6 13.8863
      vertex 93.4901 77.6 13.8863
      vertex 93.55 77.6 14.8
    endloop
  endfacet
  facet normal 0 1 0
    outer loop
      vertex 97.2885 77.6 12.9883
      vertex 93.4901 77.6 13.8863
      vertex 97.1099 77.6 13.8863
    endloop
  endfacet
  facet normal 0 1 0
    outer loop
      vertex 97.2885 77.6 12.9883
      vertex 93.3115 77.6 12.9883
      vertex 93.4901 77.6 13.8863
    endloop
  endfacet
  facet normal 0 1 0
    outer loop
      vertex 97.5828 77.6 12.1212
      vertex 93.3115 77.6 12.9883
      vertex 97.2885 77.6 12.9883
    endloop
  endfacet
  facet normal 0 1 0
    outer loop
      vertex 97.5828 77.6 12.1212
      vertex 93.0172 77.6 12.1212
      vertex 93.3115 77.6 12.9883
    endloop
  endfacet
  facet normal 0 1 0
    outer loop
      vertex 97.9878 77.6 11.3
      vertex 93.0172 77.6 12.1212
      vertex 97.5828 77.6 12.1212
    endloop
  endfacet
  facet normal 0 1 0
    outer loop
      vertex 97.9878 77.6 11.3
      vertex 92.6122 77.6 11.3
      vertex 93.0172 77.6 12.1212
    endloop
  endfacet
  facet normal 0 1 0
    outer loop
      vertex 98.4965 77.6 10.5387
      vertex 92.6122 77.6 11.3
      vertex 97.9878 77.6 11.3
    endloop
  endfacet
  facet normal 0 1 0
    outer loop
      vertex 98.4965 77.6 10.5387
      vertex 92.1035 77.6 10.5387
      vertex 92.6122 77.6 11.3
    endloop
  endfacet
  facet normal 0 1 0
    outer loop
      vertex 99.1003 77.6 9.85025
      vertex 92.1035 77.6 10.5387
      vertex 98.4965 77.6 10.5387
    endloop
  endfacet
  facet normal 0 1 0
    outer loop
      vertex 99.1003 77.6 9.85025
      vertex 91.4997 77.6 9.85025
      vertex 92.1035 77.6 10.5387
    endloop
  endfacet
  facet normal 0 1 -0
    outer loop
      vertex 99.4682 77.6 2.6
      vertex 99.1003 77.6 9.85025
      vertex 99.7887 77.6 9.24653
    endloop
  endfacet
  facet normal 0 1 0
    outer loop
      vertex 99.1003 77.6 9.85025
      vertex 99.4682 77.6 2.6
      vertex 91.4997 77.6 9.85025
    endloop
  endfacet
  facet normal 0 1 0
    outer loop
      vertex 99.4682 77.6 2.6
      vertex 99.7887 77.6 9.24653
      vertex 100.55 77.6 8.73782
    endloop
  endfacet
  facet normal 0 1 0
    outer loop
      vertex 91.1318 77.6 2.6
      vertex 91.4997 77.6 9.85025
      vertex 99.4682 77.6 2.6
    endloop
  endfacet
  facet normal 0 1 0
    outer loop
      vertex 99.4682 77.6 2.6
      vertex 100.55 77.6 8.73782
      vertex 101.371 77.6 8.33284
    endloop
  endfacet
  facet normal 0 1 0
    outer loop
      vertex 91.4997 77.6 9.85025
      vertex 91.1318 77.6 2.6
      vertex 90.8113 77.6 9.24653
    endloop
  endfacet
  facet normal 0 1 0
    outer loop
      vertex 99.4682 77.6 2.6
      vertex 101.371 77.6 8.33284
      vertex 102.238 77.6 8.03852
    endloop
  endfacet
  facet normal 0 1 0
    outer loop
      vertex 90.8113 77.6 9.24653
      vertex 91.1318 77.6 2.6
      vertex 90.05 77.6 8.73782
    endloop
  endfacet
  facet normal 0 1 0
    outer loop
      vertex 99.4682 77.6 2.6
      vertex 102.238 77.6 8.03852
      vertex 103.136 77.6 7.85989
    endloop
  endfacet
  facet normal 0 1 0
    outer loop
      vertex 90.05 77.6 8.73782
      vertex 91.1318 77.6 2.6
      vertex 89.2288 77.6 8.33284
    endloop
  endfacet
  facet normal 0 1 0
    outer loop
      vertex 99.4682 77.6 2.6
      vertex 103.136 77.6 7.85989
      vertex 104.05 77.6 7.8
    endloop
  endfacet
  facet normal 0 1 0
    outer loop
      vertex 89.2288 77.6 8.33284
      vertex 91.1318 77.6 2.6
      vertex 88.3617 77.6 8.03852
    endloop
  endfacet
  facet normal 0 1 0
    outer loop
      vertex 118.871 77.6 21.2672
      vertex 122.182 77.6 32.7911
      vertex 119.738 77.6 21.5615
    endloop
  endfacet
  facet normal 0 1 0
    outer loop
      vertex 121.942 77.6 33.15
      vertex 104.964 77.6 21.7401
      vertex 104.05 77.6 21.8
    endloop
  endfacet
  facet normal 0 1 0
    outer loop
      vertex 122.182 77.6 32.7911
      vertex 118.871 77.6 21.2672
      vertex 121.942 77.6 33.15
    endloop
  endfacet
  facet normal 0 1 0
    outer loop
      vertex 121.942 77.6 33.15
      vertex 105.862 77.6 21.5615
      vertex 104.964 77.6 21.7401
    endloop
  endfacet
  facet normal 0 1 0
    outer loop
      vertex 118.05 77.6 20.8622
      vertex 121.942 77.6 33.15
      vertex 118.871 77.6 21.2672
    endloop
  endfacet
  facet normal 0 1 0
    outer loop
      vertex 121.942 77.6 33.15
      vertex 106.729 77.6 21.2672
      vertex 105.862 77.6 21.5615
    endloop
  endfacet
  facet normal 0 1 0
    outer loop
      vertex 107.55 77.6 20.8622
      vertex 121.942 77.6 33.15
      vertex 118.05 77.6 20.8622
    endloop
  endfacet
  facet normal 0 1 0
    outer loop
      vertex 121.942 77.6 33.15
      vertex 107.55 77.6 20.8622
      vertex 106.729 77.6 21.2672
    endloop
  endfacet
  facet normal 0 1 -0
    outer loop
      vertex 117.289 77.6 20.3535
      vertex 107.55 77.6 20.8622
      vertex 118.05 77.6 20.8622
    endloop
  endfacet
  facet normal 0 1 0
    outer loop
      vertex 117.289 77.6 20.3535
      vertex 108.311 77.6 20.3535
      vertex 107.55 77.6 20.8622
    endloop
  endfacet
  facet normal 0 1 -0
    outer loop
      vertex 116.6 77.6 19.7497
      vertex 108.311 77.6 20.3535
      vertex 117.289 77.6 20.3535
    endloop
  endfacet
  facet normal 0 1 0
    outer loop
      vertex 116.6 77.6 19.7497
      vertex 109 77.6 19.7497
      vertex 108.311 77.6 20.3535
    endloop
  endfacet
  facet normal 0 1 -0
    outer loop
      vertex 115.997 77.6 19.0613
      vertex 109 77.6 19.7497
      vertex 116.6 77.6 19.7497
    endloop
  endfacet
  facet normal 0 1 0
    outer loop
      vertex 115.997 77.6 19.0613
      vertex 109.603 77.6 19.0613
      vertex 109 77.6 19.7497
    endloop
  endfacet
  facet normal 0 1 -0
    outer loop
      vertex 115.488 77.6 18.3
      vertex 109.603 77.6 19.0613
      vertex 115.997 77.6 19.0613
    endloop
  endfacet
  facet normal 0 1 0
    outer loop
      vertex 115.488 77.6 18.3
      vertex 110.112 77.6 18.3
      vertex 109.603 77.6 19.0613
    endloop
  endfacet
  facet normal 0 1 -0
    outer loop
      vertex 115.083 77.6 17.4788
      vertex 110.112 77.6 18.3
      vertex 115.488 77.6 18.3
    endloop
  endfacet
  facet normal 0 1 0
    outer loop
      vertex 115.083 77.6 17.4788
      vertex 110.517 77.6 17.4788
      vertex 110.112 77.6 18.3
    endloop
  endfacet
  facet normal 0 1 -0
    outer loop
      vertex 114.789 77.6 16.6117
      vertex 110.517 77.6 17.4788
      vertex 115.083 77.6 17.4788
    endloop
  endfacet
  facet normal 0 1 0
    outer loop
      vertex 114.789 77.6 16.6117
      vertex 110.811 77.6 16.6117
      vertex 110.517 77.6 17.4788
    endloop
  endfacet
  facet normal 0 1 -0
    outer loop
      vertex 114.61 77.6 15.7137
      vertex 110.811 77.6 16.6117
      vertex 114.789 77.6 16.6117
    endloop
  endfacet
  facet normal 0 1 0
    outer loop
      vertex 114.61 77.6 15.7137
      vertex 110.99 77.6 15.7137
      vertex 110.811 77.6 16.6117
    endloop
  endfacet
  facet normal 0 1 -0
    outer loop
      vertex 114.55 77.6 14.8
      vertex 110.99 77.6 15.7137
      vertex 114.61 77.6 15.7137
    endloop
  endfacet
  facet normal 0 1 0
    outer loop
      vertex 114.55 77.6 14.8
      vertex 111.05 77.6 14.8
      vertex 110.99 77.6 15.7137
    endloop
  endfacet
  facet normal 0 1 0
    outer loop
      vertex 114.61 77.6 13.8863
      vertex 111.05 77.6 14.8
      vertex 114.55 77.6 14.8
    endloop
  endfacet
  facet normal 0 1 0
    outer loop
      vertex 114.61 77.6 13.8863
      vertex 110.99 77.6 13.8863
      vertex 111.05 77.6 14.8
    endloop
  endfacet
  facet normal 0 1 0
    outer loop
      vertex 114.789 77.6 12.9883
      vertex 110.99 77.6 13.8863
      vertex 114.61 77.6 13.8863
    endloop
  endfacet
  facet normal 0 1 0
    outer loop
      vertex 114.789 77.6 12.9883
      vertex 110.811 77.6 12.9883
      vertex 110.99 77.6 13.8863
    endloop
  endfacet
  facet normal 0 1 0
    outer loop
      vertex 115.083 77.6 12.1212
      vertex 110.811 77.6 12.9883
      vertex 114.789 77.6 12.9883
    endloop
  endfacet
  facet normal 0 1 0
    outer loop
      vertex 115.083 77.6 12.1212
      vertex 110.517 77.6 12.1212
      vertex 110.811 77.6 12.9883
    endloop
  endfacet
  facet normal 0 1 0
    outer loop
      vertex 115.488 77.6 11.3
      vertex 110.517 77.6 12.1212
      vertex 115.083 77.6 12.1212
    endloop
  endfacet
  facet normal 0 1 0
    outer loop
      vertex 115.488 77.6 11.3
      vertex 110.112 77.6 11.3
      vertex 110.517 77.6 12.1212
    endloop
  endfacet
  facet normal 0 1 0
    outer loop
      vertex 115.997 77.6 10.5387
      vertex 110.112 77.6 11.3
      vertex 115.488 77.6 11.3
    endloop
  endfacet
  facet normal 0 1 0
    outer loop
      vertex 115.997 77.6 10.5387
      vertex 109.603 77.6 10.5387
      vertex 110.112 77.6 11.3
    endloop
  endfacet
  facet normal 0 1 0
    outer loop
      vertex 116.6 77.6 9.85025
      vertex 109.603 77.6 10.5387
      vertex 115.997 77.6 10.5387
    endloop
  endfacet
  facet normal 0 1 0
    outer loop
      vertex 116.6 77.6 9.85025
      vertex 109 77.6 9.85025
      vertex 109.603 77.6 10.5387
    endloop
  endfacet
  facet normal 0 1 -0
    outer loop
      vertex 116.968 77.6 2.6
      vertex 116.6 77.6 9.85025
      vertex 117.289 77.6 9.24653
    endloop
  endfacet
  facet normal 0 1 0
    outer loop
      vertex 116.6 77.6 9.85025
      vertex 116.968 77.6 2.6
      vertex 109 77.6 9.85025
    endloop
  endfacet
  facet normal 0 1 0
    outer loop
      vertex 116.968 77.6 2.6
      vertex 117.289 77.6 9.24653
      vertex 118.05 77.6 8.73782
    endloop
  endfacet
  facet normal 0 1 0
    outer loop
      vertex 108.632 77.6 2.6
      vertex 109 77.6 9.85025
      vertex 116.968 77.6 2.6
    endloop
  endfacet
  facet normal 0 1 0
    outer loop
      vertex 116.968 77.6 2.6
      vertex 118.05 77.6 8.73782
      vertex 118.871 77.6 8.33284
    endloop
  endfacet
  facet normal 0 1 0
    outer loop
      vertex 109 77.6 9.85025
      vertex 108.632 77.6 2.6
      vertex 108.311 77.6 9.24653
    endloop
  endfacet
  facet normal 0 1 0
    outer loop
      vertex 116.968 77.6 2.6
      vertex 118.871 77.6 8.33284
      vertex 119.738 77.6 8.03852
    endloop
  endfacet
  facet normal 0 1 0
    outer loop
      vertex 108.311 77.6 9.24653
      vertex 108.632 77.6 2.6
      vertex 107.55 77.6 8.73782
    endloop
  endfacet
  facet normal 0 1 0
    outer loop
      vertex 116.968 77.6 2.6
      vertex 119.738 77.6 8.03852
      vertex 120.636 77.6 7.85989
    endloop
  endfacet
  facet normal 0 1 0
    outer loop
      vertex 107.55 77.6 8.73782
      vertex 108.632 77.6 2.6
      vertex 106.729 77.6 8.33284
    endloop
  endfacet
  facet normal 0 1 0
    outer loop
      vertex 116.968 77.6 2.6
      vertex 120.636 77.6 7.85989
      vertex 121.55 77.6 7.8
    endloop
  endfacet
  facet normal 0 1 0
    outer loop
      vertex 106.729 77.6 8.33284
      vertex 108.632 77.6 2.6
      vertex 105.862 77.6 8.03852
    endloop
  endfacet
  facet normal 0 1 -0
    outer loop
      vertex 31.2307 77.6 38.0718
      vertex 0 77.6 44.8
      vertex 124.369 77.6 38.0718
    endloop
  endfacet
  facet normal 0 1 0
    outer loop
      vertex 0 77.6 44.8
      vertex 31.2307 77.6 38.0718
      vertex 30.8 77.6 38.1
    endloop
  endfacet
  facet normal 0 1 -0
    outer loop
      vertex 123.946 77.6 37.9876
      vertex 31.2307 77.6 38.0718
      vertex 124.369 77.6 38.0718
    endloop
  endfacet
  facet normal 0 1 0
    outer loop
      vertex 123.946 77.6 37.9876
      vertex 31.6541 77.6 37.9876
      vertex 31.2307 77.6 38.0718
    endloop
  endfacet
  facet normal 0 1 -0
    outer loop
      vertex 123.537 77.6 37.8488
      vertex 31.6541 77.6 37.9876
      vertex 123.946 77.6 37.9876
    endloop
  endfacet
  facet normal 0 1 0
    outer loop
      vertex 123.537 77.6 37.8488
      vertex 32.0629 77.6 37.8488
      vertex 31.6541 77.6 37.9876
    endloop
  endfacet
  facet normal 0 1 -0
    outer loop
      vertex 123.15 77.6 37.6579
      vertex 32.0629 77.6 37.8488
      vertex 123.537 77.6 37.8488
    endloop
  endfacet
  facet normal 0 1 0
    outer loop
      vertex 123.15 77.6 37.6579
      vertex 32.45 77.6 37.6579
      vertex 32.0629 77.6 37.8488
    endloop
  endfacet
  facet normal 0 1 -0
    outer loop
      vertex 122.791 77.6 37.4181
      vertex 32.45 77.6 37.6579
      vertex 123.15 77.6 37.6579
    endloop
  endfacet
  facet normal 0 1 0
    outer loop
      vertex 122.791 77.6 37.4181
      vertex 32.8089 77.6 37.4181
      vertex 32.45 77.6 37.6579
    endloop
  endfacet
  facet normal 0 1 0
    outer loop
      vertex 85.6363 77.6 21.7401
      vertex 122.467 77.6 37.1335
      vertex 86.55 77.6 21.8
    endloop
  endfacet
  facet normal 0 1 -0
    outer loop
      vertex 122.467 77.6 37.1335
      vertex 85.6363 77.6 21.7401
      vertex 122.791 77.6 37.4181
    endloop
  endfacet
  facet normal 0 1 0
    outer loop
      vertex 86.55 77.6 21.8
      vertex 122.467 77.6 37.1335
      vertex 122.182 77.6 36.8089
    endloop
  endfacet
  facet normal 0 1 0
    outer loop
      vertex 122.791 77.6 37.4181
      vertex 85.6363 77.6 21.7401
      vertex 32.8089 77.6 37.4181
    endloop
  endfacet
  facet normal 0 1 0
    outer loop
      vertex 86.55 77.6 21.8
      vertex 122.182 77.6 36.8089
      vertex 121.942 77.6 36.45
    endloop
  endfacet
  facet normal 0 1 0
    outer loop
      vertex 32.8089 77.6 37.4181
      vertex 69.05 77.6 21.8
      vertex 33.1335 77.6 37.1335
    endloop
  endfacet
  facet normal 0 1 -0
    outer loop
      vertex 121.612 77.6 35.6541
      vertex 103.136 77.6 21.7401
      vertex 121.751 77.6 36.0629
    endloop
  endfacet
  facet normal 0 1 0
    outer loop
      vertex 33.1335 77.6 37.1335
      vertex 69.05 77.6 21.8
      vertex 33.4181 77.6 36.8089
    endloop
  endfacet
  facet normal 0 1 0
    outer loop
      vertex 103.136 77.6 21.7401
      vertex 121.612 77.6 35.6541
      vertex 104.05 77.6 21.8
    endloop
  endfacet
  facet normal 0 1 -0
    outer loop
      vertex 68.1363 77.6 21.7401
      vertex 33.4181 77.6 36.8089
      vertex 69.05 77.6 21.8
    endloop
  endfacet
  facet normal 0 1 0
    outer loop
      vertex 104.05 77.6 21.8
      vertex 121.612 77.6 35.6541
      vertex 121.528 77.6 35.2307
    endloop
  endfacet
  facet normal 0 1 0
    outer loop
      vertex 33.4181 77.6 36.8089
      vertex 68.1363 77.6 21.7401
      vertex 33.6579 77.6 36.45
    endloop
  endfacet
  facet normal 0 1 0
    outer loop
      vertex 104.05 77.6 21.8
      vertex 121.528 77.6 35.2307
      vertex 121.5 77.6 34.8
    endloop
  endfacet
  facet normal 0 1 0
    outer loop
      vertex 33.6579 77.6 36.45
      vertex 51.55 77.6 21.8
      vertex 33.8488 77.6 36.0629
    endloop
  endfacet
  facet normal 0 1 0
    outer loop
      vertex 104.05 77.6 21.8
      vertex 121.5 77.6 34.8
      vertex 121.528 77.6 34.3693
    endloop
  endfacet
  facet normal 0 1 0
    outer loop
      vertex 33.8488 77.6 36.0629
      vertex 51.55 77.6 21.8
      vertex 33.9876 77.6 35.6541
    endloop
  endfacet
  facet normal 0 1 0
    outer loop
      vertex 104.05 77.6 21.8
      vertex 121.528 77.6 34.3693
      vertex 121.612 77.6 33.9459
    endloop
  endfacet
  facet normal 0 1 0
    outer loop
      vertex 33.9876 77.6 35.6541
      vertex 51.55 77.6 21.8
      vertex 34.0718 77.6 35.2307
    endloop
  endfacet
  facet normal 0 1 0
    outer loop
      vertex 104.05 77.6 21.8
      vertex 121.612 77.6 33.9459
      vertex 121.751 77.6 33.5371
    endloop
  endfacet
  facet normal 0 1 -0
    outer loop
      vertex 50.6363 77.6 21.7401
      vertex 34.0718 77.6 35.2307
      vertex 51.55 77.6 21.8
    endloop
  endfacet
  facet normal 0 1 0
    outer loop
      vertex 104.05 77.6 21.8
      vertex 121.751 77.6 33.5371
      vertex 121.942 77.6 33.15
    endloop
  endfacet
  facet normal 0 1 0
    outer loop
      vertex 34.0718 77.6 35.2307
      vertex 50.6363 77.6 21.7401
      vertex 34.1 77.6 34.8
    endloop
  endfacet
  facet normal 0 1 0
    outer loop
      vertex 122.791 77.6 32.1819
      vertex 119.738 77.6 21.5615
      vertex 122.467 77.6 32.4665
    endloop
  endfacet
  facet normal 0 1 -0
    outer loop
      vertex 49.7383 77.6 21.5615
      vertex 34.1 77.6 34.8
      vertex 50.6363 77.6 21.7401
    endloop
  endfacet
  facet normal 0 1 0
    outer loop
      vertex 119.738 77.6 21.5615
      vertex 122.791 77.6 32.1819
      vertex 120.636 77.6 21.7401
    endloop
  endfacet
  facet normal 0 1 0
    outer loop
      vertex 34.1 77.6 34.8
      vertex 49.7383 77.6 21.5615
      vertex 34.0718 77.6 34.3693
    endloop
  endfacet
  facet normal 0 1 0
    outer loop
      vertex 123.15 77.6 31.9421
      vertex 120.636 77.6 21.7401
      vertex 122.791 77.6 32.1819
    endloop
  endfacet
  facet normal 0 1 -0
    outer loop
      vertex 48.8712 77.6 21.2672
      vertex 34.0718 77.6 34.3693
      vertex 49.7383 77.6 21.5615
    endloop
  endfacet
  facet normal 0 1 0
    outer loop
      vertex 120.636 77.6 21.7401
      vertex 123.15 77.6 31.9421
      vertex 121.55 77.6 21.8
    endloop
  endfacet
  facet normal 0 1 0
    outer loop
      vertex 34.0718 77.6 34.3693
      vertex 48.8712 77.6 21.2672
      vertex 33.9876 77.6 33.9459
    endloop
  endfacet
  facet normal 0 1 0
    outer loop
      vertex 121.55 77.6 21.8
      vertex 123.15 77.6 31.9421
      vertex 123.537 77.6 31.7512
    endloop
  endfacet
  facet normal 0 1 0
    outer loop
      vertex 33.6579 77.6 33.15
      vertex 34.05 77.6 21.8
      vertex 33.4181 77.6 32.7911
    endloop
  endfacet
  facet normal 0 1 0
    outer loop
      vertex 121.55 77.6 21.8
      vertex 123.537 77.6 31.7512
      vertex 123.946 77.6 31.6124
    endloop
  endfacet
  facet normal 0 1 0
    outer loop
      vertex 33.4181 77.6 32.7911
      vertex 34.05 77.6 21.8
      vertex 33.1335 77.6 32.4665
    endloop
  endfacet
  facet normal 0 1 0
    outer loop
      vertex 122.464 77.6 21.7401
      vertex 123.946 77.6 31.6124
      vertex 124.369 77.6 31.5282
    endloop
  endfacet
  facet normal 0 1 0
    outer loop
      vertex 33.1335 77.6 32.4665
      vertex 34.05 77.6 21.8
      vertex 32.8089 77.6 32.1819
    endloop
  endfacet
  facet normal 0 1 0
    outer loop
      vertex 123.362 77.6 21.5615
      vertex 124.369 77.6 31.5282
      vertex 124.8 77.6 31.5
    endloop
  endfacet
  facet normal 0 1 0
    outer loop
      vertex 32.8089 77.6 32.1819
      vertex 34.05 77.6 21.8
      vertex 32.45 77.6 31.9421
    endloop
  endfacet
  facet normal 0 1 0
    outer loop
      vertex 124.369 77.6 38.0718
      vertex 155.6 77.6 44.8
      vertex 124.8 77.6 38.1
    endloop
  endfacet
  facet normal 0 1 0
    outer loop
      vertex 155.6 77.6 44.8
      vertex 125.231 77.6 38.0718
      vertex 124.8 77.6 38.1
    endloop
  endfacet
  facet normal 0 1 0
    outer loop
      vertex 155.6 77.6 44.8
      vertex 125.654 77.6 37.9876
      vertex 125.231 77.6 38.0718
    endloop
  endfacet
  facet normal 0 1 0
    outer loop
      vertex 155.6 77.6 44.8
      vertex 126.063 77.6 37.8488
      vertex 125.654 77.6 37.9876
    endloop
  endfacet
  facet normal 0 1 0
    outer loop
      vertex 155.6 77.6 44.8
      vertex 126.45 77.6 37.6579
      vertex 126.063 77.6 37.8488
    endloop
  endfacet
  facet normal 0 1 0
    outer loop
      vertex 155.6 77.6 44.8
      vertex 126.809 77.6 37.4181
      vertex 126.45 77.6 37.6579
    endloop
  endfacet
  facet normal 0 1 0
    outer loop
      vertex 155.6 77.6 44.8
      vertex 127.133 77.6 37.1335
      vertex 126.809 77.6 37.4181
    endloop
  endfacet
  facet normal 0 1 0
    outer loop
      vertex 155.6 77.6 44.8
      vertex 127.418 77.6 36.8089
      vertex 127.133 77.6 37.1335
    endloop
  endfacet
  facet normal 0 1 0
    outer loop
      vertex 155.6 77.6 44.8
      vertex 127.658 77.6 36.45
      vertex 127.418 77.6 36.8089
    endloop
  endfacet
  facet normal 0 1 0
    outer loop
      vertex 155.6 77.6 44.8
      vertex 127.849 77.6 36.0629
      vertex 127.658 77.6 36.45
    endloop
  endfacet
  facet normal 0 1 0
    outer loop
      vertex 155.6 77.6 44.8
      vertex 127.988 77.6 35.6541
      vertex 127.849 77.6 36.0629
    endloop
  endfacet
  facet normal 0 1 0
    outer loop
      vertex 155.6 77.6 44.8
      vertex 128.072 77.6 35.2307
      vertex 127.988 77.6 35.6541
    endloop
  endfacet
  facet normal 0 1 0
    outer loop
      vertex 155.6 77.6 44.8
      vertex 128.1 77.6 34.8
      vertex 128.072 77.6 35.2307
    endloop
  endfacet
  facet normal 0 1 0
    outer loop
      vertex 155.6 77.6 44.8
      vertex 128.072 77.6 34.3693
      vertex 128.1 77.6 34.8
    endloop
  endfacet
  facet normal 0 1 0
    outer loop
      vertex 155.6 77.6 44.8
      vertex 127.988 77.6 33.9459
      vertex 128.072 77.6 34.3693
    endloop
  endfacet
  facet normal 0 1 0
    outer loop
      vertex 155.6 77.6 44.8
      vertex 127.849 77.6 33.5371
      vertex 127.988 77.6 33.9459
    endloop
  endfacet
  facet normal 0 1 -0
    outer loop
      vertex 128.017 77.6 17.4788
      vertex 127.849 77.6 33.5371
      vertex 155.6 77.6 44.8
    endloop
  endfacet
  facet normal 0 1 0
    outer loop
      vertex 127.849 77.6 33.5371
      vertex 128.017 77.6 17.4788
      vertex 127.658 77.6 33.15
    endloop
  endfacet
  facet normal -0 1 0
    outer loop
      vertex 127.612 77.6 18.3
      vertex 127.658 77.6 33.15
      vertex 128.017 77.6 17.4788
    endloop
  endfacet
  facet normal 0 1 0
    outer loop
      vertex 127.658 77.6 33.15
      vertex 127.612 77.6 18.3
      vertex 127.418 77.6 32.7911
    endloop
  endfacet
  facet normal -0 1 0
    outer loop
      vertex 127.103 77.6 19.0613
      vertex 127.418 77.6 32.7911
      vertex 127.612 77.6 18.3
    endloop
  endfacet
  facet normal -0 1 0
    outer loop
      vertex 126.5 77.6 19.7497
      vertex 127.133 77.6 32.4665
      vertex 127.103 77.6 19.0613
    endloop
  endfacet
  facet normal 0 1 0
    outer loop
      vertex 122.467 77.6 32.4665
      vertex 119.738 77.6 21.5615
      vertex 122.182 77.6 32.7911
    endloop
  endfacet
  facet normal 0 1 0
    outer loop
      vertex 123.362 77.6 21.5615
      vertex 124.8 77.6 31.5
      vertex 125.231 77.6 31.5282
    endloop
  endfacet
  facet normal 0 1 0
    outer loop
      vertex 124.229 77.6 21.2672
      vertex 125.231 77.6 31.5282
      vertex 125.654 77.6 31.6124
    endloop
  endfacet
  facet normal 0 1 0
    outer loop
      vertex 125.05 77.6 20.8622
      vertex 125.654 77.6 31.6124
      vertex 126.063 77.6 31.7512
    endloop
  endfacet
  facet normal 0 1 0
    outer loop
      vertex 127.133 77.6 32.4665
      vertex 126.5 77.6 19.7497
      vertex 126.809 77.6 32.1819
    endloop
  endfacet
  facet normal 0 1 0
    outer loop
      vertex 123.946 77.6 31.6124
      vertex 122.464 77.6 21.7401
      vertex 121.55 77.6 21.8
    endloop
  endfacet
  facet normal 0 1 0
    outer loop
      vertex 124.369 77.6 31.5282
      vertex 123.362 77.6 21.5615
      vertex 122.464 77.6 21.7401
    endloop
  endfacet
  facet normal 0 1 0
    outer loop
      vertex 125.231 77.6 31.5282
      vertex 124.229 77.6 21.2672
      vertex 123.362 77.6 21.5615
    endloop
  endfacet
  facet normal 0 1 0
    outer loop
      vertex 125.654 77.6 31.6124
      vertex 125.05 77.6 20.8622
      vertex 124.229 77.6 21.2672
    endloop
  endfacet
  facet normal 0 1 0
    outer loop
      vertex 126.063 77.6 31.7512
      vertex 125.811 77.6 20.3535
      vertex 125.05 77.6 20.8622
    endloop
  endfacet
  facet normal 0 1 0
    outer loop
      vertex 126.45 77.6 31.9421
      vertex 125.811 77.6 20.3535
      vertex 126.063 77.6 31.7512
    endloop
  endfacet
  facet normal 0 1 0
    outer loop
      vertex 126.809 77.6 32.1819
      vertex 125.811 77.6 20.3535
      vertex 126.45 77.6 31.9421
    endloop
  endfacet
  facet normal -0 1 0
    outer loop
      vertex 125.811 77.6 20.3535
      vertex 126.809 77.6 32.1819
      vertex 126.5 77.6 19.7497
    endloop
  endfacet
  facet normal 0 1 0
    outer loop
      vertex 127.418 77.6 32.7911
      vertex 127.103 77.6 19.0613
      vertex 127.133 77.6 32.4665
    endloop
  endfacet
  facet normal 0 1 0
    outer loop
      vertex 155.6 77.6 44.8
      vertex 128.311 77.6 16.6117
      vertex 128.017 77.6 17.4788
    endloop
  endfacet
  facet normal 0 1 -0
    outer loop
      vertex 155.6 77.6 0
      vertex 128.311 77.6 16.6117
      vertex 155.6 77.6 44.8
    endloop
  endfacet
  facet normal 0 1 0
    outer loop
      vertex 128.311 77.6 16.6117
      vertex 155.6 77.6 0
      vertex 128.49 77.6 15.7137
    endloop
  endfacet
  facet normal 0 1 0
    outer loop
      vertex 128.49 77.6 15.7137
      vertex 155.6 77.6 0
      vertex 128.55 77.6 14.8
    endloop
  endfacet
  facet normal 0 1 0
    outer loop
      vertex 128.55 77.6 14.8
      vertex 155.6 77.6 0
      vertex 128.49 77.6 13.8863
    endloop
  endfacet
  facet normal 0 1 0
    outer loop
      vertex 128.49 77.6 13.8863
      vertex 155.6 77.6 0
      vertex 128.311 77.6 12.9883
    endloop
  endfacet
  facet normal 0 1 0
    outer loop
      vertex 128.311 77.6 12.9883
      vertex 155.6 77.6 0
      vertex 128.017 77.6 12.1212
    endloop
  endfacet
  facet normal 0 1 0
    outer loop
      vertex 128.017 77.6 12.1212
      vertex 155.6 77.6 0
      vertex 127.612 77.6 11.3
    endloop
  endfacet
  facet normal 0 1 0
    outer loop
      vertex 104.964 77.6 7.85989
      vertex 108.632 77.6 2.6
      vertex 104.05 77.6 7.8
    endloop
  endfacet
  facet normal 0 1 0
    outer loop
      vertex 88.3617 77.6 8.03852
      vertex 91.1318 77.6 2.6
      vertex 87.4637 77.6 7.85989
    endloop
  endfacet
  facet normal 0 1 0
    outer loop
      vertex 85.6363 77.6 7.85989
      vertex 91.1318 77.6 2.6
      vertex 79.5739 77.6 2.6
    endloop
  endfacet
  facet normal 0 1 -0
    outer loop
      vertex 76.0261 77.6 2.6
      vertex 69.9637 77.6 7.85989
      vertex 76.0261 77.6 2.88
    endloop
  endfacet
  facet normal 0 1 0
    outer loop
      vertex 64.4682 77.6 2.6
      vertex 69.9637 77.6 7.85989
      vertex 76.0261 77.6 2.6
    endloop
  endfacet
  facet normal 0 1 0
    outer loop
      vertex 126.132 77.6 2.6
      vertex 121.55 77.6 7.8
      vertex 122.464 77.6 7.85989
    endloop
  endfacet
  facet normal 0 1 0
    outer loop
      vertex 121.55 77.6 7.8
      vertex 126.132 77.6 2.6
      vertex 116.968 77.6 2.6
    endloop
  endfacet
  facet normal 0 1 0
    outer loop
      vertex 123.362 77.6 8.03852
      vertex 126.132 77.6 2.6
      vertex 122.464 77.6 7.85989
    endloop
  endfacet
  facet normal 0 1 0
    outer loop
      vertex 124.229 77.6 8.33284
      vertex 126.132 77.6 2.6
      vertex 123.362 77.6 8.03852
    endloop
  endfacet
  facet normal 0 1 0
    outer loop
      vertex 125.05 77.6 8.73782
      vertex 126.132 77.6 2.6
      vertex 124.229 77.6 8.33284
    endloop
  endfacet
  facet normal 0 1 0
    outer loop
      vertex 125.811 77.6 9.24653
      vertex 126.132 77.6 2.6
      vertex 125.05 77.6 8.73782
    endloop
  endfacet
  facet normal 0 1 0
    outer loop
      vertex 126.5 77.6 9.85025
      vertex 126.132 77.6 2.6
      vertex 125.811 77.6 9.24653
    endloop
  endfacet
  facet normal 0 1 0
    outer loop
      vertex 127.103 77.6 10.5387
      vertex 126.132 77.6 2.6
      vertex 126.5 77.6 9.85025
    endloop
  endfacet
  facet normal -0 1 0
    outer loop
      vertex 126.132 77.6 2.6
      vertex 127.612 77.6 11.3
      vertex 155.6 77.6 0
    endloop
  endfacet
  facet normal 0 1 0
    outer loop
      vertex 127.612 77.6 11.3
      vertex 126.132 77.6 2.6
      vertex 127.103 77.6 10.5387
    endloop
  endfacet
  facet normal 0 1 0
    outer loop
      vertex 126.132 77.6 2.6
      vertex 155.6 77.6 0
      vertex 126.132 77.6 0.999999
    endloop
  endfacet
  facet normal 0 1 0
    outer loop
      vertex 125.075 77.6 0
      vertex 126.132 77.6 0.999999
      vertex 155.6 77.6 0
    endloop
  endfacet
  facet normal 0 1 0
    outer loop
      vertex 126.132 77.6 0.999999
      vertex 125.075 77.6 0
      vertex 125.075 77.6 0.999999
    endloop
  endfacet
  facet normal 0 1 0
    outer loop
      vertex 155.6 77.6 44.8
      vertex 124.369 77.6 38.0718
      vertex 0 77.6 44.8
    endloop
  endfacet
  facet normal 0 1 -0
    outer loop
      vertex 30.3693 77.6 38.0718
      vertex 0 77.6 44.8
      vertex 30.8 77.6 38.1
    endloop
  endfacet
  facet normal 0 1 -0
    outer loop
      vertex 29.9459 77.6 37.9876
      vertex 0 77.6 44.8
      vertex 30.3693 77.6 38.0718
    endloop
  endfacet
  facet normal 0 1 -0
    outer loop
      vertex 29.5371 77.6 37.8488
      vertex 0 77.6 44.8
      vertex 29.9459 77.6 37.9876
    endloop
  endfacet
  facet normal 0 1 -0
    outer loop
      vertex 29.15 77.6 37.6579
      vertex 0 77.6 44.8
      vertex 29.5371 77.6 37.8488
    endloop
  endfacet
  facet normal 0 1 -0
    outer loop
      vertex 28.7911 77.6 37.4181
      vertex 0 77.6 44.8
      vertex 29.15 77.6 37.6579
    endloop
  endfacet
  facet normal 0 1 -0
    outer loop
      vertex 28.4665 77.6 37.1335
      vertex 0 77.6 44.8
      vertex 28.7911 77.6 37.4181
    endloop
  endfacet
  facet normal 0 1 -0
    outer loop
      vertex 28.1819 77.6 36.8089
      vertex 0 77.6 44.8
      vertex 28.4665 77.6 37.1335
    endloop
  endfacet
  facet normal 0 1 -0
    outer loop
      vertex 27.9421 77.6 36.45
      vertex 0 77.6 44.8
      vertex 28.1819 77.6 36.8089
    endloop
  endfacet
  facet normal 0 1 -0
    outer loop
      vertex 27.7512 77.6 36.0629
      vertex 0 77.6 44.8
      vertex 27.9421 77.6 36.45
    endloop
  endfacet
  facet normal 0 1 -0
    outer loop
      vertex 27.6124 77.6 35.6541
      vertex 0 77.6 44.8
      vertex 27.7512 77.6 36.0629
    endloop
  endfacet
  facet normal 0 1 -0
    outer loop
      vertex 27.5282 77.6 35.2307
      vertex 0 77.6 44.8
      vertex 27.6124 77.6 35.6541
    endloop
  endfacet
  facet normal 0 1 -0
    outer loop
      vertex 27.5 77.6 34.8
      vertex 0 77.6 44.8
      vertex 27.5282 77.6 35.2307
    endloop
  endfacet
  facet normal 0 1 0
    outer loop
      vertex 27.5282 77.6 34.3693
      vertex 0 77.6 44.8
      vertex 27.5 77.6 34.8
    endloop
  endfacet
  facet normal 0 1 0
    outer loop
      vertex 27.6124 77.6 33.9459
      vertex 0 77.6 44.8
      vertex 27.5282 77.6 34.3693
    endloop
  endfacet
  facet normal 0 1 0
    outer loop
      vertex 27.7512 77.6 33.5371
      vertex 0 77.6 44.8
      vertex 27.6124 77.6 33.9459
    endloop
  endfacet
  facet normal 0 1 0
    outer loop
      vertex 27.5828 77.6 17.4788
      vertex 27.7512 77.6 33.5371
      vertex 27.9421 77.6 33.15
    endloop
  endfacet
  facet normal 0 1 -0
    outer loop
      vertex 27.9878 77.6 18.3
      vertex 27.9421 77.6 33.15
      vertex 28.1819 77.6 32.7911
    endloop
  endfacet
  facet normal 0 1 0
    outer loop
      vertex 28.4965 77.6 19.0613
      vertex 28.1819 77.6 32.7911
      vertex 28.4665 77.6 32.4665
    endloop
  endfacet
  facet normal 0 1 0
    outer loop
      vertex 29.1003 77.6 19.7497
      vertex 28.4665 77.6 32.4665
      vertex 28.7911 77.6 32.1819
    endloop
  endfacet
  facet normal 0 1 0
    outer loop
      vertex 29.7887 77.6 20.3535
      vertex 28.7911 77.6 32.1819
      vertex 29.15 77.6 31.9421
    endloop
  endfacet
  facet normal 0 1 0
    outer loop
      vertex 29.7887 77.6 20.3535
      vertex 29.15 77.6 31.9421
      vertex 29.5371 77.6 31.7512
    endloop
  endfacet
  facet normal 0 1 -0
    outer loop
      vertex 121.751 77.6 36.0629
      vertex 103.136 77.6 21.7401
      vertex 121.942 77.6 36.45
    endloop
  endfacet
  facet normal 0 1 0
    outer loop
      vertex 32.45 77.6 31.9421
      vertex 34.05 77.6 21.8
      vertex 32.0629 77.6 31.7512
    endloop
  endfacet
  facet normal 0 1 0
    outer loop
      vertex 32.0629 77.6 31.7512
      vertex 34.05 77.6 21.8
      vertex 31.6541 77.6 31.6124
    endloop
  endfacet
  facet normal 0 1 -0
    outer loop
      vertex 33.1363 77.6 21.7401
      vertex 31.6541 77.6 31.6124
      vertex 34.05 77.6 21.8
    endloop
  endfacet
  facet normal 0 1 0
    outer loop
      vertex 31.6541 77.6 31.6124
      vertex 33.1363 77.6 21.7401
      vertex 31.2307 77.6 31.5282
    endloop
  endfacet
  facet normal 0 1 -0
    outer loop
      vertex 32.2383 77.6 21.5615
      vertex 31.2307 77.6 31.5282
      vertex 33.1363 77.6 21.7401
    endloop
  endfacet
  facet normal 0 1 0
    outer loop
      vertex 31.2307 77.6 31.5282
      vertex 32.2383 77.6 21.5615
      vertex 30.8 77.6 31.5
    endloop
  endfacet
  facet normal 0 1 0
    outer loop
      vertex 30.8 77.6 31.5
      vertex 32.2383 77.6 21.5615
      vertex 30.3693 77.6 31.5282
    endloop
  endfacet
  facet normal 0 1 -0
    outer loop
      vertex 31.3712 77.6 21.2672
      vertex 30.3693 77.6 31.5282
      vertex 32.2383 77.6 21.5615
    endloop
  endfacet
  facet normal 0 1 0
    outer loop
      vertex 30.3693 77.6 31.5282
      vertex 31.3712 77.6 21.2672
      vertex 29.9459 77.6 31.6124
    endloop
  endfacet
  facet normal 0 1 -0
    outer loop
      vertex 30.55 77.6 20.8622
      vertex 29.9459 77.6 31.6124
      vertex 31.3712 77.6 21.2672
    endloop
  endfacet
  facet normal 0 1 0
    outer loop
      vertex 29.9459 77.6 31.6124
      vertex 30.55 77.6 20.8622
      vertex 29.5371 77.6 31.7512
    endloop
  endfacet
  facet normal 0 1 -0
    outer loop
      vertex 29.7887 77.6 20.3535
      vertex 29.5371 77.6 31.7512
      vertex 30.55 77.6 20.8622
    endloop
  endfacet
  facet normal 0 1 0
    outer loop
      vertex 28.7911 77.6 32.1819
      vertex 29.7887 77.6 20.3535
      vertex 29.1003 77.6 19.7497
    endloop
  endfacet
  facet normal 0 1 0
    outer loop
      vertex 28.4665 77.6 32.4665
      vertex 29.1003 77.6 19.7497
      vertex 28.4965 77.6 19.0613
    endloop
  endfacet
  facet normal 0 1 0
    outer loop
      vertex 28.1819 77.6 32.7911
      vertex 28.4965 77.6 19.0613
      vertex 27.9878 77.6 18.3
    endloop
  endfacet
  facet normal 0 1 0
    outer loop
      vertex 27.9421 77.6 33.15
      vertex 27.9878 77.6 18.3
      vertex 27.5828 77.6 17.4788
    endloop
  endfacet
  facet normal 0 1 0
    outer loop
      vertex 27.7512 77.6 33.5371
      vertex 27.5828 77.6 17.4788
      vertex 0 77.6 44.8
    endloop
  endfacet
  facet normal 0 1 -0
    outer loop
      vertex 27.2885 77.6 16.6117
      vertex 0 77.6 44.8
      vertex 27.5828 77.6 17.4788
    endloop
  endfacet
  facet normal 0 1 0
    outer loop
      vertex 0 77.6 0
      vertex 27.2885 77.6 16.6117
      vertex 27.1099 77.6 15.7137
    endloop
  endfacet
  facet normal 0 1 0
    outer loop
      vertex 0 77.6 0
      vertex 27.1099 77.6 15.7137
      vertex 27.05 77.6 14.8
    endloop
  endfacet
  facet normal 0 1 0
    outer loop
      vertex 0 77.6 0
      vertex 27.05 77.6 14.8
      vertex 27.1099 77.6 13.8863
    endloop
  endfacet
  facet normal 0 1 0
    outer loop
      vertex 0 77.6 0
      vertex 27.1099 77.6 13.8863
      vertex 27.2885 77.6 12.9883
    endloop
  endfacet
  facet normal 0 1 0
    outer loop
      vertex 0 77.6 0
      vertex 27.2885 77.6 12.9883
      vertex 27.5828 77.6 12.1212
    endloop
  endfacet
  facet normal 0 1 0
    outer loop
      vertex 0 77.6 0
      vertex 27.5828 77.6 12.1212
      vertex 27.9878 77.6 11.3
    endloop
  endfacet
  facet normal 0 1 0
    outer loop
      vertex 29.4682 77.6 2.6
      vertex 27.9878 77.6 11.3
      vertex 28.4965 77.6 10.5387
    endloop
  endfacet
  facet normal 0 1 0
    outer loop
      vertex 53.3617 77.6 8.03852
      vertex 56.1318 77.6 2.6
      vertex 52.4637 77.6 7.85989
    endloop
  endfacet
  facet normal 0 1 0
    outer loop
      vertex 52.4637 77.6 7.85989
      vertex 56.1318 77.6 2.6
      vertex 51.55 77.6 7.8
    endloop
  endfacet
  facet normal 0 1 0
    outer loop
      vertex 69.9637 77.6 7.85989
      vertex 64.4682 77.6 2.6
      vertex 69.05 77.6 7.8
    endloop
  endfacet
  facet normal 0 1 0
    outer loop
      vertex 46.9682 77.6 2.6
      vertex 51.55 77.6 7.8
      vertex 56.1318 77.6 2.6
    endloop
  endfacet
  facet normal 0 1 0
    outer loop
      vertex 35.8617 77.6 8.03852
      vertex 38.6318 77.6 2.6
      vertex 34.9637 77.6 7.85989
    endloop
  endfacet
  facet normal 0 1 0
    outer loop
      vertex 34.9637 77.6 7.85989
      vertex 38.6318 77.6 2.6
      vertex 34.05 77.6 7.8
    endloop
  endfacet
  facet normal 0 1 0
    outer loop
      vertex 29.4682 77.6 2.6
      vertex 34.05 77.6 7.8
      vertex 38.6318 77.6 2.6
    endloop
  endfacet
  facet normal 0 1 0
    outer loop
      vertex 34.05 77.6 7.8
      vertex 29.4682 77.6 2.6
      vertex 33.1363 77.6 7.85989
    endloop
  endfacet
  facet normal 0 1 0
    outer loop
      vertex 33.1363 77.6 7.85989
      vertex 29.4682 77.6 2.6
      vertex 32.2383 77.6 8.03852
    endloop
  endfacet
  facet normal 0 1 0
    outer loop
      vertex 32.2383 77.6 8.03852
      vertex 29.4682 77.6 2.6
      vertex 31.3712 77.6 8.33284
    endloop
  endfacet
  facet normal 0 1 0
    outer loop
      vertex 31.3712 77.6 8.33284
      vertex 29.4682 77.6 2.6
      vertex 30.55 77.6 8.73782
    endloop
  endfacet
  facet normal 0 1 0
    outer loop
      vertex 30.55 77.6 8.73782
      vertex 29.4682 77.6 2.6
      vertex 29.7887 77.6 9.24653
    endloop
  endfacet
  facet normal 0 1 -0
    outer loop
      vertex 29.4682 77.6 2.6
      vertex 29.1003 77.6 9.85025
      vertex 29.7887 77.6 9.24653
    endloop
  endfacet
  facet normal 0 1 0
    outer loop
      vertex 29.4682 77.6 2.6
      vertex 28.4965 77.6 10.5387
      vertex 29.1003 77.6 9.85025
    endloop
  endfacet
  facet normal 0 1 0
    outer loop
      vertex 27.9878 77.6 11.3
      vertex 29.4682 77.6 2.6
      vertex 0 77.6 0
    endloop
  endfacet
  facet normal 0 1 0
    outer loop
      vertex 0 77.6 0
      vertex 29.4682 77.6 2.6
      vertex 29.4682 77.6 0.999999
    endloop
  endfacet
  facet normal 0 1 0
    outer loop
      vertex 27.2885 77.6 16.6117
      vertex 0 77.6 0
      vertex 0 77.6 44.8
    endloop
  endfacet
  facet normal 0 1 0
    outer loop
      vertex 0 77.6 0
      vertex 29.4682 77.6 0.999999
      vertex 30.5249 77.6 0
    endloop
  endfacet
  facet normal 0 1 0
    outer loop
      vertex 105.862 77.6 8.03852
      vertex 108.632 77.6 2.6
      vertex 104.964 77.6 7.85989
    endloop
  endfacet
  facet normal 0 1 0
    outer loop
      vertex 104.05 77.6 7.8
      vertex 108.632 77.6 2.6
      vertex 99.4682 77.6 2.6
    endloop
  endfacet
  facet normal 0 1 0
    outer loop
      vertex 87.4637 77.6 7.85989
      vertex 91.1318 77.6 2.6
      vertex 86.55 77.6 7.8
    endloop
  endfacet
  facet normal 0 1 0
    outer loop
      vertex 70.8617 77.6 8.03852
      vertex 76.0261 77.6 2.88
      vertex 69.9637 77.6 7.85989
    endloop
  endfacet
  facet normal 0 1 0
    outer loop
      vertex 85.6363 77.6 7.85989
      vertex 79.5739 77.6 2.6
      vertex 79.5739 77.6 2.88
    endloop
  endfacet
  facet normal 0 1 -0
    outer loop
      vertex 83.0249 77.6 0
      vertex 72.5751 77.6 0.999999
      vertex 83.0249 77.6 0.999999
    endloop
  endfacet
  facet normal 0 1 0
    outer loop
      vertex 72.5751 77.6 0.999999
      vertex 83.0249 77.6 0
      vertex 72.5751 77.6 0
    endloop
  endfacet
  facet normal 0 0 -1
    outer loop
      vertex 63.6177 65.9396 0
      vertex 56.9823 65.9396 0
      vertex 57.05 66.8 0
    endloop
  endfacet
  facet normal 0 0 -1
    outer loop
      vertex 65.8172 62.3504 0
      vertex 56.7808 65.1004 0
      vertex 56.9823 65.9396 0
    endloop
  endfacet
  facet normal 0 0 -1
    outer loop
      vertex 65.8172 62.3504 0
      vertex 56.4505 64.3031 0
      vertex 56.7808 65.1004 0
    endloop
  endfacet
  facet normal 0 0 -1
    outer loop
      vertex 65.8172 62.3504 0
      vertex 55.9996 63.5672 0
      vertex 56.4505 64.3031 0
    endloop
  endfacet
  facet normal 0 0 -1
    outer loop
      vertex 65.8172 62.3504 0
      vertex 55.4391 62.9109 0
      vertex 55.9996 63.5672 0
    endloop
  endfacet
  facet normal 0 0 -1
    outer loop
      vertex 65.8172 62.3504 0
      vertex 54.7828 62.3504 0
      vertex 55.4391 62.9109 0
    endloop
  endfacet
  facet normal -0 0 -1
    outer loop
      vertex 65.8172 62.3504 0
      vertex 54.0469 61.8995 0
      vertex 54.7828 62.3504 0
    endloop
  endfacet
  facet normal 0 0 -1
    outer loop
      vertex 62.2822 37.9924 0
      vertex 53.2496 61.5692 0
      vertex 54.0469 61.8995 0
    endloop
  endfacet
  facet normal 0 0 -1
    outer loop
      vertex 62.2822 37.9924 0
      vertex 52.4104 61.3677 0
      vertex 53.2496 61.5692 0
    endloop
  endfacet
  facet normal 0 0 -1
    outer loop
      vertex 62.2822 37.9924 0
      vertex 51.55 61.3 0
      vertex 52.4104 61.3677 0
    endloop
  endfacet
  facet normal 0 0 -1
    outer loop
      vertex 62.2822 37.9924 0
      vertex 50.6896 61.3677 0
      vertex 51.55 61.3 0
    endloop
  endfacet
  facet normal 0 0 -1
    outer loop
      vertex 62.2822 37.9924 0
      vertex 49.8504 61.5692 0
      vertex 50.6896 61.3677 0
    endloop
  endfacet
  facet normal 0 0 -1
    outer loop
      vertex 35.7496 61.5692 0
      vertex 49.8504 61.5692 0
      vertex 62.2822 37.9924 0
    endloop
  endfacet
  facet normal 0 0 -1
    outer loop
      vertex 49.8504 61.5692 0
      vertex 35.7496 61.5692 0
      vertex 49.0531 61.8995 0
    endloop
  endfacet
  facet normal 0 -0 -1
    outer loop
      vertex 36.5469 61.8995 0
      vertex 49.0531 61.8995 0
      vertex 35.7496 61.5692 0
    endloop
  endfacet
  facet normal 0 -0 -1
    outer loop
      vertex 37.2828 62.3504 0
      vertex 48.3172 62.3504 0
      vertex 36.5469 61.8995 0
    endloop
  endfacet
  facet normal 0 0 -1
    outer loop
      vertex 48.3172 62.3504 0
      vertex 37.2828 62.3504 0
      vertex 47.6609 62.9109 0
    endloop
  endfacet
  facet normal 0 0 -1
    outer loop
      vertex 46.1177 65.9396 0
      vertex 39.55 66.8 0
      vertex 46.05 66.8 0
    endloop
  endfacet
  facet normal 0 0 -1
    outer loop
      vertex 39.4823 65.9396 0
      vertex 46.1177 65.9396 0
      vertex 46.3192 65.1004 0
    endloop
  endfacet
  facet normal 0 0 -1
    outer loop
      vertex 39.2808 65.1004 0
      vertex 46.3192 65.1004 0
      vertex 46.6495 64.3031 0
    endloop
  endfacet
  facet normal 0 -0 -1
    outer loop
      vertex 37.9391 62.9109 0
      vertex 47.6609 62.9109 0
      vertex 37.2828 62.3504 0
    endloop
  endfacet
  facet normal 0 0 -1
    outer loop
      vertex 46.1177 65.9396 0
      vertex 39.4823 65.9396 0
      vertex 39.55 66.8 0
    endloop
  endfacet
  facet normal 0 0 -1
    outer loop
      vertex 46.3192 65.1004 0
      vertex 39.2808 65.1004 0
      vertex 39.4823 65.9396 0
    endloop
  endfacet
  facet normal 0 0 -1
    outer loop
      vertex 46.6495 64.3031 0
      vertex 38.9505 64.3031 0
      vertex 39.2808 65.1004 0
    endloop
  endfacet
  facet normal -0 0 -1
    outer loop
      vertex 46.6495 64.3031 0
      vertex 38.4996 63.5672 0
      vertex 38.9505 64.3031 0
    endloop
  endfacet
  facet normal 0 0 -1
    outer loop
      vertex 47.1004 63.5672 0
      vertex 38.4996 63.5672 0
      vertex 46.6495 64.3031 0
    endloop
  endfacet
  facet normal 0 -0 -1
    outer loop
      vertex 38.4996 63.5672 0
      vertex 47.1004 63.5672 0
      vertex 37.9391 62.9109 0
    endloop
  endfacet
  facet normal 0 0 -1
    outer loop
      vertex 47.6609 62.9109 0
      vertex 37.9391 62.9109 0
      vertex 47.1004 63.5672 0
    endloop
  endfacet
  facet normal 0 0 -1
    outer loop
      vertex 49.0531 61.8995 0
      vertex 36.5469 61.8995 0
      vertex 48.3172 62.3504 0
    endloop
  endfacet
  facet normal 0 0 -1
    outer loop
      vertex 27.9153 24.5878 0
      vertex 35.7496 61.5692 0
      vertex 62.2822 37.9924 0
    endloop
  endfacet
  facet normal 0 0 -1
    outer loop
      vertex 35.7496 61.5692 0
      vertex 27.9153 24.5878 0
      vertex 34.9104 61.3677 0
    endloop
  endfacet
  facet normal 0 0 -1
    outer loop
      vertex 27.2062 25.0223 0
      vertex 34.9104 61.3677 0
      vertex 27.9153 24.5878 0
    endloop
  endfacet
  facet normal 0 0 -1
    outer loop
      vertex 34.9104 61.3677 0
      vertex 27.2062 25.0223 0
      vertex 34.05 61.3 0
    endloop
  endfacet
  facet normal 0 0 -1
    outer loop
      vertex 26.4378 25.3406 0
      vertex 34.05 61.3 0
      vertex 27.2062 25.0223 0
    endloop
  endfacet
  facet normal -0 0 -1
    outer loop
      vertex 34.05 61.3 0
      vertex 26.4378 25.3406 0
      vertex 33.1896 61.3677 0
    endloop
  endfacet
  facet normal 0 0 -1
    outer loop
      vertex 28.5477 24.0477 0
      vertex 62.2822 37.9924 0
      vertex 28.9857 23.5348 0
    endloop
  endfacet
  facet normal 0 0 -1
    outer loop
      vertex 27.9153 24.5878 0
      vertex 62.2822 37.9924 0
      vertex 28.5477 24.0477 0
    endloop
  endfacet
  facet normal 0 0 -1
    outer loop
      vertex 25.6291 25.5347 0
      vertex 33.1896 61.3677 0
      vertex 26.4378 25.3406 0
    endloop
  endfacet
  facet normal -0 0 -1
    outer loop
      vertex 33.1896 61.3677 0
      vertex 25.6291 25.5347 0
      vertex 32.3504 61.5692 0
    endloop
  endfacet
  facet normal 0 0 -1
    outer loop
      vertex 24.8 25.6 0
      vertex 32.3504 61.5692 0
      vertex 25.6291 25.5347 0
    endloop
  endfacet
  facet normal -0 0 -1
    outer loop
      vertex 32.3504 61.5692 0
      vertex 24.8 25.6 0
      vertex 31.5531 61.8995 0
    endloop
  endfacet
  facet normal 0 0 -1
    outer loop
      vertex 23.9709 25.5347 0
      vertex 31.5531 61.8995 0
      vertex 24.8 25.6 0
    endloop
  endfacet
  facet normal -0 0 -1
    outer loop
      vertex 31.5531 61.8995 0
      vertex 23.9709 25.5347 0
      vertex 30.8172 62.3504 0
    endloop
  endfacet
  facet normal 0 0 -1
    outer loop
      vertex 81.1177 65.9396 0
      vertex 74.4823 65.9396 0
      vertex 74.55 66.8 0
    endloop
  endfacet
  facet normal 0 0 -1
    outer loop
      vertex 83.3172 62.3504 0
      vertex 74.2808 65.1004 0
      vertex 74.4823 65.9396 0
    endloop
  endfacet
  facet normal 0 0 -1
    outer loop
      vertex 83.3172 62.3504 0
      vertex 73.9505 64.3031 0
      vertex 74.2808 65.1004 0
    endloop
  endfacet
  facet normal 0 0 -1
    outer loop
      vertex 83.3172 62.3504 0
      vertex 73.4996 63.5672 0
      vertex 73.9505 64.3031 0
    endloop
  endfacet
  facet normal 0 0 -1
    outer loop
      vertex 83.3172 62.3504 0
      vertex 72.9391 62.9109 0
      vertex 73.4996 63.5672 0
    endloop
  endfacet
  facet normal 0 0 -1
    outer loop
      vertex 62.2822 37.9924 0
      vertex 75.3142 30.8 0
      vertex 72.4858 30.8 0
    endloop
  endfacet
  facet normal 0 0 -1
    outer loop
      vertex 83.3172 62.3504 0
      vertex 72.2828 62.3504 0
      vertex 72.9391 62.9109 0
    endloop
  endfacet
  facet normal 0 0 -1
    outer loop
      vertex 62.2822 37.9924 0
      vertex 72.4858 30.8 0
      vertex 71.8142 30.8 0
    endloop
  endfacet
  facet normal -0 0 -1
    outer loop
      vertex 83.3172 62.3504 0
      vertex 71.547 61.8995 0
      vertex 72.2828 62.3504 0
    endloop
  endfacet
  facet normal 0 0 -1
    outer loop
      vertex 75.3142 30.8 0
      vertex 70.7496 61.5692 0
      vertex 71.547 61.8995 0
    endloop
  endfacet
  facet normal 0 0 -1
    outer loop
      vertex 75.3142 30.8 0
      vertex 62.2822 37.9924 0
      vertex 70.7496 61.5692 0
    endloop
  endfacet
  facet normal 0 0 -1
    outer loop
      vertex 70.7496 61.5692 0
      vertex 62.2822 37.9924 0
      vertex 69.9104 61.3677 0
    endloop
  endfacet
  facet normal 0 0 -1
    outer loop
      vertex 63.3178 35.6076 0
      vertex 71.8142 30.8 0
      vertex 68.9858 30.8 0
    endloop
  endfacet
  facet normal 0 0 -1
    outer loop
      vertex 68.3142 30.8 0
      vertex 68.9858 30.8 0
      vertex 68.3142 9.8 0
    endloop
  endfacet
  facet normal 0 0 -1
    outer loop
      vertex 63.3178 35.6076 0
      vertex 68.9858 30.8 0
      vertex 68.3142 30.8 0
    endloop
  endfacet
  facet normal 0 0 -1
    outer loop
      vertex 69.9104 61.3677 0
      vertex 62.2822 37.9924 0
      vertex 69.05 61.3 0
    endloop
  endfacet
  facet normal -0 0 -1
    outer loop
      vertex 69.05 61.3 0
      vertex 62.2822 37.9924 0
      vertex 68.1896 61.3677 0
    endloop
  endfacet
  facet normal -0 0 -1
    outer loop
      vertex 68.1896 61.3677 0
      vertex 62.2822 37.9924 0
      vertex 67.3504 61.5692 0
    endloop
  endfacet
  facet normal -0 0 -1
    outer loop
      vertex 67.3504 61.5692 0
      vertex 62.2822 37.9924 0
      vertex 66.5531 61.8995 0
    endloop
  endfacet
  facet normal 0 0 -1
    outer loop
      vertex 63.3178 35.6076 0
      vertex 68.3142 30.8 0
      vertex 65.4858 30.8 0
    endloop
  endfacet
  facet normal 0 0 -1
    outer loop
      vertex 71.8142 30.8 0
      vertex 63.3178 35.6076 0
      vertex 62.2822 37.9924 0
    endloop
  endfacet
  facet normal 0 0 -1
    outer loop
      vertex 63.3178 35.6076 0
      vertex 65.4858 30.8 0
      vertex 64.8142 30.8 0
    endloop
  endfacet
  facet normal 0 0 -1
    outer loop
      vertex 54.0469 61.8995 0
      vertex 66.5531 61.8995 0
      vertex 62.2822 37.9924 0
    endloop
  endfacet
  facet normal 0 0 -1
    outer loop
      vertex 66.5531 61.8995 0
      vertex 54.0469 61.8995 0
      vertex 65.8172 62.3504 0
    endloop
  endfacet
  facet normal 0 0 -1
    outer loop
      vertex 65.8172 62.3504 0
      vertex 56.9823 65.9396 0
      vertex 65.1609 62.9109 0
    endloop
  endfacet
  facet normal 0 0 -1
    outer loop
      vertex 56.9823 65.9396 0
      vertex 64.6004 63.5672 0
      vertex 65.1609 62.9109 0
    endloop
  endfacet
  facet normal 0 0 -1
    outer loop
      vertex 56.9823 65.9396 0
      vertex 64.1495 64.3031 0
      vertex 64.6004 63.5672 0
    endloop
  endfacet
  facet normal 0 0 -1
    outer loop
      vertex 56.9823 65.9396 0
      vertex 63.8192 65.1004 0
      vertex 64.1495 64.3031 0
    endloop
  endfacet
  facet normal 0 0 -1
    outer loop
      vertex 61.9858 30.8 0
      vertex 63.3178 35.6076 0
      vertex 64.8142 30.8 0
    endloop
  endfacet
  facet normal 0 0 -1
    outer loop
      vertex 61.3142 30.8 0
      vertex 61.9858 30.8 0
      vertex 61.3142 9.8 0
    endloop
  endfacet
  facet normal 0 0 -1
    outer loop
      vertex 61.3142 30.8 0
      vertex 63.3178 35.6076 0
      vertex 61.9858 30.8 0
    endloop
  endfacet
  facet normal 0 0 -1
    outer loop
      vertex 58.4858 30.8 0
      vertex 63.3178 35.6076 0
      vertex 61.3142 30.8 0
    endloop
  endfacet
  facet normal 0 0 -1
    outer loop
      vertex 57.8142 30.8 0
      vertex 58.4858 30.8 0
      vertex 57.8142 9.8 0
    endloop
  endfacet
  facet normal 0 0 -1
    outer loop
      vertex 57.8142 30.8 0
      vertex 63.3178 35.6076 0
      vertex 58.4858 30.8 0
    endloop
  endfacet
  facet normal 0 0 -1
    outer loop
      vertex 54.9858 30.8 0
      vertex 63.3178 35.6076 0
      vertex 57.8142 30.8 0
    endloop
  endfacet
  facet normal 0 0 -1
    outer loop
      vertex 54.3142 30.8 0
      vertex 54.9858 30.8 0
      vertex 54.3142 9.8 0
    endloop
  endfacet
  facet normal 0 0 -1
    outer loop
      vertex 54.3142 30.8 0
      vertex 63.3178 35.6076 0
      vertex 54.9858 30.8 0
    endloop
  endfacet
  facet normal 0 0 -1
    outer loop
      vertex 63.3178 35.6076 0
      vertex 54.3142 30.8 0
      vertex 52.2458 30.8 0
    endloop
  endfacet
  facet normal 0 0 -1
    outer loop
      vertex 98.6177 67.6604 0
      vertex 91.9823 67.6604 0
      vertex 98.8192 68.4996 0
    endloop
  endfacet
  facet normal 0 0 -1
    outer loop
      vertex 100.161 62.9109 0
      vertex 91.9823 65.9396 0
      vertex 92.05 66.8 0
    endloop
  endfacet
  facet normal 0 0 -1
    outer loop
      vertex 100.161 62.9109 0
      vertex 91.7808 65.1004 0
      vertex 91.9823 65.9396 0
    endloop
  endfacet
  facet normal 0 0 -1
    outer loop
      vertex 100.161 62.9109 0
      vertex 91.4505 64.3031 0
      vertex 91.7808 65.1004 0
    endloop
  endfacet
  facet normal 0 0 -1
    outer loop
      vertex 100.161 62.9109 0
      vertex 90.9996 63.5672 0
      vertex 91.4505 64.3031 0
    endloop
  endfacet
  facet normal 0 0 -1
    outer loop
      vertex 100.161 62.9109 0
      vertex 90.4391 62.9109 0
      vertex 90.9996 63.5672 0
    endloop
  endfacet
  facet normal 0 0 -1
    outer loop
      vertex 88.2496 61.5692 0
      vertex 92.8142 30.8 0
      vertex 89.9858 30.8 0
    endloop
  endfacet
  facet normal -0 0 -1
    outer loop
      vertex 100.161 62.9109 0
      vertex 89.7828 62.3504 0
      vertex 90.4391 62.9109 0
    endloop
  endfacet
  facet normal 0 0 -1
    outer loop
      vertex 91.7808 68.4996 0
      vertex 98.8192 68.4996 0
      vertex 91.9823 67.6604 0
    endloop
  endfacet
  facet normal 0 0 -1
    outer loop
      vertex 98.8192 68.4996 0
      vertex 91.7808 68.4996 0
      vertex 92.6417 71.9583 0
    endloop
  endfacet
  facet normal 0 0 -1
    outer loop
      vertex 91.4505 69.297 0
      vertex 92.6417 71.9583 0
      vertex 91.7808 68.4996 0
    endloop
  endfacet
  facet normal 0 0 -1
    outer loop
      vertex 90.9996 70.0328 0
      vertex 92.6417 71.9583 0
      vertex 91.4505 69.297 0
    endloop
  endfacet
  facet normal 0 0 -1
    outer loop
      vertex 90.4391 70.6891 0
      vertex 92.6417 71.9583 0
      vertex 90.9996 70.0328 0
    endloop
  endfacet
  facet normal 0 0 -1
    outer loop
      vertex 89.7828 71.2496 0
      vertex 92.6417 71.9583 0
      vertex 90.4391 70.6891 0
    endloop
  endfacet
  facet normal 0 0 -1
    outer loop
      vertex 89.047 71.7005 0
      vertex 92.6417 71.9583 0
      vertex 89.7828 71.2496 0
    endloop
  endfacet
  facet normal -0 0 -1
    outer loop
      vertex 92.6417 71.9583 0
      vertex 89.047 71.7005 0
      vertex 88.4246 71.9583 0
    endloop
  endfacet
  facet normal 0 0 -1
    outer loop
      vertex 87.4104 61.3677 0
      vertex 89.9858 30.8 0
      vertex 89.3142 30.8 0
    endloop
  endfacet
  facet normal 0 0 -1
    outer loop
      vertex 100.161 62.9109 0
      vertex 89.047 61.8995 0
      vertex 89.7828 62.3504 0
    endloop
  endfacet
  facet normal 0 0 -1
    outer loop
      vertex 92.8142 30.8 0
      vertex 88.2496 61.5692 0
      vertex 89.047 61.8995 0
    endloop
  endfacet
  facet normal 0 0 -1
    outer loop
      vertex 89.9858 30.8 0
      vertex 87.4104 61.3677 0
      vertex 88.2496 61.5692 0
    endloop
  endfacet
  facet normal 0 0 -1
    outer loop
      vertex 89.3142 30.8 0
      vertex 86.55 61.3 0
      vertex 87.4104 61.3677 0
    endloop
  endfacet
  facet normal 0 0 -1
    outer loop
      vertex 86.4858 30.8 0
      vertex 86.55 61.3 0
      vertex 89.3142 30.8 0
    endloop
  endfacet
  facet normal 0 0 -1
    outer loop
      vertex 85.8142 30.8 0
      vertex 86.4858 30.8 0
      vertex 85.8142 9.8 0
    endloop
  endfacet
  facet normal 0 0 -1
    outer loop
      vertex 86.4858 30.8 0
      vertex 85.8142 30.8 0
      vertex 86.55 61.3 0
    endloop
  endfacet
  facet normal 0 0 -1
    outer loop
      vertex 85.8142 30.8 0
      vertex 85.6896 61.3677 0
      vertex 86.55 61.3 0
    endloop
  endfacet
  facet normal 0 0 -1
    outer loop
      vertex 82.9858 30.8 0
      vertex 85.6896 61.3677 0
      vertex 85.8142 30.8 0
    endloop
  endfacet
  facet normal 0 0 -1
    outer loop
      vertex 82.3142 30.8 0
      vertex 85.6896 61.3677 0
      vertex 82.9858 30.8 0
    endloop
  endfacet
  facet normal -0 0 -1
    outer loop
      vertex 85.6896 61.3677 0
      vertex 82.3142 30.8 0
      vertex 84.8504 61.5692 0
    endloop
  endfacet
  facet normal 0 0 -1
    outer loop
      vertex 79.4858 30.8 0
      vertex 84.8504 61.5692 0
      vertex 82.3142 30.8 0
    endloop
  endfacet
  facet normal 0 0 -1
    outer loop
      vertex 78.8142 30.8 0
      vertex 84.8504 61.5692 0
      vertex 79.4858 30.8 0
    endloop
  endfacet
  facet normal -0 0 -1
    outer loop
      vertex 84.8504 61.5692 0
      vertex 78.8142 30.8 0
      vertex 84.0531 61.8995 0
    endloop
  endfacet
  facet normal 0 0 -1
    outer loop
      vertex 71.547 61.8995 0
      vertex 78.8142 30.8 0
      vertex 75.9858 30.8 0
    endloop
  endfacet
  facet normal 0 0 -1
    outer loop
      vertex 71.547 61.8995 0
      vertex 75.9858 30.8 0
      vertex 75.3142 30.8 0
    endloop
  endfacet
  facet normal 0 0 -1
    outer loop
      vertex 78.8142 30.8 0
      vertex 71.547 61.8995 0
      vertex 84.0531 61.8995 0
    endloop
  endfacet
  facet normal 0 0 -1
    outer loop
      vertex 84.0531 61.8995 0
      vertex 71.547 61.8995 0
      vertex 83.3172 62.3504 0
    endloop
  endfacet
  facet normal 0 0 -1
    outer loop
      vertex 83.3172 62.3504 0
      vertex 74.4823 65.9396 0
      vertex 82.6609 62.9109 0
    endloop
  endfacet
  facet normal 0 0 -1
    outer loop
      vertex 74.4823 65.9396 0
      vertex 82.1004 63.5672 0
      vertex 82.6609 62.9109 0
    endloop
  endfacet
  facet normal 0 0 -1
    outer loop
      vertex 126 63.5672 0
      vertex 155.6 77.6 0
      vertex 155.6 0 0
    endloop
  endfacet
  facet normal 0 0 -1
    outer loop
      vertex 155.6 77.6 0
      vertex 126.982 65.9396 0
      vertex 127.05 66.8 0
    endloop
  endfacet
  facet normal 0 0 -1
    outer loop
      vertex 155.6 77.6 0
      vertex 126.781 65.1004 0
      vertex 126.982 65.9396 0
    endloop
  endfacet
  facet normal 0 0 -1
    outer loop
      vertex 155.6 77.6 0
      vertex 126.451 64.3031 0
      vertex 126.781 65.1004 0
    endloop
  endfacet
  facet normal 0 0 -1
    outer loop
      vertex 155.6 77.6 0
      vertex 126 63.5672 0
      vertex 126.451 64.3031 0
    endloop
  endfacet
  facet normal 0 0 -1
    outer loop
      vertex 155.6 0 0
      vertex 125.439 62.9109 0
      vertex 126 63.5672 0
    endloop
  endfacet
  facet normal 0 0 -1
    outer loop
      vertex 155.6 0 0
      vertex 124.783 62.3504 0
      vertex 125.439 62.9109 0
    endloop
  endfacet
  facet normal 0 0 -1
    outer loop
      vertex 155.6 0 0
      vertex 124.047 61.8995 0
      vertex 124.783 62.3504 0
    endloop
  endfacet
  facet normal 0 0 -1
    outer loop
      vertex 106.814 30.8 0
      vertex 124.047 61.8995 0
      vertex 155.6 0 0
    endloop
  endfacet
  facet normal 0 0 -1
    outer loop
      vertex 124.047 61.8995 0
      vertex 106.814 30.8 0
      vertex 123.25 61.5692 0
    endloop
  endfacet
  facet normal 0 0 -1
    outer loop
      vertex 123.25 61.5692 0
      vertex 106.814 30.8 0
      vertex 122.41 61.3677 0
    endloop
  endfacet
  facet normal 0 0 -1
    outer loop
      vertex 122.41 61.3677 0
      vertex 106.814 30.8 0
      vertex 121.55 61.3 0
    endloop
  endfacet
  facet normal -0 0 -1
    outer loop
      vertex 121.55 61.3 0
      vertex 106.814 30.8 0
      vertex 120.69 61.3677 0
    endloop
  endfacet
  facet normal -0 0 -1
    outer loop
      vertex 120.69 61.3677 0
      vertex 106.814 30.8 0
      vertex 119.85 61.5692 0
    endloop
  endfacet
  facet normal -0 0 -1
    outer loop
      vertex 119.85 61.5692 0
      vertex 106.814 30.8 0
      vertex 119.053 61.8995 0
    endloop
  endfacet
  facet normal 0 0 -1
    outer loop
      vertex 106.547 61.8995 0
      vertex 119.053 61.8995 0
      vertex 106.814 30.8 0
    endloop
  endfacet
  facet normal 0 0 -1
    outer loop
      vertex 119.053 61.8995 0
      vertex 106.547 61.8995 0
      vertex 118.317 62.3504 0
    endloop
  endfacet
  facet normal 0 -0 -1
    outer loop
      vertex 107.283 62.3504 0
      vertex 118.317 62.3504 0
      vertex 106.547 61.8995 0
    endloop
  endfacet
  facet normal 0 0 -1
    outer loop
      vertex 116.118 65.9396 0
      vertex 109.55 66.8 0
      vertex 116.05 66.8 0
    endloop
  endfacet
  facet normal 0 0 -1
    outer loop
      vertex 109.482 65.9396 0
      vertex 116.118 65.9396 0
      vertex 116.319 65.1004 0
    endloop
  endfacet
  facet normal 0 0 -1
    outer loop
      vertex 109.281 65.1004 0
      vertex 116.319 65.1004 0
      vertex 116.649 64.3031 0
    endloop
  endfacet
  facet normal 0 0 -1
    outer loop
      vertex 118.317 62.3504 0
      vertex 107.283 62.3504 0
      vertex 117.661 62.9109 0
    endloop
  endfacet
  facet normal 0 0 -1
    outer loop
      vertex 116.118 65.9396 0
      vertex 109.482 65.9396 0
      vertex 109.55 66.8 0
    endloop
  endfacet
  facet normal 0 0 -1
    outer loop
      vertex 116.319 65.1004 0
      vertex 109.281 65.1004 0
      vertex 109.482 65.9396 0
    endloop
  endfacet
  facet normal 0 0 -1
    outer loop
      vertex 116.649 64.3031 0
      vertex 108.951 64.3031 0
      vertex 109.281 65.1004 0
    endloop
  endfacet
  facet normal 0 -0 -1
    outer loop
      vertex 107.939 62.9109 0
      vertex 117.661 62.9109 0
      vertex 107.283 62.3504 0
    endloop
  endfacet
  facet normal -0 0 -1
    outer loop
      vertex 116.649 64.3031 0
      vertex 108.5 63.5672 0
      vertex 108.951 64.3031 0
    endloop
  endfacet
  facet normal 0 0 -1
    outer loop
      vertex 117.1 63.5672 0
      vertex 108.5 63.5672 0
      vertex 116.649 64.3031 0
    endloop
  endfacet
  facet normal 0 0 -1
    outer loop
      vertex 106.814 30.8 0
      vertex 155.6 0 0
      vertex 106.814 9.8 0
    endloop
  endfacet
  facet normal 0 0 -1
    outer loop
      vertex 155.6 0 0
      vertex 103.986 9.8 0
      vertex 106.814 9.8 0
    endloop
  endfacet
  facet normal 0 0 -1
    outer loop
      vertex 103.986 9.8 0
      vertex 103.314 9.8 0
      vertex 103.986 30.8 0
    endloop
  endfacet
  facet normal 0 0 -1
    outer loop
      vertex 155.6 0 0
      vertex 103.314 9.8 0
      vertex 103.986 9.8 0
    endloop
  endfacet
  facet normal 0 0 -1
    outer loop
      vertex 155.6 0 0
      vertex 100.486 9.8 0
      vertex 103.314 9.8 0
    endloop
  endfacet
  facet normal 0 0 -1
    outer loop
      vertex 99.8142 30.8 0
      vertex 100.486 30.8 0
      vertex 100.486 9.8 0
    endloop
  endfacet
  facet normal 0 0 -1
    outer loop
      vertex 99.8142 30.8 0
      vertex 100.486 9.8 0
      vertex 99.8142 9.8 0
    endloop
  endfacet
  facet normal 0 0 -1
    outer loop
      vertex 155.6 0 0
      vertex 99.8142 9.8 0
      vertex 100.486 9.8 0
    endloop
  endfacet
  facet normal 0 0 -1
    outer loop
      vertex 155.6 0 0
      vertex 96.9858 9.8 0
      vertex 99.8142 9.8 0
    endloop
  endfacet
  facet normal 0 0 -1
    outer loop
      vertex 96.9858 9.8 0
      vertex 96.3142 9.8 0
      vertex 96.9858 30.8 0
    endloop
  endfacet
  facet normal 0 0 -1
    outer loop
      vertex 155.6 0 0
      vertex 96.3142 9.8 0
      vertex 96.9858 9.8 0
    endloop
  endfacet
  facet normal 0 0 -1
    outer loop
      vertex 155.6 0 0
      vertex 93.4858 9.8 0
      vertex 96.3142 9.8 0
    endloop
  endfacet
  facet normal 0 0 -1
    outer loop
      vertex 93.4858 9.8 0
      vertex 92.8142 9.8 0
      vertex 93.4858 30.8 0
    endloop
  endfacet
  facet normal 0 0 -1
    outer loop
      vertex 155.6 0 0
      vertex 92.8142 9.8 0
      vertex 93.4858 9.8 0
    endloop
  endfacet
  facet normal 0 0 -1
    outer loop
      vertex 155.6 0 0
      vertex 89.9858 9.8 0
      vertex 92.8142 9.8 0
    endloop
  endfacet
  facet normal 0 0 -1
    outer loop
      vertex 89.3142 9.8 0
      vertex 89.9858 30.8 0
      vertex 89.9858 9.8 0
    endloop
  endfacet
  facet normal 0 0 -1
    outer loop
      vertex 89.3142 30.8 0
      vertex 89.9858 30.8 0
      vertex 89.3142 9.8 0
    endloop
  endfacet
  facet normal 0 0 -1
    outer loop
      vertex 155.6 0 0
      vertex 89.3142 9.8 0
      vertex 89.9858 9.8 0
    endloop
  endfacet
  facet normal 0 0 -1
    outer loop
      vertex 155.6 0 0
      vertex 86.4858 9.8 0
      vertex 89.3142 9.8 0
    endloop
  endfacet
  facet normal 0 0 -1
    outer loop
      vertex 86.4858 9.8 0
      vertex 85.8142 9.8 0
      vertex 86.4858 30.8 0
    endloop
  endfacet
  facet normal 0 0 -1
    outer loop
      vertex 155.6 0 0
      vertex 85.8142 9.8 0
      vertex 86.4858 9.8 0
    endloop
  endfacet
  facet normal 0 0 -1
    outer loop
      vertex 155.6 0 0
      vertex 82.9858 9.8 0
      vertex 85.8142 9.8 0
    endloop
  endfacet
  facet normal 0 0 -1
    outer loop
      vertex 82.3142 9.8 0
      vertex 82.9858 30.8 0
      vertex 82.9858 9.8 0
    endloop
  endfacet
  facet normal 0 0 -1
    outer loop
      vertex 82.3142 30.8 0
      vertex 82.9858 30.8 0
      vertex 82.3142 9.8 0
    endloop
  endfacet
  facet normal 0 0 -1
    outer loop
      vertex 155.6 0 0
      vertex 82.3142 9.8 0
      vertex 82.9858 9.8 0
    endloop
  endfacet
  facet normal 0 0 -1
    outer loop
      vertex 155.6 0 0
      vertex 79.4858 9.8 0
      vertex 82.3142 9.8 0
    endloop
  endfacet
  facet normal 0 0 -1
    outer loop
      vertex 79.4858 9.8 0
      vertex 78.8142 9.8 0
      vertex 79.4858 30.8 0
    endloop
  endfacet
  facet normal 0 0 -1
    outer loop
      vertex 155.6 0 0
      vertex 78.8142 9.8 0
      vertex 79.4858 9.8 0
    endloop
  endfacet
  facet normal 0 0 -1
    outer loop
      vertex 155.6 0 0
      vertex 75.9858 9.8 0
      vertex 78.8142 9.8 0
    endloop
  endfacet
  facet normal 0 0 -1
    outer loop
      vertex 75.9858 9.8 0
      vertex 75.3142 9.8 0
      vertex 75.9858 30.8 0
    endloop
  endfacet
  facet normal 0 0 -1
    outer loop
      vertex 155.6 0 0
      vertex 75.3142 9.8 0
      vertex 75.9858 9.8 0
    endloop
  endfacet
  facet normal 0 0 -1
    outer loop
      vertex 0 0 0
      vertex 75.3142 9.8 0
      vertex 155.6 0 0
    endloop
  endfacet
  facet normal 0 0 -1
    outer loop
      vertex 71.8142 9.8 0
      vertex 72.4858 30.8 0
      vertex 72.4858 9.8 0
    endloop
  endfacet
  facet normal 0 0 -1
    outer loop
      vertex 71.8142 30.8 0
      vertex 72.4858 30.8 0
      vertex 71.8142 9.8 0
    endloop
  endfacet
  facet normal -0 0 -1
    outer loop
      vertex 75.3142 9.8 0
      vertex 0 0 0
      vertex 72.4858 9.8 0
    endloop
  endfacet
  facet normal -0 0 -1
    outer loop
      vertex 72.4858 9.8 0
      vertex 0 0 0
      vertex 71.8142 9.8 0
    endloop
  endfacet
  facet normal 0 0 -1
    outer loop
      vertex 68.9858 9.8 0
      vertex 68.3142 9.8 0
      vertex 68.9858 30.8 0
    endloop
  endfacet
  facet normal -0 0 -1
    outer loop
      vertex 71.8142 9.8 0
      vertex 0 0 0
      vertex 68.9858 9.8 0
    endloop
  endfacet
  facet normal -0 0 -1
    outer loop
      vertex 68.9858 9.8 0
      vertex 0 0 0
      vertex 68.3142 9.8 0
    endloop
  endfacet
  facet normal 0 0 -1
    outer loop
      vertex 64.8142 9.8 0
      vertex 65.4858 30.8 0
      vertex 65.4858 9.8 0
    endloop
  endfacet
  facet normal 0 0 -1
    outer loop
      vertex 64.8142 30.8 0
      vertex 65.4858 30.8 0
      vertex 64.8142 9.8 0
    endloop
  endfacet
  facet normal -0 0 -1
    outer loop
      vertex 68.3142 9.8 0
      vertex 0 0 0
      vertex 65.4858 9.8 0
    endloop
  endfacet
  facet normal -0 0 -1
    outer loop
      vertex 65.4858 9.8 0
      vertex 0 0 0
      vertex 64.8142 9.8 0
    endloop
  endfacet
  facet normal 0 0 -1
    outer loop
      vertex 61.9858 9.8 0
      vertex 61.3142 9.8 0
      vertex 61.9858 30.8 0
    endloop
  endfacet
  facet normal -0 0 -1
    outer loop
      vertex 64.8142 9.8 0
      vertex 0 0 0
      vertex 61.9858 9.8 0
    endloop
  endfacet
  facet normal -0 0 -1
    outer loop
      vertex 61.9858 9.8 0
      vertex 0 0 0
      vertex 61.3142 9.8 0
    endloop
  endfacet
  facet normal 0 0 -1
    outer loop
      vertex 58.4858 9.8 0
      vertex 57.8142 9.8 0
      vertex 58.4858 30.8 0
    endloop
  endfacet
  facet normal -0 0 -1
    outer loop
      vertex 61.3142 9.8 0
      vertex 0 0 0
      vertex 58.4858 9.8 0
    endloop
  endfacet
  facet normal -0 0 -1
    outer loop
      vertex 58.4858 9.8 0
      vertex 0 0 0
      vertex 57.8142 9.8 0
    endloop
  endfacet
  facet normal 0 0 -1
    outer loop
      vertex 54.9858 9.8 0
      vertex 54.3142 9.8 0
      vertex 54.9858 30.8 0
    endloop
  endfacet
  facet normal -0 0 -1
    outer loop
      vertex 57.8142 9.8 0
      vertex 0 0 0
      vertex 54.9858 9.8 0
    endloop
  endfacet
  facet normal -0 0 -1
    outer loop
      vertex 54.9858 9.8 0
      vertex 0 0 0
      vertex 54.3142 9.8 0
    endloop
  endfacet
  facet normal 0 0 -1
    outer loop
      vertex 50.8142 30.1784 0
      vertex 51.4858 9.8 0
      vertex 50.8142 9.8 0
    endloop
  endfacet
  facet normal -0 0 -1
    outer loop
      vertex 54.3142 9.8 0
      vertex 0 0 0
      vertex 51.4858 9.8 0
    endloop
  endfacet
  facet normal -0 0 -1
    outer loop
      vertex 51.4858 9.8 0
      vertex 0 0 0
      vertex 50.8142 9.8 0
    endloop
  endfacet
  facet normal 0 0 -1
    outer loop
      vertex 47.9858 9.8 0
      vertex 30.1 20.3 0
      vertex 47.9858 28.9503 0
    endloop
  endfacet
  facet normal 0 0 -1
    outer loop
      vertex 47.9858 9.8 0
      vertex 30.0347 19.4709 0
      vertex 30.1 20.3 0
    endloop
  endfacet
  facet normal 0 0 -1
    outer loop
      vertex 47.9858 9.8 0
      vertex 29.8406 18.6622 0
      vertex 30.0347 19.4709 0
    endloop
  endfacet
  facet normal 0 0 -1
    outer loop
      vertex 47.9858 9.8 0
      vertex 29.5223 17.8939 0
      vertex 29.8406 18.6622 0
    endloop
  endfacet
  facet normal 0 0 -1
    outer loop
      vertex 47.9858 9.8 0
      vertex 29.0878 17.1847 0
      vertex 29.5223 17.8939 0
    endloop
  endfacet
  facet normal 0 0 -1
    outer loop
      vertex 47.9858 9.8 0
      vertex 28.5477 16.5523 0
      vertex 29.0878 17.1847 0
    endloop
  endfacet
  facet normal 0 0 -1
    outer loop
      vertex 47.9858 9.8 0
      vertex 27.9153 16.0122 0
      vertex 28.5477 16.5523 0
    endloop
  endfacet
  facet normal 0 0 -1
    outer loop
      vertex 47.9858 9.8 0
      vertex 27.2062 15.5777 0
      vertex 27.9153 16.0122 0
    endloop
  endfacet
  facet normal 0 0 -1
    outer loop
      vertex 47.9858 9.8 0
      vertex 26.4378 15.2594 0
      vertex 27.2062 15.5777 0
    endloop
  endfacet
  facet normal 0 0 -1
    outer loop
      vertex 47.9858 9.8 0
      vertex 25.6291 15.0653 0
      vertex 26.4378 15.2594 0
    endloop
  endfacet
  facet normal 0 0 -1
    outer loop
      vertex 0 0 0
      vertex 25.6291 15.0653 0
      vertex 47.9858 9.8 0
    endloop
  endfacet
  facet normal 0 0 -1
    outer loop
      vertex 25.6291 15.0653 0
      vertex 0 0 0
      vertex 24.8 15 0
    endloop
  endfacet
  facet normal 0 0 -1
    outer loop
      vertex 19.7594 18.6622 0
      vertex 13.8 19 0
      vertex 19.6783 19 0
    endloop
  endfacet
  facet normal 0 0 -1
    outer loop
      vertex 20.0777 17.8939 0
      vertex 13.8 19 0
      vertex 19.7594 18.6622 0
    endloop
  endfacet
  facet normal 0 0 -1
    outer loop
      vertex 20.5122 17.1847 0
      vertex 13.8 19 0
      vertex 20.0777 17.8939 0
    endloop
  endfacet
  facet normal 0 0 -1
    outer loop
      vertex 21.0523 16.5523 0
      vertex 13.8 19 0
      vertex 20.5122 17.1847 0
    endloop
  endfacet
  facet normal 0 0 -1
    outer loop
      vertex 21.6847 16.0122 0
      vertex 13.8 19 0
      vertex 21.0523 16.5523 0
    endloop
  endfacet
  facet normal 0 0 -1
    outer loop
      vertex 0 0 0
      vertex 21.6847 16.0122 0
      vertex 22.3939 15.5777 0
    endloop
  endfacet
  facet normal 0 0 -1
    outer loop
      vertex 0 0 0
      vertex 22.3939 15.5777 0
      vertex 23.1622 15.2594 0
    endloop
  endfacet
  facet normal -0 0 -1
    outer loop
      vertex 13.8 19 0
      vertex 2.9 15.8025 0
      vertex 13.8 21.6 0
    endloop
  endfacet
  facet normal -0 0 -1
    outer loop
      vertex 21.6847 16.0122 0
      vertex 0 0 0
      vertex 13.8 19 0
    endloop
  endfacet
  facet normal 0 0 -1
    outer loop
      vertex 0 0 0
      vertex 23.1622 15.2594 0
      vertex 23.9709 15.0653 0
    endloop
  endfacet
  facet normal -0 0 -1
    outer loop
      vertex 24.8 15 0
      vertex 0 0 0
      vertex 23.9709 15.0653 0
    endloop
  endfacet
  facet normal -0 0 -1
    outer loop
      vertex 50.8142 9.8 0
      vertex 0 0 0
      vertex 47.9858 9.8 0
    endloop
  endfacet
  facet normal 0 0 -1
    outer loop
      vertex 13.8 19 0
      vertex 0 0 0
      vertex 2.9 15.8025 0
    endloop
  endfacet
  facet normal -0 0 -1
    outer loop
      vertex 2.9 15.8025 0
      vertex 0 0 0
      vertex 0 15.8025 0
    endloop
  endfacet
  facet normal 0 0 -1
    outer loop
      vertex 126.982 67.6604 0
      vertex 155.6 77.6 0
      vertex 127.05 66.8 0
    endloop
  endfacet
  facet normal 0 0 -1
    outer loop
      vertex 126.781 68.4996 0
      vertex 155.6 77.6 0
      vertex 126.982 67.6604 0
    endloop
  endfacet
  facet normal 0 0 -1
    outer loop
      vertex 126.451 69.297 0
      vertex 155.6 77.6 0
      vertex 126.781 68.4996 0
    endloop
  endfacet
  facet normal 0 0 -1
    outer loop
      vertex 125.075 77.6 0
      vertex 126.451 69.297 0
      vertex 126 70.0328 0
    endloop
  endfacet
  facet normal 0 0 -1
    outer loop
      vertex 125.075 77.6 0
      vertex 126 70.0328 0
      vertex 125.439 70.6891 0
    endloop
  endfacet
  facet normal 0 0 -1
    outer loop
      vertex 126.451 69.297 0
      vertex 125.075 77.6 0
      vertex 155.6 77.6 0
    endloop
  endfacet
  facet normal 0 0 -1
    outer loop
      vertex 124.783 71.2496 0
      vertex 125.075 77.6 0
      vertex 125.439 70.6891 0
    endloop
  endfacet
  facet normal 0 0 -1
    outer loop
      vertex 124.783 71.2496 0
      vertex 124.783 77.3504 0
      vertex 125.075 77.6 0
    endloop
  endfacet
  facet normal 0 0 -1
    outer loop
      vertex 124.047 71.7005 0
      vertex 124.783 77.3504 0
      vertex 124.783 71.2496 0
    endloop
  endfacet
  facet normal 0 0 -1
    outer loop
      vertex 124.047 71.7005 0
      vertex 124.047 76.8995 0
      vertex 124.783 77.3504 0
    endloop
  endfacet
  facet normal 0 0 -1
    outer loop
      vertex 123.25 72.0308 0
      vertex 124.047 76.8995 0
      vertex 124.047 71.7005 0
    endloop
  endfacet
  facet normal 0 0 -1
    outer loop
      vertex 123.25 72.0308 0
      vertex 123.25 76.5692 0
      vertex 124.047 76.8995 0
    endloop
  endfacet
  facet normal 0 0 -1
    outer loop
      vertex 123.05 72.0787 0
      vertex 123.25 76.5692 0
      vertex 123.25 72.0308 0
    endloop
  endfacet
  facet normal 0 0 -1
    outer loop
      vertex 123.25 76.5692 0
      vertex 123.05 72.0787 0
      vertex 123.05 76.5213 0
    endloop
  endfacet
  facet normal 0 0 -1
    outer loop
      vertex 119.85 72.0308 0
      vertex 120.05 76.5213 0
      vertex 120.05 72.0787 0
    endloop
  endfacet
  facet normal 0 0 -1
    outer loop
      vertex 119.85 72.0308 0
      vertex 119.85 76.5692 0
      vertex 120.05 76.5213 0
    endloop
  endfacet
  facet normal 0 0 -1
    outer loop
      vertex 119.053 71.7005 0
      vertex 119.85 76.5692 0
      vertex 119.85 72.0308 0
    endloop
  endfacet
  facet normal 0 0 -1
    outer loop
      vertex 119.053 71.7005 0
      vertex 119.053 76.8995 0
      vertex 119.85 76.5692 0
    endloop
  endfacet
  facet normal 0 0 -1
    outer loop
      vertex 118.317 71.2496 0
      vertex 119.053 76.8995 0
      vertex 119.053 71.7005 0
    endloop
  endfacet
  facet normal 0 0 -1
    outer loop
      vertex 118.317 71.2496 0
      vertex 118.317 77.3504 0
      vertex 119.053 76.8995 0
    endloop
  endfacet
  facet normal 0 0 -1
    outer loop
      vertex 118.317 71.2496 0
      vertex 118.025 77.6 0
      vertex 118.317 77.3504 0
    endloop
  endfacet
  facet normal 0 0 -1
    outer loop
      vertex 117.661 70.6891 0
      vertex 118.025 77.6 0
      vertex 118.317 71.2496 0
    endloop
  endfacet
  facet normal 0 0 -1
    outer loop
      vertex 107.939 70.6891 0
      vertex 117.661 70.6891 0
      vertex 117.1 70.0328 0
    endloop
  endfacet
  facet normal 0 0 -1
    outer loop
      vertex 108.5 70.0328 0
      vertex 117.1 70.0328 0
      vertex 116.649 69.297 0
    endloop
  endfacet
  facet normal 0 0 -1
    outer loop
      vertex 108.951 69.297 0
      vertex 116.649 69.297 0
      vertex 116.319 68.4996 0
    endloop
  endfacet
  facet normal 0 0 -1
    outer loop
      vertex 109.281 68.4996 0
      vertex 116.319 68.4996 0
      vertex 116.118 67.6604 0
    endloop
  endfacet
  facet normal 0 0 -1
    outer loop
      vertex 109.55 66.8 0
      vertex 116.118 67.6604 0
      vertex 116.05 66.8 0
    endloop
  endfacet
  facet normal 0 0 -1
    outer loop
      vertex 109.482 67.6604 0
      vertex 116.118 67.6604 0
      vertex 109.55 66.8 0
    endloop
  endfacet
  facet normal 0 0 -1
    outer loop
      vertex 109.281 68.4996 0
      vertex 116.118 67.6604 0
      vertex 109.482 67.6604 0
    endloop
  endfacet
  facet normal 0 0 -1
    outer loop
      vertex 116.319 68.4996 0
      vertex 109.281 68.4996 0
      vertex 108.951 69.297 0
    endloop
  endfacet
  facet normal 0 0 -1
    outer loop
      vertex 116.649 69.297 0
      vertex 108.951 69.297 0
      vertex 108.5 70.0328 0
    endloop
  endfacet
  facet normal 0 0 -1
    outer loop
      vertex 107.939 70.6891 0
      vertex 117.1 70.0328 0
      vertex 108.5 70.0328 0
    endloop
  endfacet
  facet normal 0 0 -1
    outer loop
      vertex 117.661 70.6891 0
      vertex 107.939 70.6891 0
      vertex 118.025 77.6 0
    endloop
  endfacet
  facet normal 0 0 -1
    outer loop
      vertex 107.939 70.6891 0
      vertex 107.575 77.6 0
      vertex 118.025 77.6 0
    endloop
  endfacet
  facet normal 0 0 -1
    outer loop
      vertex 107.283 71.2496 0
      vertex 107.575 77.6 0
      vertex 107.939 70.6891 0
    endloop
  endfacet
  facet normal 0 0 -1
    outer loop
      vertex 107.283 71.2496 0
      vertex 107.283 77.3504 0
      vertex 107.575 77.6 0
    endloop
  endfacet
  facet normal 0 0 -1
    outer loop
      vertex 106.547 71.7005 0
      vertex 107.283 77.3504 0
      vertex 107.283 71.2496 0
    endloop
  endfacet
  facet normal 0 0 -1
    outer loop
      vertex 106.547 71.7005 0
      vertex 106.547 76.8995 0
      vertex 107.283 77.3504 0
    endloop
  endfacet
  facet normal 0 0 -1
    outer loop
      vertex 105.75 72.0308 0
      vertex 106.547 76.8995 0
      vertex 106.547 71.7005 0
    endloop
  endfacet
  facet normal 0 0 -1
    outer loop
      vertex 105.75 72.0308 0
      vertex 105.75 76.5692 0
      vertex 106.547 76.8995 0
    endloop
  endfacet
  facet normal 0 0 -1
    outer loop
      vertex 105.55 72.0787 0
      vertex 105.75 76.5692 0
      vertex 105.75 72.0308 0
    endloop
  endfacet
  facet normal 0 0 -1
    outer loop
      vertex 105.75 76.5692 0
      vertex 105.55 72.0787 0
      vertex 105.55 76.5213 0
    endloop
  endfacet
  facet normal 0 -0 -1
    outer loop
      vertex 108.5 63.5672 0
      vertex 117.1 63.5672 0
      vertex 107.939 62.9109 0
    endloop
  endfacet
  facet normal 0 0 -1
    outer loop
      vertex 117.661 62.9109 0
      vertex 107.939 62.9109 0
      vertex 117.1 63.5672 0
    endloop
  endfacet
  facet normal 0 0 -1
    outer loop
      vertex 106.814 30.8 0
      vertex 105.75 61.5692 0
      vertex 106.547 61.8995 0
    endloop
  endfacet
  facet normal 0 0 -1
    outer loop
      vertex 106.814 30.8 0
      vertex 104.91 61.3677 0
      vertex 105.75 61.5692 0
    endloop
  endfacet
  facet normal 0 0 -1
    outer loop
      vertex 106.814 30.8 0
      vertex 104.05 61.3 0
      vertex 104.91 61.3677 0
    endloop
  endfacet
  facet normal 0 0 -1
    outer loop
      vertex 103.986 30.8 0
      vertex 104.05 61.3 0
      vertex 106.814 30.8 0
    endloop
  endfacet
  facet normal 0 0 -1
    outer loop
      vertex 103.314 30.8 0
      vertex 103.986 30.8 0
      vertex 103.314 9.8 0
    endloop
  endfacet
  facet normal 0 0 -1
    outer loop
      vertex 103.986 30.8 0
      vertex 103.314 30.8 0
      vertex 104.05 61.3 0
    endloop
  endfacet
  facet normal 0 0 -1
    outer loop
      vertex 103.314 30.8 0
      vertex 103.19 61.3677 0
      vertex 104.05 61.3 0
    endloop
  endfacet
  facet normal 0 0 -1
    outer loop
      vertex 100.486 30.8 0
      vertex 103.19 61.3677 0
      vertex 103.314 30.8 0
    endloop
  endfacet
  facet normal -0 0 -1
    outer loop
      vertex 103.19 61.3677 0
      vertex 100.486 30.8 0
      vertex 102.35 61.5692 0
    endloop
  endfacet
  facet normal -0 0 -1
    outer loop
      vertex 102.35 61.5692 0
      vertex 100.486 30.8 0
      vertex 101.553 61.8995 0
    endloop
  endfacet
  facet normal -0 0 -1
    outer loop
      vertex 101.553 61.8995 0
      vertex 100.486 30.8 0
      vertex 100.817 62.3504 0
    endloop
  endfacet
  facet normal -0 0 -1
    outer loop
      vertex 100.817 62.3504 0
      vertex 100.486 30.8 0
      vertex 100.161 62.9109 0
    endloop
  endfacet
  facet normal 0 0 -1
    outer loop
      vertex 100.486 30.8 0
      vertex 99.8142 30.8 0
      vertex 100.161 62.9109 0
    endloop
  endfacet
  facet normal 0 0 -1
    outer loop
      vertex 96.9858 30.8 0
      vertex 100.161 62.9109 0
      vertex 99.8142 30.8 0
    endloop
  endfacet
  facet normal 0 0 -1
    outer loop
      vertex 96.3142 30.8 0
      vertex 100.161 62.9109 0
      vertex 96.9858 30.8 0
    endloop
  endfacet
  facet normal 0 0 -1
    outer loop
      vertex 89.047 61.8995 0
      vertex 96.3142 30.8 0
      vertex 93.4858 30.8 0
    endloop
  endfacet
  facet normal 0 0 -1
    outer loop
      vertex 89.047 61.8995 0
      vertex 93.4858 30.8 0
      vertex 92.8142 30.8 0
    endloop
  endfacet
  facet normal 0 0 -1
    outer loop
      vertex 96.3142 30.8 0
      vertex 89.047 61.8995 0
      vertex 100.161 62.9109 0
    endloop
  endfacet
  facet normal 0 0 -1
    outer loop
      vertex 100.161 62.9109 0
      vertex 92.05 66.8 0
      vertex 99.6004 63.5672 0
    endloop
  endfacet
  facet normal 0 0 -1
    outer loop
      vertex 102.35 72.0308 0
      vertex 102.55 76.5213 0
      vertex 102.55 72.0787 0
    endloop
  endfacet
  facet normal 0 0 -1
    outer loop
      vertex 102.35 72.0308 0
      vertex 102.35 76.5692 0
      vertex 102.55 76.5213 0
    endloop
  endfacet
  facet normal 0 0 -1
    outer loop
      vertex 101.553 71.7005 0
      vertex 102.35 76.5692 0
      vertex 102.35 72.0308 0
    endloop
  endfacet
  facet normal 0 0 -1
    outer loop
      vertex 101.553 71.7005 0
      vertex 101.553 76.8995 0
      vertex 102.35 76.5692 0
    endloop
  endfacet
  facet normal 0 0 -1
    outer loop
      vertex 100.817 71.2496 0
      vertex 101.553 76.8995 0
      vertex 101.553 71.7005 0
    endloop
  endfacet
  facet normal 0 0 -1
    outer loop
      vertex 100.817 71.2496 0
      vertex 100.817 77.3504 0
      vertex 101.553 76.8995 0
    endloop
  endfacet
  facet normal 0 0 -1
    outer loop
      vertex 100.817 71.2496 0
      vertex 100.525 77.6 0
      vertex 100.817 77.3504 0
    endloop
  endfacet
  facet normal 0 0 -1
    outer loop
      vertex 100.161 70.6891 0
      vertex 100.525 77.6 0
      vertex 100.817 71.2496 0
    endloop
  endfacet
  facet normal 0 0 -1
    outer loop
      vertex 92.6417 71.9583 0
      vertex 100.161 70.6891 0
      vertex 99.6004 70.0328 0
    endloop
  endfacet
  facet normal 0 0 -1
    outer loop
      vertex 92.6417 71.9583 0
      vertex 99.6004 70.0328 0
      vertex 99.1495 69.297 0
    endloop
  endfacet
  facet normal 0 0 -1
    outer loop
      vertex 92.6417 71.9583 0
      vertex 99.1495 69.297 0
      vertex 98.8192 68.4996 0
    endloop
  endfacet
  facet normal 0 0 -1
    outer loop
      vertex 91.9823 67.6604 0
      vertex 98.6177 67.6604 0
      vertex 92.05 66.8 0
    endloop
  endfacet
  facet normal 0 0 -1
    outer loop
      vertex 96.3142 30.8 0
      vertex 96.9858 30.8 0
      vertex 96.3142 9.8 0
    endloop
  endfacet
  facet normal 0 0 -1
    outer loop
      vertex 99.6004 63.5672 0
      vertex 92.05 66.8 0
      vertex 99.1495 64.3031 0
    endloop
  endfacet
  facet normal 0 0 -1
    outer loop
      vertex 92.05 66.8 0
      vertex 98.8192 65.1004 0
      vertex 99.1495 64.3031 0
    endloop
  endfacet
  facet normal 0 0 -1
    outer loop
      vertex 92.05 66.8 0
      vertex 98.6177 65.9396 0
      vertex 98.8192 65.1004 0
    endloop
  endfacet
  facet normal 0 0 -1
    outer loop
      vertex 92.8142 30.8 0
      vertex 93.4858 30.8 0
      vertex 92.8142 9.8 0
    endloop
  endfacet
  facet normal 0 0 -1
    outer loop
      vertex 92.05 66.8 0
      vertex 98.55 66.8 0
      vertex 98.6177 65.9396 0
    endloop
  endfacet
  facet normal 0 0 -1
    outer loop
      vertex 92.05 66.8 0
      vertex 98.6177 67.6604 0
      vertex 98.55 66.8 0
    endloop
  endfacet
  facet normal 0 0 -1
    outer loop
      vertex 100.161 70.6891 0
      vertex 92.6417 71.9583 0
      vertex 100.525 77.6 0
    endloop
  endfacet
  facet normal 0 0 -1
    outer loop
      vertex 92.6417 76.6417 0
      vertex 100.525 77.6 0
      vertex 92.6417 71.9583 0
    endloop
  endfacet
  facet normal 0 0 -1
    outer loop
      vertex 92.6417 76.6417 0
      vertex 90.0751 77.6 0
      vertex 100.525 77.6 0
    endloop
  endfacet
  facet normal 0 0 -1
    outer loop
      vertex 92.6417 76.6417 0
      vertex 89.7828 77.3504 0
      vertex 90.0751 77.6 0
    endloop
  endfacet
  facet normal 0 0 -1
    outer loop
      vertex 92.6417 76.6417 0
      vertex 89.047 76.8995 0
      vertex 89.7828 77.3504 0
    endloop
  endfacet
  facet normal 0 -0 -1
    outer loop
      vertex 89.047 76.8995 0
      vertex 92.6417 76.6417 0
      vertex 88.4246 76.6417 0
    endloop
  endfacet
  facet normal 0 0 -1
    outer loop
      vertex 78.8142 30.8 0
      vertex 79.4858 30.8 0
      vertex 78.8142 9.8 0
    endloop
  endfacet
  facet normal 0 0 -1
    outer loop
      vertex 74.4823 65.9396 0
      vertex 81.6495 64.3031 0
      vertex 82.1004 63.5672 0
    endloop
  endfacet
  facet normal 0 0 -1
    outer loop
      vertex 74.4823 65.9396 0
      vertex 81.1177 65.9396 0
      vertex 81.3192 65.1004 0
    endloop
  endfacet
  facet normal 0 0 -1
    outer loop
      vertex 81.1177 65.9396 0
      vertex 74.55 66.8 0
      vertex 81.05 66.8 0
    endloop
  endfacet
  facet normal 0 0 -1
    outer loop
      vertex 75.3142 30.8 0
      vertex 75.9858 30.8 0
      vertex 75.3142 9.8 0
    endloop
  endfacet
  facet normal 0 0 -1
    outer loop
      vertex 74.4823 65.9396 0
      vertex 81.3192 65.1004 0
      vertex 81.6495 64.3031 0
    endloop
  endfacet
  facet normal 0 0 -1
    outer loop
      vertex 81.05 66.8 0
      vertex 74.55 66.8 0
      vertex 81.1177 67.6604 0
    endloop
  endfacet
  facet normal 0 0 -1
    outer loop
      vertex 74.4823 67.6604 0
      vertex 81.1177 67.6604 0
      vertex 74.55 66.8 0
    endloop
  endfacet
  facet normal 0 0 -1
    outer loop
      vertex 81.1177 67.6604 0
      vertex 74.4823 67.6604 0
      vertex 81.3192 68.4996 0
    endloop
  endfacet
  facet normal 0 0 -1
    outer loop
      vertex 74.2808 68.4996 0
      vertex 81.3192 68.4996 0
      vertex 74.4823 67.6604 0
    endloop
  endfacet
  facet normal 0 0 -1
    outer loop
      vertex 81.3192 68.4996 0
      vertex 74.2808 68.4996 0
      vertex 81.6495 69.297 0
    endloop
  endfacet
  facet normal 0 0 -1
    outer loop
      vertex 73.9505 69.297 0
      vertex 81.6495 69.297 0
      vertex 74.2808 68.4996 0
    endloop
  endfacet
  facet normal 0 0 -1
    outer loop
      vertex 81.6495 69.297 0
      vertex 73.9505 69.297 0
      vertex 82.1004 70.0328 0
    endloop
  endfacet
  facet normal 0 0 -1
    outer loop
      vertex 73.4996 70.0328 0
      vertex 82.1004 70.0328 0
      vertex 73.9505 69.297 0
    endloop
  endfacet
  facet normal 0 0 -1
    outer loop
      vertex 82.1004 70.0328 0
      vertex 73.4996 70.0328 0
      vertex 82.6609 70.6891 0
    endloop
  endfacet
  facet normal 0 0 -1
    outer loop
      vertex 72.9391 70.6891 0
      vertex 82.6609 70.6891 0
      vertex 73.4996 70.0328 0
    endloop
  endfacet
  facet normal 0 0 -1
    outer loop
      vertex 82.6609 70.6891 0
      vertex 72.9391 70.6891 0
      vertex 83.3172 71.2496 0
    endloop
  endfacet
  facet normal 0 0 -1
    outer loop
      vertex 72.2828 71.2496 0
      vertex 83.3172 71.2496 0
      vertex 72.9391 70.6891 0
    endloop
  endfacet
  facet normal 0 0 -1
    outer loop
      vertex 83.3172 71.2496 0
      vertex 72.2828 71.2496 0
      vertex 84.0531 71.7005 0
    endloop
  endfacet
  facet normal 0 0 -1
    outer loop
      vertex 71.547 71.7005 0
      vertex 84.0531 71.7005 0
      vertex 72.2828 71.2496 0
    endloop
  endfacet
  facet normal 0 0 -1
    outer loop
      vertex 84.0531 71.7005 0
      vertex 71.547 71.7005 0
      vertex 84.6754 71.9583 0
    endloop
  endfacet
  facet normal -0 0 -1
    outer loop
      vertex 84.6754 71.9583 0
      vertex 71.547 71.7005 0
      vertex 70.9246 71.9583 0
    endloop
  endfacet
  facet normal 0 0 -1
    outer loop
      vertex 67.3504 72.0308 0
      vertex 67.55 76.5213 0
      vertex 67.55 72.0787 0
    endloop
  endfacet
  facet normal 0 0 -1
    outer loop
      vertex 67.3504 72.0308 0
      vertex 67.3504 76.5692 0
      vertex 67.55 76.5213 0
    endloop
  endfacet
  facet normal 0 0 -1
    outer loop
      vertex 66.5531 71.7005 0
      vertex 67.3504 76.5692 0
      vertex 67.3504 72.0308 0
    endloop
  endfacet
  facet normal 0 0 -1
    outer loop
      vertex 66.5531 71.7005 0
      vertex 66.5531 76.8995 0
      vertex 67.3504 76.5692 0
    endloop
  endfacet
  facet normal 0 0 -1
    outer loop
      vertex 65.8172 71.2496 0
      vertex 66.5531 76.8995 0
      vertex 66.5531 71.7005 0
    endloop
  endfacet
  facet normal 0 0 -1
    outer loop
      vertex 65.8172 71.2496 0
      vertex 65.8172 77.3504 0
      vertex 66.5531 76.8995 0
    endloop
  endfacet
  facet normal 0 0 -1
    outer loop
      vertex 65.8172 71.2496 0
      vertex 65.5249 77.6 0
      vertex 65.8172 77.3504 0
    endloop
  endfacet
  facet normal 0 0 -1
    outer loop
      vertex 65.1609 70.6891 0
      vertex 65.5249 77.6 0
      vertex 65.8172 71.2496 0
    endloop
  endfacet
  facet normal 0 0 -1
    outer loop
      vertex 55.4391 70.6891 0
      vertex 65.1609 70.6891 0
      vertex 64.6004 70.0328 0
    endloop
  endfacet
  facet normal 0 0 -1
    outer loop
      vertex 55.9996 70.0328 0
      vertex 64.6004 70.0328 0
      vertex 64.1495 69.297 0
    endloop
  endfacet
  facet normal 0 0 -1
    outer loop
      vertex 56.4505 69.297 0
      vertex 64.1495 69.297 0
      vertex 63.8192 68.4996 0
    endloop
  endfacet
  facet normal 0 0 -1
    outer loop
      vertex 56.7808 68.4996 0
      vertex 63.8192 68.4996 0
      vertex 63.6177 67.6604 0
    endloop
  endfacet
  facet normal 0 0 -1
    outer loop
      vertex 56.9823 65.9396 0
      vertex 63.6177 65.9396 0
      vertex 63.8192 65.1004 0
    endloop
  endfacet
  facet normal 0 0 -1
    outer loop
      vertex 63.6177 65.9396 0
      vertex 57.05 66.8 0
      vertex 63.55 66.8 0
    endloop
  endfacet
  facet normal 0 0 -1
    outer loop
      vertex 57.05 66.8 0
      vertex 63.6177 67.6604 0
      vertex 63.55 66.8 0
    endloop
  endfacet
  facet normal 0 0 -1
    outer loop
      vertex 56.9823 67.6604 0
      vertex 63.6177 67.6604 0
      vertex 57.05 66.8 0
    endloop
  endfacet
  facet normal 0 0 -1
    outer loop
      vertex 56.7808 68.4996 0
      vertex 63.6177 67.6604 0
      vertex 56.9823 67.6604 0
    endloop
  endfacet
  facet normal 0 0 -1
    outer loop
      vertex 63.8192 68.4996 0
      vertex 56.7808 68.4996 0
      vertex 56.4505 69.297 0
    endloop
  endfacet
  facet normal 0 0 -1
    outer loop
      vertex 64.1495 69.297 0
      vertex 56.4505 69.297 0
      vertex 55.9996 70.0328 0
    endloop
  endfacet
  facet normal 0 0 -1
    outer loop
      vertex 55.4391 70.6891 0
      vertex 64.6004 70.0328 0
      vertex 55.9996 70.0328 0
    endloop
  endfacet
  facet normal 0 0 -1
    outer loop
      vertex 65.1609 70.6891 0
      vertex 55.4391 70.6891 0
      vertex 65.5249 77.6 0
    endloop
  endfacet
  facet normal 0 0 -1
    outer loop
      vertex 55.4391 70.6891 0
      vertex 55.0751 77.6 0
      vertex 65.5249 77.6 0
    endloop
  endfacet
  facet normal 0 0 -1
    outer loop
      vertex 54.7828 71.2496 0
      vertex 55.0751 77.6 0
      vertex 55.4391 70.6891 0
    endloop
  endfacet
  facet normal 0 0 -1
    outer loop
      vertex 54.7828 71.2496 0
      vertex 54.7828 77.3504 0
      vertex 55.0751 77.6 0
    endloop
  endfacet
  facet normal 0 0 -1
    outer loop
      vertex 54.0469 71.7005 0
      vertex 54.7828 77.3504 0
      vertex 54.7828 71.2496 0
    endloop
  endfacet
  facet normal 0 0 -1
    outer loop
      vertex 54.0469 71.7005 0
      vertex 54.0469 76.8995 0
      vertex 54.7828 77.3504 0
    endloop
  endfacet
  facet normal 0 0 -1
    outer loop
      vertex 53.2496 72.0308 0
      vertex 54.0469 76.8995 0
      vertex 54.0469 71.7005 0
    endloop
  endfacet
  facet normal 0 0 -1
    outer loop
      vertex 53.2496 72.0308 0
      vertex 53.2496 76.5692 0
      vertex 54.0469 76.8995 0
    endloop
  endfacet
  facet normal 0 0 -1
    outer loop
      vertex 53.05 72.0787 0
      vertex 53.2496 76.5692 0
      vertex 53.2496 72.0308 0
    endloop
  endfacet
  facet normal 0 0 -1
    outer loop
      vertex 53.2496 76.5692 0
      vertex 53.05 72.0787 0
      vertex 53.05 76.5213 0
    endloop
  endfacet
  facet normal 0 0 -1
    outer loop
      vertex 51.4858 9.8 0
      vertex 50.8142 30.1784 0
      vertex 51.4858 30.47 0
    endloop
  endfacet
  facet normal 0 0 -1
    outer loop
      vertex 49.8504 72.0308 0
      vertex 50.05 76.5213 0
      vertex 50.05 72.0787 0
    endloop
  endfacet
  facet normal 0 0 -1
    outer loop
      vertex 49.8504 72.0308 0
      vertex 49.8504 76.5692 0
      vertex 50.05 76.5213 0
    endloop
  endfacet
  facet normal 0 0 -1
    outer loop
      vertex 49.0531 71.7005 0
      vertex 49.8504 76.5692 0
      vertex 49.8504 72.0308 0
    endloop
  endfacet
  facet normal 0 0 -1
    outer loop
      vertex 49.0531 71.7005 0
      vertex 49.0531 76.8995 0
      vertex 49.8504 76.5692 0
    endloop
  endfacet
  facet normal 0 0 -1
    outer loop
      vertex 48.3172 71.2496 0
      vertex 49.0531 76.8995 0
      vertex 49.0531 71.7005 0
    endloop
  endfacet
  facet normal 0 0 -1
    outer loop
      vertex 48.3172 71.2496 0
      vertex 48.3172 77.3504 0
      vertex 49.0531 76.8995 0
    endloop
  endfacet
  facet normal 0 0 -1
    outer loop
      vertex 48.3172 71.2496 0
      vertex 48.0249 77.6 0
      vertex 48.3172 77.3504 0
    endloop
  endfacet
  facet normal 0 0 -1
    outer loop
      vertex 47.6609 70.6891 0
      vertex 48.0249 77.6 0
      vertex 48.3172 71.2496 0
    endloop
  endfacet
  facet normal 0 0 -1
    outer loop
      vertex 37.9391 70.6891 0
      vertex 47.6609 70.6891 0
      vertex 47.1004 70.0328 0
    endloop
  endfacet
  facet normal 0 0 -1
    outer loop
      vertex 38.4996 70.0328 0
      vertex 47.1004 70.0328 0
      vertex 46.6495 69.297 0
    endloop
  endfacet
  facet normal 0 0 -1
    outer loop
      vertex 38.9505 69.297 0
      vertex 46.6495 69.297 0
      vertex 46.3192 68.4996 0
    endloop
  endfacet
  facet normal 0 0 -1
    outer loop
      vertex 39.2808 68.4996 0
      vertex 46.3192 68.4996 0
      vertex 46.1177 67.6604 0
    endloop
  endfacet
  facet normal 0 0 -1
    outer loop
      vertex 39.55 66.8 0
      vertex 46.1177 67.6604 0
      vertex 46.05 66.8 0
    endloop
  endfacet
  facet normal 0 0 -1
    outer loop
      vertex 39.4823 67.6604 0
      vertex 46.1177 67.6604 0
      vertex 39.55 66.8 0
    endloop
  endfacet
  facet normal 0 0 -1
    outer loop
      vertex 39.2808 68.4996 0
      vertex 46.1177 67.6604 0
      vertex 39.4823 67.6604 0
    endloop
  endfacet
  facet normal 0 0 -1
    outer loop
      vertex 46.3192 68.4996 0
      vertex 39.2808 68.4996 0
      vertex 38.9505 69.297 0
    endloop
  endfacet
  facet normal 0 0 -1
    outer loop
      vertex 46.6495 69.297 0
      vertex 38.9505 69.297 0
      vertex 38.4996 70.0328 0
    endloop
  endfacet
  facet normal 0 0 -1
    outer loop
      vertex 37.9391 70.6891 0
      vertex 47.1004 70.0328 0
      vertex 38.4996 70.0328 0
    endloop
  endfacet
  facet normal 0 0 -1
    outer loop
      vertex 47.6609 70.6891 0
      vertex 37.9391 70.6891 0
      vertex 48.0249 77.6 0
    endloop
  endfacet
  facet normal 0 0 -1
    outer loop
      vertex 37.9391 70.6891 0
      vertex 37.5751 77.6 0
      vertex 48.0249 77.6 0
    endloop
  endfacet
  facet normal 0 0 -1
    outer loop
      vertex 37.2828 71.2496 0
      vertex 37.5751 77.6 0
      vertex 37.9391 70.6891 0
    endloop
  endfacet
  facet normal 0 0 -1
    outer loop
      vertex 37.2828 71.2496 0
      vertex 37.2828 77.3504 0
      vertex 37.5751 77.6 0
    endloop
  endfacet
  facet normal 0 0 -1
    outer loop
      vertex 36.5469 71.7005 0
      vertex 37.2828 77.3504 0
      vertex 37.2828 71.2496 0
    endloop
  endfacet
  facet normal 0 0 -1
    outer loop
      vertex 36.5469 71.7005 0
      vertex 36.5469 76.8995 0
      vertex 37.2828 77.3504 0
    endloop
  endfacet
  facet normal 0 0 -1
    outer loop
      vertex 35.7496 72.0308 0
      vertex 36.5469 76.8995 0
      vertex 36.5469 71.7005 0
    endloop
  endfacet
  facet normal 0 0 -1
    outer loop
      vertex 35.7496 72.0308 0
      vertex 35.7496 76.5692 0
      vertex 36.5469 76.8995 0
    endloop
  endfacet
  facet normal 0 0 -1
    outer loop
      vertex 35.55 72.0787 0
      vertex 35.7496 76.5692 0
      vertex 35.7496 72.0308 0
    endloop
  endfacet
  facet normal 0 0 -1
    outer loop
      vertex 35.7496 76.5692 0
      vertex 35.55 72.0787 0
      vertex 35.55 76.5213 0
    endloop
  endfacet
  facet normal 0 0 -1
    outer loop
      vertex 30.0347 21.1291 0
      vertex 47.9858 28.9503 0
      vertex 30.1 20.3 0
    endloop
  endfacet
  facet normal 0 0 -1
    outer loop
      vertex 47.9858 28.9503 0
      vertex 30.0347 21.1291 0
      vertex 30.029 21.1532 0
    endloop
  endfacet
  facet normal 0 0 -1
    outer loop
      vertex 32.3504 72.0308 0
      vertex 32.55 76.5213 0
      vertex 32.55 72.0787 0
    endloop
  endfacet
  facet normal 0 0 -1
    outer loop
      vertex 32.3504 72.0308 0
      vertex 32.3504 76.5692 0
      vertex 32.55 76.5213 0
    endloop
  endfacet
  facet normal 0 0 -1
    outer loop
      vertex 31.5531 71.7005 0
      vertex 32.3504 76.5692 0
      vertex 32.3504 72.0308 0
    endloop
  endfacet
  facet normal 0 0 -1
    outer loop
      vertex 31.5531 71.7005 0
      vertex 31.5531 76.8995 0
      vertex 32.3504 76.5692 0
    endloop
  endfacet
  facet normal 0 0 -1
    outer loop
      vertex 30.8172 71.2496 0
      vertex 31.5531 76.8995 0
      vertex 31.5531 71.7005 0
    endloop
  endfacet
  facet normal 0 0 -1
    outer loop
      vertex 30.8172 71.2496 0
      vertex 30.8172 77.3504 0
      vertex 31.5531 76.8995 0
    endloop
  endfacet
  facet normal 0 0 -1
    outer loop
      vertex 30.8172 71.2496 0
      vertex 30.5249 77.6 0
      vertex 30.8172 77.3504 0
    endloop
  endfacet
  facet normal 0 0 -1
    outer loop
      vertex 30.1609 70.6891 0
      vertex 30.5249 77.6 0
      vertex 30.8172 71.2496 0
    endloop
  endfacet
  facet normal 0 0 -1
    outer loop
      vertex 29.6004 70.0328 0
      vertex 30.5249 77.6 0
      vertex 30.1609 70.6891 0
    endloop
  endfacet
  facet normal 0 0 -1
    outer loop
      vertex 29.1495 69.297 0
      vertex 30.5249 77.6 0
      vertex 29.6004 70.0328 0
    endloop
  endfacet
  facet normal 0 0 -1
    outer loop
      vertex 0 77.6 0
      vertex 29.1495 69.297 0
      vertex 28.8192 68.4996 0
    endloop
  endfacet
  facet normal 0 0 -1
    outer loop
      vertex 0 77.6 0
      vertex 28.8192 68.4996 0
      vertex 28.6177 67.6604 0
    endloop
  endfacet
  facet normal 0 0 -1
    outer loop
      vertex 23.1622 25.3406 0
      vertex 30.8172 62.3504 0
      vertex 23.9709 25.5347 0
    endloop
  endfacet
  facet normal -0 0 -1
    outer loop
      vertex 30.8172 62.3504 0
      vertex 23.1622 25.3406 0
      vertex 30.1609 62.9109 0
    endloop
  endfacet
  facet normal 0 0 -1
    outer loop
      vertex 22.3939 25.0223 0
      vertex 30.1609 62.9109 0
      vertex 23.1622 25.3406 0
    endloop
  endfacet
  facet normal 0 0 -1
    outer loop
      vertex 2.9 24.7975 0
      vertex 30.1609 62.9109 0
      vertex 22.3939 25.0223 0
    endloop
  endfacet
  facet normal -0 0 -1
    outer loop
      vertex 30.1609 62.9109 0
      vertex 2.9 24.7975 0
      vertex 29.6004 63.5672 0
    endloop
  endfacet
  facet normal -0 0 -1
    outer loop
      vertex 29.6004 63.5672 0
      vertex 2.9 24.7975 0
      vertex 29.1495 64.3031 0
    endloop
  endfacet
  facet normal 0 0 -1
    outer loop
      vertex 0 77.6 0
      vertex 29.1495 64.3031 0
      vertex 2.9 24.7975 0
    endloop
  endfacet
  facet normal 0 0 -1
    outer loop
      vertex 29.1495 64.3031 0
      vertex 0 77.6 0
      vertex 28.8192 65.1004 0
    endloop
  endfacet
  facet normal 0 0 -1
    outer loop
      vertex 28.8192 65.1004 0
      vertex 0 77.6 0
      vertex 28.6177 65.9396 0
    endloop
  endfacet
  facet normal 0 0 -1
    outer loop
      vertex 2.9 24.7975 0
      vertex 22.3939 25.0223 0
      vertex 21.6847 24.5878 0
    endloop
  endfacet
  facet normal 0 0 -1
    outer loop
      vertex 13.8 21.6 0
      vertex 21.6847 24.5878 0
      vertex 21.0523 24.0477 0
    endloop
  endfacet
  facet normal 0 0 -1
    outer loop
      vertex 13.8 21.6 0
      vertex 21.0523 24.0477 0
      vertex 20.5122 23.4153 0
    endloop
  endfacet
  facet normal 0 0 -1
    outer loop
      vertex 13.8 21.6 0
      vertex 20.5122 23.4153 0
      vertex 20.0777 22.7062 0
    endloop
  endfacet
  facet normal 0 0 -1
    outer loop
      vertex 13.8 21.6 0
      vertex 20.0777 22.7062 0
      vertex 19.7594 21.9378 0
    endloop
  endfacet
  facet normal 0 0 -1
    outer loop
      vertex 28.6177 65.9396 0
      vertex 0 77.6 0
      vertex 28.55 66.8 0
    endloop
  endfacet
  facet normal 0 0 -1
    outer loop
      vertex 13.8 21.6 0
      vertex 19.7594 21.9378 0
      vertex 19.6783 21.6 0
    endloop
  endfacet
  facet normal -0 0 -1
    outer loop
      vertex 21.6847 24.5878 0
      vertex 13.8 21.6 0
      vertex 2.9 24.7975 0
    endloop
  endfacet
  facet normal 0 0 -1
    outer loop
      vertex 2.9 24.7975 0
      vertex 13.8 21.6 0
      vertex 2.9 15.8025 0
    endloop
  endfacet
  facet normal 0 0 -1
    outer loop
      vertex 28.55 66.8 0
      vertex 0 77.6 0
      vertex 28.6177 67.6604 0
    endloop
  endfacet
  facet normal 0 0 -1
    outer loop
      vertex 0 77.6 0
      vertex 2.9 24.7975 0
      vertex 0 24.7975 0
    endloop
  endfacet
  facet normal 0 0 -1
    outer loop
      vertex 29.1495 69.297 0
      vertex 0 77.6 0
      vertex 30.5249 77.6 0
    endloop
  endfacet
  facet normal 0 0 -1
    outer loop
      vertex 83.3172 77.3504 0
      vertex 72.5751 77.6 0
      vertex 83.0249 77.6 0
    endloop
  endfacet
  facet normal 0 0 -1
    outer loop
      vertex 72.2828 77.3504 0
      vertex 83.3172 77.3504 0
      vertex 84.0531 76.8995 0
    endloop
  endfacet
  facet normal 0 0 -1
    outer loop
      vertex 71.547 76.8995 0
      vertex 84.0531 76.8995 0
      vertex 84.6754 76.6417 0
    endloop
  endfacet
  facet normal 0 0 -1
    outer loop
      vertex 83.3172 77.3504 0
      vertex 72.2828 77.3504 0
      vertex 72.5751 77.6 0
    endloop
  endfacet
  facet normal 0 0 -1
    outer loop
      vertex 84.0531 76.8995 0
      vertex 71.547 76.8995 0
      vertex 72.2828 77.3504 0
    endloop
  endfacet
  facet normal 0 -0 -1
    outer loop
      vertex 71.547 76.8995 0
      vertex 84.6754 76.6417 0
      vertex 70.9246 76.6417 0
    endloop
  endfacet
  facet normal 0 -1 0
    outer loop
      vertex 22.8 0 28.88
      vertex 0 0 44.8
      vertex 8.8 0 28.88
    endloop
  endfacet
  facet normal 0 -1 0
    outer loop
      vertex 0 0 0
      vertex 8.8 0 28.88
      vertex 0 0 44.8
    endloop
  endfacet
  facet normal 0 -1 -0
    outer loop
      vertex 8.8 0 2.8
      vertex 0 0 0
      vertex 22.8 0 2.8
    endloop
  endfacet
  facet normal 0 -1 -0
    outer loop
      vertex 8.8 0 28.88
      vertex 0 0 0
      vertex 8.8 0 2.8
    endloop
  endfacet
  facet normal 0 -1 0
    outer loop
      vertex 0 0 44.8
      vertex 22.8 0 28.88
      vertex 155.6 0 44.8
    endloop
  endfacet
  facet normal 0 -1 0
    outer loop
      vertex 155.6 0 0
      vertex 22.8 0 28.88
      vertex 22.8 0 2.8
    endloop
  endfacet
  facet normal 0 -1 0
    outer loop
      vertex 22.8 0 28.88
      vertex 155.6 0 0
      vertex 155.6 0 44.8
    endloop
  endfacet
  facet normal 0 -1 0
    outer loop
      vertex 155.6 0 0
      vertex 22.8 0 2.8
      vertex 0 0 0
    endloop
  endfacet
  facet normal 1 0 0
    outer loop
      vertex 2.8 74.8 44.8
      vertex 2.8 61.8 18.8
      vertex 2.8 74.8 2.8
    endloop
  endfacet
  facet normal 1 0 0
    outer loop
      vertex 2.8 74.8 44.8
      vertex 2.8 51.8 18.8
      vertex 2.8 61.8 18.8
    endloop
  endfacet
  facet normal 1 0 0
    outer loop
      vertex 2.8 25.3775 8.44607
      vertex 2.8 51.8 15.8
      vertex 2.8 51.8 18.8
    endloop
  endfacet
  facet normal 1 -0 0
    outer loop
      vertex 2.8 2.8 44.8
      vertex 2.8 51.8 18.8
      vertex 2.8 74.8 44.8
    endloop
  endfacet
  facet normal 1 0 0
    outer loop
      vertex 2.8 51.8 15.8
      vertex 2.8 26.6452 5.38537
      vertex 2.8 26.7 4.55
    endloop
  endfacet
  facet normal 1 0 0
    outer loop
      vertex 2.8 51.8 15.8
      vertex 2.8 26.4819 6.20644
      vertex 2.8 26.6452 5.38537
    endloop
  endfacet
  facet normal 1 0 0
    outer loop
      vertex 2.8 51.8 15.8
      vertex 2.8 26.2128 6.99917
      vertex 2.8 26.4819 6.20644
    endloop
  endfacet
  facet normal 1 0 0
    outer loop
      vertex 2.8 51.8 15.8
      vertex 2.8 25.8426 7.75
      vertex 2.8 26.2128 6.99917
    endloop
  endfacet
  facet normal 1 0 0
    outer loop
      vertex 2.8 51.8 15.8
      vertex 2.8 25.3775 8.44607
      vertex 2.8 25.8426 7.75
    endloop
  endfacet
  facet normal 1 0 0
    outer loop
      vertex 2.8 51.8 18.8
      vertex 2.8 24.8255 9.07548
      vertex 2.8 25.3775 8.44607
    endloop
  endfacet
  facet normal 1 0 0
    outer loop
      vertex 2.8 51.8 18.8
      vertex 2.8 24.1961 9.62746
      vertex 2.8 24.8255 9.07548
    endloop
  endfacet
  facet normal 1 0 0
    outer loop
      vertex 2.8 51.8 18.8
      vertex 2.8 23.5 10.0926
      vertex 2.8 24.1961 9.62746
    endloop
  endfacet
  facet normal 1 0 0
    outer loop
      vertex 2.8 51.8 18.8
      vertex 2.8 22.7492 10.4628
      vertex 2.8 23.5 10.0926
    endloop
  endfacet
  facet normal 1 0 -0
    outer loop
      vertex 2.8 21.9564 10.7319
      vertex 2.8 51.8 18.8
      vertex 2.8 2.8 44.8
    endloop
  endfacet
  facet normal 1 0 0
    outer loop
      vertex 2.8 51.8 18.8
      vertex 2.8 21.9564 10.7319
      vertex 2.8 22.7492 10.4628
    endloop
  endfacet
  facet normal 1 0 0
    outer loop
      vertex 2.8 21.9564 10.7319
      vertex 2.8 2.8 44.8
      vertex 2.8 21.1354 10.8952
    endloop
  endfacet
  facet normal 1 0 0
    outer loop
      vertex 2.8 21.1354 10.8952
      vertex 2.8 2.8 44.8
      vertex 2.8 20.3 10.95
    endloop
  endfacet
  facet normal 1 0 0
    outer loop
      vertex 2.8 20.3 10.95
      vertex 2.8 2.8 44.8
      vertex 2.8 19.4646 10.8952
    endloop
  endfacet
  facet normal 1 0 0
    outer loop
      vertex 2.8 19.4646 10.8952
      vertex 2.8 2.8 44.8
      vertex 2.8 18.6436 10.7319
    endloop
  endfacet
  facet normal 1 0 0
    outer loop
      vertex 2.8 18.6436 10.7319
      vertex 2.8 2.8 44.8
      vertex 2.8 17.8508 10.4628
    endloop
  endfacet
  facet normal 1 0 0
    outer loop
      vertex 2.8 14.1181 6.20644
      vertex 2.8 2.8 2.8
      vertex 2.8 13.9548 5.38537
    endloop
  endfacet
  facet normal 1 0 0
    outer loop
      vertex 2.8 14.3872 6.99917
      vertex 2.8 2.8 2.8
      vertex 2.8 14.1181 6.20644
    endloop
  endfacet
  facet normal 1 0 0
    outer loop
      vertex 2.8 14.7574 7.75
      vertex 2.8 2.8 2.8
      vertex 2.8 14.3872 6.99917
    endloop
  endfacet
  facet normal 1 0 0
    outer loop
      vertex 2.8 15.2225 8.44607
      vertex 2.8 2.8 2.8
      vertex 2.8 14.7574 7.75
    endloop
  endfacet
  facet normal 1 0 0
    outer loop
      vertex 2.8 15.7745 9.07548
      vertex 2.8 2.8 2.8
      vertex 2.8 15.2225 8.44607
    endloop
  endfacet
  facet normal 1 0 0
    outer loop
      vertex 2.8 2.8 2.8
      vertex 2.8 15.7745 9.07548
      vertex 2.8 2.8 44.8
    endloop
  endfacet
  facet normal 1 0 0
    outer loop
      vertex 2.8 16.4039 9.62746
      vertex 2.8 2.8 44.8
      vertex 2.8 15.7745 9.07548
    endloop
  endfacet
  facet normal 1 0 0
    outer loop
      vertex 2.8 17.1 10.0926
      vertex 2.8 2.8 44.8
      vertex 2.8 16.4039 9.62746
    endloop
  endfacet
  facet normal 1 0 0
    outer loop
      vertex 2.8 17.8508 10.4628
      vertex 2.8 2.8 44.8
      vertex 2.8 17.1 10.0926
    endloop
  endfacet
  facet normal 1 -0 0
    outer loop
      vertex 2.8 61.8 15.8
      vertex 2.8 74.8 2.8
      vertex 2.8 61.8 18.8
    endloop
  endfacet
  facet normal 1 -0 0
    outer loop
      vertex 2.8 51.8 15.8
      vertex 2.8 74.8 2.8
      vertex 2.8 61.8 15.8
    endloop
  endfacet
  facet normal 1 0 0
    outer loop
      vertex 2.8 26.6452 3.71463
      vertex 2.8 51.8 15.8
      vertex 2.8 26.7 4.55
    endloop
  endfacet
  facet normal 1 0 0
    outer loop
      vertex 2.8 26.4819 2.89356
      vertex 2.8 51.8 15.8
      vertex 2.8 26.6452 3.71463
    endloop
  endfacet
  facet normal 1 0 0
    outer loop
      vertex 2.8 26.4502 2.8
      vertex 2.8 51.8 15.8
      vertex 2.8 26.4819 2.89356
    endloop
  endfacet
  facet normal 1 0 0
    outer loop
      vertex 2.8 51.8 15.8
      vertex 2.8 26.4502 2.8
      vertex 2.8 74.8 2.8
    endloop
  endfacet
  facet normal 1 0 0
    outer loop
      vertex 2.8 13.9548 5.38537
      vertex 2.8 2.8 2.8
      vertex 2.8 13.9 4.55
    endloop
  endfacet
  facet normal 1 0 0
    outer loop
      vertex 2.8 13.9 4.55
      vertex 2.8 2.8 2.8
      vertex 2.8 13.9548 3.71463
    endloop
  endfacet
  facet normal 1 0 0
    outer loop
      vertex 2.8 14.1181 2.89356
      vertex 2.8 2.8 2.8
      vertex 2.8 14.1498 2.8
    endloop
  endfacet
  facet normal 1 0 0
    outer loop
      vertex 2.8 13.9548 3.71463
      vertex 2.8 2.8 2.8
      vertex 2.8 14.1181 2.89356
    endloop
  endfacet
  facet normal -1 0 0
    outer loop
      vertex 152.8 2.8 2.8
      vertex 152.8 74.8 44.8
      vertex 152.8 74.8 2.8
    endloop
  endfacet
  facet normal -1 -0 0
    outer loop
      vertex 152.8 74.8 44.8
      vertex 152.8 2.8 2.8
      vertex 152.8 2.8 44.8
    endloop
  endfacet
  facet normal 0 1 0
    outer loop
      vertex 152.8 2.8 44.8
      vertex 22.8 2.8 28.88
      vertex 2.8 2.8 44.8
    endloop
  endfacet
  facet normal 0 1 -0
    outer loop
      vertex 152.8 2.8 2.8
      vertex 22.8 2.8 28.88
      vertex 152.8 2.8 44.8
    endloop
  endfacet
  facet normal 0 1 0
    outer loop
      vertex 22.8 2.8 28.88
      vertex 152.8 2.8 2.8
      vertex 22.8 2.8 2.8
    endloop
  endfacet
  facet normal 0 1 -0
    outer loop
      vertex 8.8 2.8 28.88
      vertex 2.8 2.8 44.8
      vertex 22.8 2.8 28.88
    endloop
  endfacet
  facet normal 0 1 0
    outer loop
      vertex 2.8 2.8 2.8
      vertex 8.8 2.8 28.88
      vertex 8.8 2.8 2.8
    endloop
  endfacet
  facet normal 0 1 0
    outer loop
      vertex 8.8 2.8 28.88
      vertex 2.8 2.8 2.8
      vertex 2.8 2.8 44.8
    endloop
  endfacet
  facet normal 0 -1 0
    outer loop
      vertex 2.8 74.8 44.8
      vertex 77.2805 74.8 2.88
      vertex 152.8 74.8 44.8
    endloop
  endfacet
  facet normal 0 -1 0
    outer loop
      vertex 2.8 74.8 2.8
      vertex 77.2805 74.8 2.88
      vertex 2.8 74.8 44.8
    endloop
  endfacet
  facet normal 0 -1 -0
    outer loop
      vertex 77.2805 74.8 2.88
      vertex 2.8 74.8 2.8
      vertex 77.2805 74.8 2.8
    endloop
  endfacet
  facet normal 0 -1 0
    outer loop
      vertex 78.3195 74.8 2.88
      vertex 152.8 74.8 44.8
      vertex 77.2805 74.8 2.88
    endloop
  endfacet
  facet normal 0 -1 0
    outer loop
      vertex 152.8 74.8 2.8
      vertex 78.3195 74.8 2.88
      vertex 78.3195 74.8 2.8
    endloop
  endfacet
  facet normal 0 -1 0
    outer loop
      vertex 78.3195 74.8 2.88
      vertex 152.8 74.8 2.8
      vertex 152.8 74.8 44.8
    endloop
  endfacet
  facet normal -0.997863 0 0.0653349
    outer loop
      vertex 34.0718 74.9 34.3693
      vertex 34.1 77.6 34.8
      vertex 34.0718 77.6 34.3693
    endloop
  endfacet
  facet normal -0.997863 0 0.0653349
    outer loop
      vertex 34.1 77.6 34.8
      vertex 34.0718 74.9 34.3693
      vertex 34.1 74.9 34.8
    endloop
  endfacet
  facet normal 0.997863 -0 0.0653349
    outer loop
      vertex 27.5 74.9 34.8
      vertex 27.5282 77.6 34.3693
      vertex 27.5 77.6 34.8
    endloop
  endfacet
  facet normal 0.997863 0 0.0653349
    outer loop
      vertex 27.5282 77.6 34.3693
      vertex 27.5 74.9 34.8
      vertex 27.5282 74.9 34.3693
    endloop
  endfacet
  facet normal -0.0653349 0 0.997863
    outer loop
      vertex 30.8 77.6 31.5
      vertex 31.2307 74.9 31.5282
      vertex 31.2307 77.6 31.5282
    endloop
  endfacet
  facet normal -0.0653349 0 0.997863
    outer loop
      vertex 31.2307 74.9 31.5282
      vertex 30.8 77.6 31.5
      vertex 30.8 74.9 31.5
    endloop
  endfacet
  facet normal -0.659259 0 0.751916
    outer loop
      vertex 32.8089 77.6 32.1819
      vertex 33.1335 74.9 32.4665
      vertex 33.1335 77.6 32.4665
    endloop
  endfacet
  facet normal -0.659259 0 0.751916
    outer loop
      vertex 33.1335 74.9 32.4665
      vertex 32.8089 77.6 32.1819
      vertex 32.8089 74.9 32.1819
    endloop
  endfacet
  facet normal 0.659259 0 0.751916
    outer loop
      vertex 28.4665 77.6 32.4665
      vertex 28.7911 74.9 32.1819
      vertex 28.7911 77.6 32.1819
    endloop
  endfacet
  facet normal 0.659259 0 0.751916
    outer loop
      vertex 28.7911 74.9 32.1819
      vertex 28.4665 77.6 32.4665
      vertex 28.4665 74.9 32.4665
    endloop
  endfacet
  facet normal 0.321504 0 0.946908
    outer loop
      vertex 29.5371 77.6 31.7512
      vertex 29.9459 74.9 31.6124
      vertex 29.9459 77.6 31.6124
    endloop
  endfacet
  facet normal 0.321504 0 0.946908
    outer loop
      vertex 29.9459 74.9 31.6124
      vertex 29.5371 77.6 31.7512
      vertex 29.5371 74.9 31.7512
    endloop
  endfacet
  facet normal -0.89687 0 0.442295
    outer loop
      vertex 33.6579 74.9 33.15
      vertex 33.8488 77.6 33.5371
      vertex 33.6579 77.6 33.15
    endloop
  endfacet
  facet normal -0.89687 0 0.442295
    outer loop
      vertex 33.8488 77.6 33.5371
      vertex 33.6579 74.9 33.15
      vertex 33.8488 74.9 33.5371
    endloop
  endfacet
  facet normal -0.980794 0 0.195047
    outer loop
      vertex 33.9876 74.9 33.9459
      vertex 34.0718 77.6 34.3693
      vertex 33.9876 77.6 33.9459
    endloop
  endfacet
  facet normal -0.980794 0 0.195047
    outer loop
      vertex 34.0718 77.6 34.3693
      vertex 33.9876 74.9 33.9459
      vertex 34.0718 74.9 34.3693
    endloop
  endfacet
  facet normal -0.321504 0 0.946908
    outer loop
      vertex 31.6541 77.6 31.6124
      vertex 32.0629 74.9 31.7512
      vertex 32.0629 77.6 31.7512
    endloop
  endfacet
  facet normal -0.321504 0 0.946908
    outer loop
      vertex 32.0629 74.9 31.7512
      vertex 31.6541 77.6 31.6124
      vertex 31.6541 74.9 31.6124
    endloop
  endfacet
  facet normal -0.195047 0 0.980794
    outer loop
      vertex 31.2307 77.6 31.5282
      vertex 31.6541 74.9 31.6124
      vertex 31.6541 77.6 31.6124
    endloop
  endfacet
  facet normal -0.195047 0 0.980794
    outer loop
      vertex 31.6541 74.9 31.6124
      vertex 31.2307 77.6 31.5282
      vertex 31.2307 74.9 31.5282
    endloop
  endfacet
  facet normal -0.555555 0 0.83148
    outer loop
      vertex 32.45 77.6 31.9421
      vertex 32.8089 74.9 32.1819
      vertex 32.8089 77.6 32.1819
    endloop
  endfacet
  facet normal -0.555555 0 0.83148
    outer loop
      vertex 32.8089 74.9 32.1819
      vertex 32.45 77.6 31.9421
      vertex 32.45 74.9 31.9421
    endloop
  endfacet
  facet normal 0.89687 -0 0.442295
    outer loop
      vertex 27.7512 74.9 33.5371
      vertex 27.9421 77.6 33.15
      vertex 27.7512 77.6 33.5371
    endloop
  endfacet
  facet normal 0.89687 0 0.442295
    outer loop
      vertex 27.9421 77.6 33.15
      vertex 27.7512 74.9 33.5371
      vertex 27.9421 74.9 33.15
    endloop
  endfacet
  facet normal 0.83148 -0 0.555555
    outer loop
      vertex 27.9421 74.9 33.15
      vertex 28.1819 77.6 32.7911
      vertex 27.9421 77.6 33.15
    endloop
  endfacet
  facet normal 0.83148 0 0.555555
    outer loop
      vertex 28.1819 77.6 32.7911
      vertex 27.9421 74.9 33.15
      vertex 28.1819 74.9 32.7911
    endloop
  endfacet
  facet normal 0.946908 -0 0.321504
    outer loop
      vertex 27.6124 74.9 33.9459
      vertex 27.7512 77.6 33.5371
      vertex 27.6124 77.6 33.9459
    endloop
  endfacet
  facet normal 0.946908 0 0.321504
    outer loop
      vertex 27.7512 77.6 33.5371
      vertex 27.6124 74.9 33.9459
      vertex 27.7512 74.9 33.5371
    endloop
  endfacet
  facet normal 0.442295 0 0.89687
    outer loop
      vertex 29.15 77.6 31.9421
      vertex 29.5371 74.9 31.7512
      vertex 29.5371 77.6 31.7512
    endloop
  endfacet
  facet normal 0.442295 0 0.89687
    outer loop
      vertex 29.5371 74.9 31.7512
      vertex 29.15 77.6 31.9421
      vertex 29.15 74.9 31.9421
    endloop
  endfacet
  facet normal 0.0653349 0 0.997863
    outer loop
      vertex 30.3693 77.6 31.5282
      vertex 30.8 74.9 31.5
      vertex 30.8 77.6 31.5
    endloop
  endfacet
  facet normal 0.0653349 0 0.997863
    outer loop
      vertex 30.8 74.9 31.5
      vertex 30.3693 77.6 31.5282
      vertex 30.3693 74.9 31.5282
    endloop
  endfacet
  facet normal 0.195047 0 -0.980794
    outer loop
      vertex 29.9459 74.9 37.9876
      vertex 30.3693 77.6 38.0718
      vertex 30.3693 74.9 38.0718
    endloop
  endfacet
  facet normal 0.195047 0 -0.980794
    outer loop
      vertex 30.3693 77.6 38.0718
      vertex 29.9459 74.9 37.9876
      vertex 29.9459 77.6 37.9876
    endloop
  endfacet
  facet normal -0.195047 0 -0.980794
    outer loop
      vertex 31.2307 74.9 38.0718
      vertex 31.6541 77.6 37.9876
      vertex 31.6541 74.9 37.9876
    endloop
  endfacet
  facet normal -0.195047 0 -0.980794
    outer loop
      vertex 31.6541 77.6 37.9876
      vertex 31.2307 74.9 38.0718
      vertex 31.2307 77.6 38.0718
    endloop
  endfacet
  facet normal -0.946908 0 0.321504
    outer loop
      vertex 33.8488 74.9 33.5371
      vertex 33.9876 77.6 33.9459
      vertex 33.8488 77.6 33.5371
    endloop
  endfacet
  facet normal -0.946908 0 0.321504
    outer loop
      vertex 33.9876 77.6 33.9459
      vertex 33.8488 74.9 33.5371
      vertex 33.9876 74.9 33.9459
    endloop
  endfacet
  facet normal -0.751916 0 0.659259
    outer loop
      vertex 33.1335 74.9 32.4665
      vertex 33.4181 77.6 32.7911
      vertex 33.1335 77.6 32.4665
    endloop
  endfacet
  facet normal -0.751916 0 0.659259
    outer loop
      vertex 33.4181 77.6 32.7911
      vertex 33.1335 74.9 32.4665
      vertex 33.4181 74.9 32.7911
    endloop
  endfacet
  facet normal -0.83148 0 0.555555
    outer loop
      vertex 33.4181 74.9 32.7911
      vertex 33.6579 77.6 33.15
      vertex 33.4181 77.6 32.7911
    endloop
  endfacet
  facet normal -0.83148 0 0.555555
    outer loop
      vertex 33.6579 77.6 33.15
      vertex 33.4181 74.9 32.7911
      vertex 33.6579 74.9 33.15
    endloop
  endfacet
  facet normal -0.442295 0 0.89687
    outer loop
      vertex 32.0629 77.6 31.7512
      vertex 32.45 74.9 31.9421
      vertex 32.45 77.6 31.9421
    endloop
  endfacet
  facet normal -0.442295 0 0.89687
    outer loop
      vertex 32.45 74.9 31.9421
      vertex 32.0629 77.6 31.7512
      vertex 32.0629 74.9 31.7512
    endloop
  endfacet
  facet normal 0.980794 -0 0.195047
    outer loop
      vertex 27.5282 74.9 34.3693
      vertex 27.6124 77.6 33.9459
      vertex 27.5282 77.6 34.3693
    endloop
  endfacet
  facet normal 0.980794 0 0.195047
    outer loop
      vertex 27.6124 77.6 33.9459
      vertex 27.5282 74.9 34.3693
      vertex 27.6124 74.9 33.9459
    endloop
  endfacet
  facet normal 0.555555 0 0.83148
    outer loop
      vertex 28.7911 77.6 32.1819
      vertex 29.15 74.9 31.9421
      vertex 29.15 77.6 31.9421
    endloop
  endfacet
  facet normal 0.555555 0 0.83148
    outer loop
      vertex 29.15 74.9 31.9421
      vertex 28.7911 77.6 32.1819
      vertex 28.7911 74.9 32.1819
    endloop
  endfacet
  facet normal 0.195047 0 0.980794
    outer loop
      vertex 29.9459 77.6 31.6124
      vertex 30.3693 74.9 31.5282
      vertex 30.3693 77.6 31.5282
    endloop
  endfacet
  facet normal 0.195047 0 0.980794
    outer loop
      vertex 30.3693 74.9 31.5282
      vertex 29.9459 77.6 31.6124
      vertex 29.9459 74.9 31.6124
    endloop
  endfacet
  facet normal -0.980794 0 -0.195047
    outer loop
      vertex 34.0718 74.9 35.2307
      vertex 33.9876 77.6 35.6541
      vertex 34.0718 77.6 35.2307
    endloop
  endfacet
  facet normal -0.980794 -0 -0.195047
    outer loop
      vertex 33.9876 77.6 35.6541
      vertex 34.0718 74.9 35.2307
      vertex 33.9876 74.9 35.6541
    endloop
  endfacet
  facet normal -0.997863 0 -0.0653349
    outer loop
      vertex 34.1 74.9 34.8
      vertex 34.0718 77.6 35.2307
      vertex 34.1 77.6 34.8
    endloop
  endfacet
  facet normal -0.997863 -0 -0.0653349
    outer loop
      vertex 34.0718 77.6 35.2307
      vertex 34.1 74.9 34.8
      vertex 34.0718 74.9 35.2307
    endloop
  endfacet
  facet normal -0.555555 0 -0.83148
    outer loop
      vertex 32.45 74.9 37.6579
      vertex 32.8089 77.6 37.4181
      vertex 32.8089 74.9 37.4181
    endloop
  endfacet
  facet normal -0.555555 0 -0.83148
    outer loop
      vertex 32.8089 77.6 37.4181
      vertex 32.45 74.9 37.6579
      vertex 32.45 77.6 37.6579
    endloop
  endfacet
  facet normal 0.0653349 0 -0.997863
    outer loop
      vertex 30.3693 74.9 38.0718
      vertex 30.8 77.6 38.1
      vertex 30.8 74.9 38.1
    endloop
  endfacet
  facet normal 0.0653349 0 -0.997863
    outer loop
      vertex 30.8 77.6 38.1
      vertex 30.3693 74.9 38.0718
      vertex 30.3693 77.6 38.0718
    endloop
  endfacet
  facet normal 0.946908 0 -0.321504
    outer loop
      vertex 27.7512 74.9 36.0629
      vertex 27.6124 77.6 35.6541
      vertex 27.7512 77.6 36.0629
    endloop
  endfacet
  facet normal 0.946908 0 -0.321504
    outer loop
      vertex 27.6124 77.6 35.6541
      vertex 27.7512 74.9 36.0629
      vertex 27.6124 74.9 35.6541
    endloop
  endfacet
  facet normal -0.442295 0 -0.89687
    outer loop
      vertex 32.0629 74.9 37.8488
      vertex 32.45 77.6 37.6579
      vertex 32.45 74.9 37.6579
    endloop
  endfacet
  facet normal -0.442295 0 -0.89687
    outer loop
      vertex 32.45 77.6 37.6579
      vertex 32.0629 74.9 37.8488
      vertex 32.0629 77.6 37.8488
    endloop
  endfacet
  facet normal -0.321504 0 -0.946908
    outer loop
      vertex 31.6541 74.9 37.9876
      vertex 32.0629 77.6 37.8488
      vertex 32.0629 74.9 37.8488
    endloop
  endfacet
  facet normal -0.321504 0 -0.946908
    outer loop
      vertex 32.0629 77.6 37.8488
      vertex 31.6541 74.9 37.9876
      vertex 31.6541 77.6 37.9876
    endloop
  endfacet
  facet normal 0.751916 -0 0.659259
    outer loop
      vertex 28.1819 74.9 32.7911
      vertex 28.4665 77.6 32.4665
      vertex 28.1819 77.6 32.7911
    endloop
  endfacet
  facet normal 0.751916 0 0.659259
    outer loop
      vertex 28.4665 77.6 32.4665
      vertex 28.1819 74.9 32.7911
      vertex 28.4665 74.9 32.4665
    endloop
  endfacet
  facet normal -0.946908 0 -0.321504
    outer loop
      vertex 33.9876 74.9 35.6541
      vertex 33.8488 77.6 36.0629
      vertex 33.9876 77.6 35.6541
    endloop
  endfacet
  facet normal -0.946908 -0 -0.321504
    outer loop
      vertex 33.8488 77.6 36.0629
      vertex 33.9876 74.9 35.6541
      vertex 33.8488 74.9 36.0629
    endloop
  endfacet
  facet normal -0.83148 0 -0.555555
    outer loop
      vertex 33.6579 74.9 36.45
      vertex 33.4181 77.6 36.8089
      vertex 33.6579 77.6 36.45
    endloop
  endfacet
  facet normal -0.83148 -0 -0.555555
    outer loop
      vertex 33.4181 77.6 36.8089
      vertex 33.6579 74.9 36.45
      vertex 33.4181 74.9 36.8089
    endloop
  endfacet
  facet normal -0.659259 0 -0.751916
    outer loop
      vertex 32.8089 74.9 37.4181
      vertex 33.1335 77.6 37.1335
      vertex 33.1335 74.9 37.1335
    endloop
  endfacet
  facet normal -0.659259 0 -0.751916
    outer loop
      vertex 33.1335 77.6 37.1335
      vertex 32.8089 74.9 37.4181
      vertex 32.8089 77.6 37.4181
    endloop
  endfacet
  facet normal -0.89687 0 -0.442295
    outer loop
      vertex 33.8488 74.9 36.0629
      vertex 33.6579 77.6 36.45
      vertex 33.8488 77.6 36.0629
    endloop
  endfacet
  facet normal -0.89687 -0 -0.442295
    outer loop
      vertex 33.6579 77.6 36.45
      vertex 33.8488 74.9 36.0629
      vertex 33.6579 74.9 36.45
    endloop
  endfacet
  facet normal 0.321504 0 -0.946908
    outer loop
      vertex 29.5371 74.9 37.8488
      vertex 29.9459 77.6 37.9876
      vertex 29.9459 74.9 37.9876
    endloop
  endfacet
  facet normal 0.321504 0 -0.946908
    outer loop
      vertex 29.9459 77.6 37.9876
      vertex 29.5371 74.9 37.8488
      vertex 29.5371 77.6 37.8488
    endloop
  endfacet
  facet normal 0.751916 0 -0.659259
    outer loop
      vertex 28.4665 74.9 37.1335
      vertex 28.1819 77.6 36.8089
      vertex 28.4665 77.6 37.1335
    endloop
  endfacet
  facet normal 0.751916 0 -0.659259
    outer loop
      vertex 28.1819 77.6 36.8089
      vertex 28.4665 74.9 37.1335
      vertex 28.1819 74.9 36.8089
    endloop
  endfacet
  facet normal 0.997863 0 -0.0653349
    outer loop
      vertex 27.5282 74.9 35.2307
      vertex 27.5 77.6 34.8
      vertex 27.5282 77.6 35.2307
    endloop
  endfacet
  facet normal 0.997863 0 -0.0653349
    outer loop
      vertex 27.5 77.6 34.8
      vertex 27.5282 74.9 35.2307
      vertex 27.5 74.9 34.8
    endloop
  endfacet
  facet normal -0.0653349 0 -0.997863
    outer loop
      vertex 30.8 74.9 38.1
      vertex 31.2307 77.6 38.0718
      vertex 31.2307 74.9 38.0718
    endloop
  endfacet
  facet normal -0.0653349 0 -0.997863
    outer loop
      vertex 31.2307 77.6 38.0718
      vertex 30.8 74.9 38.1
      vertex 30.8 77.6 38.1
    endloop
  endfacet
  facet normal 0.555555 0 -0.83148
    outer loop
      vertex 28.7911 74.9 37.4181
      vertex 29.15 77.6 37.6579
      vertex 29.15 74.9 37.6579
    endloop
  endfacet
  facet normal 0.555555 0 -0.83148
    outer loop
      vertex 29.15 77.6 37.6579
      vertex 28.7911 74.9 37.4181
      vertex 28.7911 77.6 37.4181
    endloop
  endfacet
  facet normal 0.83148 0 -0.555555
    outer loop
      vertex 28.1819 74.9 36.8089
      vertex 27.9421 77.6 36.45
      vertex 28.1819 77.6 36.8089
    endloop
  endfacet
  facet normal 0.83148 0 -0.555555
    outer loop
      vertex 27.9421 77.6 36.45
      vertex 28.1819 74.9 36.8089
      vertex 27.9421 74.9 36.45
    endloop
  endfacet
  facet normal 0.89687 0 -0.442295
    outer loop
      vertex 27.9421 74.9 36.45
      vertex 27.7512 77.6 36.0629
      vertex 27.9421 77.6 36.45
    endloop
  endfacet
  facet normal 0.89687 0 -0.442295
    outer loop
      vertex 27.7512 77.6 36.0629
      vertex 27.9421 74.9 36.45
      vertex 27.7512 74.9 36.0629
    endloop
  endfacet
  facet normal 0 1 0
    outer loop
      vertex 31.2307 74.9 38.0718
      vertex 30.3693 74.9 38.0718
      vertex 30.8 74.9 38.1
    endloop
  endfacet
  facet normal 0 1 0
    outer loop
      vertex 31.6541 74.9 37.9876
      vertex 30.3693 74.9 38.0718
      vertex 31.2307 74.9 38.0718
    endloop
  endfacet
  facet normal 0 1 0
    outer loop
      vertex 31.6541 74.9 37.9876
      vertex 29.9459 74.9 37.9876
      vertex 30.3693 74.9 38.0718
    endloop
  endfacet
  facet normal 0 1 0
    outer loop
      vertex 32.0629 74.9 37.8488
      vertex 29.9459 74.9 37.9876
      vertex 31.6541 74.9 37.9876
    endloop
  endfacet
  facet normal 0 1 0
    outer loop
      vertex 32.0629 74.9 37.8488
      vertex 29.5371 74.9 37.8488
      vertex 29.9459 74.9 37.9876
    endloop
  endfacet
  facet normal 0 1 0
    outer loop
      vertex 32.45 74.9 37.6579
      vertex 29.5371 74.9 37.8488
      vertex 32.0629 74.9 37.8488
    endloop
  endfacet
  facet normal 0 1 0
    outer loop
      vertex 32.45 74.9 37.6579
      vertex 29.15 74.9 37.6579
      vertex 29.5371 74.9 37.8488
    endloop
  endfacet
  facet normal 0 1 0
    outer loop
      vertex 32.8089 74.9 37.4181
      vertex 29.15 74.9 37.6579
      vertex 32.45 74.9 37.6579
    endloop
  endfacet
  facet normal 0 1 0
    outer loop
      vertex 32.8089 74.9 37.4181
      vertex 28.7911 74.9 37.4181
      vertex 29.15 74.9 37.6579
    endloop
  endfacet
  facet normal 0 1 0
    outer loop
      vertex 33.1335 74.9 37.1335
      vertex 28.7911 74.9 37.4181
      vertex 32.8089 74.9 37.4181
    endloop
  endfacet
  facet normal 0 1 0
    outer loop
      vertex 33.1335 74.9 37.1335
      vertex 28.4665 74.9 37.1335
      vertex 28.7911 74.9 37.4181
    endloop
  endfacet
  facet normal 0 1 0
    outer loop
      vertex 33.4181 74.9 36.8089
      vertex 28.4665 74.9 37.1335
      vertex 33.1335 74.9 37.1335
    endloop
  endfacet
  facet normal 0 1 0
    outer loop
      vertex 33.4181 74.9 36.8089
      vertex 28.1819 74.9 36.8089
      vertex 28.4665 74.9 37.1335
    endloop
  endfacet
  facet normal 0 1 0
    outer loop
      vertex 33.6579 74.9 36.45
      vertex 28.1819 74.9 36.8089
      vertex 33.4181 74.9 36.8089
    endloop
  endfacet
  facet normal 0 1 0
    outer loop
      vertex 33.6579 74.9 36.45
      vertex 27.9421 74.9 36.45
      vertex 28.1819 74.9 36.8089
    endloop
  endfacet
  facet normal 0 1 0
    outer loop
      vertex 33.8488 74.9 36.0629
      vertex 27.9421 74.9 36.45
      vertex 33.6579 74.9 36.45
    endloop
  endfacet
  facet normal 0 1 0
    outer loop
      vertex 33.8488 74.9 36.0629
      vertex 27.7512 74.9 36.0629
      vertex 27.9421 74.9 36.45
    endloop
  endfacet
  facet normal 0 1 0
    outer loop
      vertex 33.9876 74.9 35.6541
      vertex 27.7512 74.9 36.0629
      vertex 33.8488 74.9 36.0629
    endloop
  endfacet
  facet normal 0 1 0
    outer loop
      vertex 33.9876 74.9 35.6541
      vertex 27.6124 74.9 35.6541
      vertex 27.7512 74.9 36.0629
    endloop
  endfacet
  facet normal 0 1 0
    outer loop
      vertex 34.0718 74.9 35.2307
      vertex 27.6124 74.9 35.6541
      vertex 33.9876 74.9 35.6541
    endloop
  endfacet
  facet normal 0 1 0
    outer loop
      vertex 34.0718 74.9 35.2307
      vertex 27.5282 74.9 35.2307
      vertex 27.6124 74.9 35.6541
    endloop
  endfacet
  facet normal 0 1 0
    outer loop
      vertex 34.1 74.9 34.8
      vertex 27.5282 74.9 35.2307
      vertex 34.0718 74.9 35.2307
    endloop
  endfacet
  facet normal 0 1 0
    outer loop
      vertex 34.1 74.9 34.8
      vertex 27.5 74.9 34.8
      vertex 27.5282 74.9 35.2307
    endloop
  endfacet
  facet normal 0 1 -0
    outer loop
      vertex 34.0718 74.9 34.3693
      vertex 27.5 74.9 34.8
      vertex 34.1 74.9 34.8
    endloop
  endfacet
  facet normal 0 1 0
    outer loop
      vertex 34.0718 74.9 34.3693
      vertex 27.5282 74.9 34.3693
      vertex 27.5 74.9 34.8
    endloop
  endfacet
  facet normal 0 1 -0
    outer loop
      vertex 33.9876 74.9 33.9459
      vertex 27.5282 74.9 34.3693
      vertex 34.0718 74.9 34.3693
    endloop
  endfacet
  facet normal 0 1 0
    outer loop
      vertex 33.9876 74.9 33.9459
      vertex 27.6124 74.9 33.9459
      vertex 27.5282 74.9 34.3693
    endloop
  endfacet
  facet normal 0 1 -0
    outer loop
      vertex 33.8488 74.9 33.5371
      vertex 27.6124 74.9 33.9459
      vertex 33.9876 74.9 33.9459
    endloop
  endfacet
  facet normal 0 1 0
    outer loop
      vertex 33.8488 74.9 33.5371
      vertex 27.7512 74.9 33.5371
      vertex 27.6124 74.9 33.9459
    endloop
  endfacet
  facet normal 0 1 -0
    outer loop
      vertex 33.6579 74.9 33.15
      vertex 27.7512 74.9 33.5371
      vertex 33.8488 74.9 33.5371
    endloop
  endfacet
  facet normal 0 1 0
    outer loop
      vertex 33.6579 74.9 33.15
      vertex 27.9421 74.9 33.15
      vertex 27.7512 74.9 33.5371
    endloop
  endfacet
  facet normal 0 1 -0
    outer loop
      vertex 33.4181 74.9 32.7911
      vertex 27.9421 74.9 33.15
      vertex 33.6579 74.9 33.15
    endloop
  endfacet
  facet normal 0 1 0
    outer loop
      vertex 33.4181 74.9 32.7911
      vertex 28.1819 74.9 32.7911
      vertex 27.9421 74.9 33.15
    endloop
  endfacet
  facet normal 0 1 -0
    outer loop
      vertex 33.1335 74.9 32.4665
      vertex 28.1819 74.9 32.7911
      vertex 33.4181 74.9 32.7911
    endloop
  endfacet
  facet normal 0 1 0
    outer loop
      vertex 33.1335 74.9 32.4665
      vertex 28.4665 74.9 32.4665
      vertex 28.1819 74.9 32.7911
    endloop
  endfacet
  facet normal 0 1 -0
    outer loop
      vertex 32.8089 74.9 32.1819
      vertex 28.4665 74.9 32.4665
      vertex 33.1335 74.9 32.4665
    endloop
  endfacet
  facet normal 0 1 0
    outer loop
      vertex 32.8089 74.9 32.1819
      vertex 28.7911 74.9 32.1819
      vertex 28.4665 74.9 32.4665
    endloop
  endfacet
  facet normal 0 1 -0
    outer loop
      vertex 32.45 74.9 31.9421
      vertex 28.7911 74.9 32.1819
      vertex 32.8089 74.9 32.1819
    endloop
  endfacet
  facet normal 0 1 0
    outer loop
      vertex 32.45 74.9 31.9421
      vertex 29.15 74.9 31.9421
      vertex 28.7911 74.9 32.1819
    endloop
  endfacet
  facet normal 0 1 -0
    outer loop
      vertex 32.0629 74.9 31.7512
      vertex 29.15 74.9 31.9421
      vertex 32.45 74.9 31.9421
    endloop
  endfacet
  facet normal 0 1 0
    outer loop
      vertex 32.0629 74.9 31.7512
      vertex 29.5371 74.9 31.7512
      vertex 29.15 74.9 31.9421
    endloop
  endfacet
  facet normal 0 1 -0
    outer loop
      vertex 31.6541 74.9 31.6124
      vertex 29.5371 74.9 31.7512
      vertex 32.0629 74.9 31.7512
    endloop
  endfacet
  facet normal 0 1 0
    outer loop
      vertex 31.6541 74.9 31.6124
      vertex 29.9459 74.9 31.6124
      vertex 29.5371 74.9 31.7512
    endloop
  endfacet
  facet normal 0 1 -0
    outer loop
      vertex 31.2307 74.9 31.5282
      vertex 29.9459 74.9 31.6124
      vertex 31.6541 74.9 31.6124
    endloop
  endfacet
  facet normal 0 1 0
    outer loop
      vertex 31.2307 74.9 31.5282
      vertex 30.3693 74.9 31.5282
      vertex 29.9459 74.9 31.6124
    endloop
  endfacet
  facet normal -0 1 0
    outer loop
      vertex 30.3693 74.9 31.5282
      vertex 31.2307 74.9 31.5282
      vertex 30.8 74.9 31.5
    endloop
  endfacet
  facet normal 0.980794 0 -0.195047
    outer loop
      vertex 27.6124 74.9 35.6541
      vertex 27.5282 77.6 35.2307
      vertex 27.6124 77.6 35.6541
    endloop
  endfacet
  facet normal 0.980794 0 -0.195047
    outer loop
      vertex 27.5282 77.6 35.2307
      vertex 27.6124 74.9 35.6541
      vertex 27.5282 74.9 35.2307
    endloop
  endfacet
  facet normal -0.751916 0 -0.659259
    outer loop
      vertex 33.4181 74.9 36.8089
      vertex 33.1335 77.6 37.1335
      vertex 33.4181 77.6 36.8089
    endloop
  endfacet
  facet normal -0.751916 -0 -0.659259
    outer loop
      vertex 33.1335 77.6 37.1335
      vertex 33.4181 74.9 36.8089
      vertex 33.1335 74.9 37.1335
    endloop
  endfacet
  facet normal 0.442295 0 -0.89687
    outer loop
      vertex 29.15 74.9 37.6579
      vertex 29.5371 77.6 37.8488
      vertex 29.5371 74.9 37.8488
    endloop
  endfacet
  facet normal 0.442295 0 -0.89687
    outer loop
      vertex 29.5371 77.6 37.8488
      vertex 29.15 74.9 37.6579
      vertex 29.15 77.6 37.6579
    endloop
  endfacet
  facet normal 0.659259 0 -0.751916
    outer loop
      vertex 28.4665 74.9 37.1335
      vertex 28.7911 77.6 37.4181
      vertex 28.7911 74.9 37.4181
    endloop
  endfacet
  facet normal 0.659259 0 -0.751916
    outer loop
      vertex 28.7911 77.6 37.4181
      vertex 28.4665 74.9 37.1335
      vertex 28.4665 77.6 37.1335
    endloop
  endfacet
  facet normal -0.997893 0 0.0648735
    outer loop
      vertex 128.072 74.9 34.3693
      vertex 128.1 77.6 34.8
      vertex 128.072 77.6 34.3693
    endloop
  endfacet
  facet normal -0.997893 0 0.0648735
    outer loop
      vertex 128.1 77.6 34.8
      vertex 128.072 74.9 34.3693
      vertex 128.1 74.9 34.8
    endloop
  endfacet
  facet normal 0.997893 -0 0.0648735
    outer loop
      vertex 121.5 74.9 34.8
      vertex 121.528 77.6 34.3693
      vertex 121.5 77.6 34.8
    endloop
  endfacet
  facet normal 0.997893 0 0.0648735
    outer loop
      vertex 121.528 77.6 34.3693
      vertex 121.5 74.9 34.8
      vertex 121.528 74.9 34.3693
    endloop
  endfacet
  facet normal -0.0652896 0 0.997866
    outer loop
      vertex 124.8 77.6 31.5
      vertex 125.231 74.9 31.5282
      vertex 125.231 77.6 31.5282
    endloop
  endfacet
  facet normal -0.0652896 0 0.997866
    outer loop
      vertex 125.231 74.9 31.5282
      vertex 124.8 77.6 31.5
      vertex 124.8 74.9 31.5
    endloop
  endfacet
  facet normal -0.659948 0 0.751311
    outer loop
      vertex 126.809 77.6 32.1819
      vertex 127.133 74.9 32.4665
      vertex 127.133 77.6 32.4665
    endloop
  endfacet
  facet normal -0.659948 0 0.751311
    outer loop
      vertex 127.133 74.9 32.4665
      vertex 126.809 77.6 32.1819
      vertex 126.809 74.9 32.1819
    endloop
  endfacet
  facet normal 0.659948 0 0.751311
    outer loop
      vertex 122.467 77.6 32.4665
      vertex 122.791 74.9 32.1819
      vertex 122.791 77.6 32.1819
    endloop
  endfacet
  facet normal 0.659948 0 0.751311
    outer loop
      vertex 122.791 74.9 32.1819
      vertex 122.467 77.6 32.4665
      vertex 122.467 74.9 32.4665
    endloop
  endfacet
  facet normal 0.321363 0 0.946956
    outer loop
      vertex 123.537 77.6 31.7512
      vertex 123.946 74.9 31.6124
      vertex 123.946 77.6 31.6124
    endloop
  endfacet
  facet normal 0.321363 0 0.946956
    outer loop
      vertex 123.946 74.9 31.6124
      vertex 123.537 77.6 31.7512
      vertex 123.537 74.9 31.7512
    endloop
  endfacet
  facet normal -0.896778 0 0.442481
    outer loop
      vertex 127.658 74.9 33.15
      vertex 127.849 77.6 33.5371
      vertex 127.658 77.6 33.15
    endloop
  endfacet
  facet normal -0.896778 0 0.442481
    outer loop
      vertex 127.849 77.6 33.5371
      vertex 127.658 74.9 33.15
      vertex 127.849 74.9 33.5371
    endloop
  endfacet
  facet normal -0.980882 0 0.194601
    outer loop
      vertex 127.988 74.9 33.9459
      vertex 128.072 77.6 34.3693
      vertex 127.988 77.6 33.9459
    endloop
  endfacet
  facet normal -0.980882 0 0.194601
    outer loop
      vertex 128.072 77.6 34.3693
      vertex 127.988 74.9 33.9459
      vertex 128.072 74.9 34.3693
    endloop
  endfacet
  facet normal -0.321363 0 0.946956
    outer loop
      vertex 125.654 77.6 31.6124
      vertex 126.063 74.9 31.7512
      vertex 126.063 77.6 31.7512
    endloop
  endfacet
  facet normal -0.321363 0 0.946956
    outer loop
      vertex 126.063 74.9 31.7512
      vertex 125.654 77.6 31.6124
      vertex 125.654 74.9 31.6124
    endloop
  endfacet
  facet normal -0.195224 0 0.980759
    outer loop
      vertex 125.231 77.6 31.5282
      vertex 125.654 74.9 31.6124
      vertex 125.654 77.6 31.6124
    endloop
  endfacet
  facet normal -0.195224 0 0.980759
    outer loop
      vertex 125.654 74.9 31.6124
      vertex 125.231 77.6 31.5282
      vertex 125.231 74.9 31.5282
    endloop
  endfacet
  facet normal -0.555448 0 0.831551
    outer loop
      vertex 126.45 77.6 31.9421
      vertex 126.809 74.9 32.1819
      vertex 126.809 77.6 32.1819
    endloop
  endfacet
  facet normal -0.555448 0 0.831551
    outer loop
      vertex 126.809 74.9 32.1819
      vertex 126.45 77.6 31.9421
      vertex 126.45 74.9 31.9421
    endloop
  endfacet
  facet normal 0.896778 -0 0.442481
    outer loop
      vertex 121.751 74.9 33.5371
      vertex 121.942 77.6 33.15
      vertex 121.751 77.6 33.5371
    endloop
  endfacet
  facet normal 0.896778 0 0.442481
    outer loop
      vertex 121.942 77.6 33.15
      vertex 121.751 74.9 33.5371
      vertex 121.942 74.9 33.15
    endloop
  endfacet
  facet normal 0.831266 -0 0.555876
    outer loop
      vertex 121.942 74.9 33.15
      vertex 122.182 77.6 32.7911
      vertex 121.942 77.6 33.15
    endloop
  endfacet
  facet normal 0.831266 0 0.555876
    outer loop
      vertex 122.182 77.6 32.7911
      vertex 121.942 74.9 33.15
      vertex 122.182 74.9 32.7911
    endloop
  endfacet
  facet normal 0.946767 -0 0.321919
    outer loop
      vertex 121.612 74.9 33.9459
      vertex 121.751 77.6 33.5371
      vertex 121.612 77.6 33.9459
    endloop
  endfacet
  facet normal 0.946767 0 0.321919
    outer loop
      vertex 121.751 77.6 33.5371
      vertex 121.612 74.9 33.9459
      vertex 121.751 74.9 33.5371
    endloop
  endfacet
  facet normal 0.442387 0 0.896824
    outer loop
      vertex 123.15 77.6 31.9421
      vertex 123.537 74.9 31.7512
      vertex 123.537 77.6 31.7512
    endloop
  endfacet
  facet normal 0.442387 0 0.896824
    outer loop
      vertex 123.537 74.9 31.7512
      vertex 123.15 77.6 31.9421
      vertex 123.15 74.9 31.9421
    endloop
  endfacet
  facet normal 0.0652896 0 0.997866
    outer loop
      vertex 124.369 77.6 31.5282
      vertex 124.8 74.9 31.5
      vertex 124.8 77.6 31.5
    endloop
  endfacet
  facet normal 0.0652896 0 0.997866
    outer loop
      vertex 124.8 74.9 31.5
      vertex 124.369 77.6 31.5282
      vertex 124.369 74.9 31.5282
    endloop
  endfacet
  facet normal 0.195224 0 -0.980759
    outer loop
      vertex 123.946 74.9 37.9876
      vertex 124.369 77.6 38.0718
      vertex 124.369 74.9 38.0718
    endloop
  endfacet
  facet normal 0.195224 0 -0.980759
    outer loop
      vertex 124.369 77.6 38.0718
      vertex 123.946 74.9 37.9876
      vertex 123.946 77.6 37.9876
    endloop
  endfacet
  facet normal -0.195224 0 -0.980759
    outer loop
      vertex 125.231 74.9 38.0718
      vertex 125.654 77.6 37.9876
      vertex 125.654 74.9 37.9876
    endloop
  endfacet
  facet normal -0.195224 0 -0.980759
    outer loop
      vertex 125.654 77.6 37.9876
      vertex 125.231 74.9 38.0718
      vertex 125.231 77.6 38.0718
    endloop
  endfacet
  facet normal -0.946767 0 0.321919
    outer loop
      vertex 127.849 74.9 33.5371
      vertex 127.988 77.6 33.9459
      vertex 127.849 77.6 33.5371
    endloop
  endfacet
  facet normal -0.946767 0 0.321919
    outer loop
      vertex 127.988 77.6 33.9459
      vertex 127.849 74.9 33.5371
      vertex 127.988 74.9 33.9459
    endloop
  endfacet
  facet normal -0.751457 0 0.659782
    outer loop
      vertex 127.133 74.9 32.4665
      vertex 127.418 77.6 32.7911
      vertex 127.133 77.6 32.4665
    endloop
  endfacet
  facet normal -0.751457 0 0.659782
    outer loop
      vertex 127.418 77.6 32.7911
      vertex 127.133 74.9 32.4665
      vertex 127.418 74.9 32.7911
    endloop
  endfacet
  facet normal -0.831266 0 0.555876
    outer loop
      vertex 127.418 74.9 32.7911
      vertex 127.658 77.6 33.15
      vertex 127.418 77.6 32.7911
    endloop
  endfacet
  facet normal -0.831266 0 0.555876
    outer loop
      vertex 127.658 77.6 33.15
      vertex 127.418 74.9 32.7911
      vertex 127.658 74.9 33.15
    endloop
  endfacet
  facet normal -0.442387 0 0.896824
    outer loop
      vertex 126.063 77.6 31.7512
      vertex 126.45 74.9 31.9421
      vertex 126.45 77.6 31.9421
    endloop
  endfacet
  facet normal -0.442387 0 0.896824
    outer loop
      vertex 126.45 74.9 31.9421
      vertex 126.063 77.6 31.7512
      vertex 126.063 74.9 31.7512
    endloop
  endfacet
  facet normal 0.751457 -0 0.659782
    outer loop
      vertex 122.182 74.9 32.7911
      vertex 122.467 77.6 32.4665
      vertex 122.182 77.6 32.7911
    endloop
  endfacet
  facet normal 0.751457 0 0.659782
    outer loop
      vertex 122.467 77.6 32.4665
      vertex 122.182 74.9 32.7911
      vertex 122.467 74.9 32.4665
    endloop
  endfacet
  facet normal 0.195224 0 0.980759
    outer loop
      vertex 123.946 77.6 31.6124
      vertex 124.369 74.9 31.5282
      vertex 124.369 77.6 31.5282
    endloop
  endfacet
  facet normal 0.195224 0 0.980759
    outer loop
      vertex 124.369 74.9 31.5282
      vertex 123.946 77.6 31.6124
      vertex 123.946 74.9 31.6124
    endloop
  endfacet
  facet normal -0.997893 0 -0.0648735
    outer loop
      vertex 128.1 74.9 34.8
      vertex 128.072 77.6 35.2307
      vertex 128.1 77.6 34.8
    endloop
  endfacet
  facet normal -0.997893 -0 -0.0648735
    outer loop
      vertex 128.072 77.6 35.2307
      vertex 128.1 74.9 34.8
      vertex 128.072 74.9 35.2307
    endloop
  endfacet
  facet normal -0.980882 0 -0.194601
    outer loop
      vertex 128.072 74.9 35.2307
      vertex 127.988 77.6 35.6541
      vertex 128.072 77.6 35.2307
    endloop
  endfacet
  facet normal -0.980882 -0 -0.194601
    outer loop
      vertex 127.988 77.6 35.6541
      vertex 128.072 74.9 35.2307
      vertex 127.988 74.9 35.6541
    endloop
  endfacet
  facet normal -0.555448 0 -0.831551
    outer loop
      vertex 126.45 74.9 37.6579
      vertex 126.809 77.6 37.4181
      vertex 126.809 74.9 37.4181
    endloop
  endfacet
  facet normal -0.555448 0 -0.831551
    outer loop
      vertex 126.809 77.6 37.4181
      vertex 126.45 74.9 37.6579
      vertex 126.45 77.6 37.6579
    endloop
  endfacet
  facet normal 0.0652896 0 -0.997866
    outer loop
      vertex 124.369 74.9 38.0718
      vertex 124.8 77.6 38.1
      vertex 124.8 74.9 38.1
    endloop
  endfacet
  facet normal 0.0652896 0 -0.997866
    outer loop
      vertex 124.8 77.6 38.1
      vertex 124.369 74.9 38.0718
      vertex 124.369 77.6 38.0718
    endloop
  endfacet
  facet normal 0.946767 0 -0.321919
    outer loop
      vertex 121.751 74.9 36.0629
      vertex 121.612 77.6 35.6541
      vertex 121.751 77.6 36.0629
    endloop
  endfacet
  facet normal 0.946767 0 -0.321919
    outer loop
      vertex 121.612 77.6 35.6541
      vertex 121.751 74.9 36.0629
      vertex 121.612 74.9 35.6541
    endloop
  endfacet
  facet normal -0.442387 0 -0.896824
    outer loop
      vertex 126.063 74.9 37.8488
      vertex 126.45 77.6 37.6579
      vertex 126.45 74.9 37.6579
    endloop
  endfacet
  facet normal -0.442387 0 -0.896824
    outer loop
      vertex 126.45 77.6 37.6579
      vertex 126.063 74.9 37.8488
      vertex 126.063 77.6 37.8488
    endloop
  endfacet
  facet normal -0.321363 0 -0.946956
    outer loop
      vertex 125.654 74.9 37.9876
      vertex 126.063 77.6 37.8488
      vertex 126.063 74.9 37.8488
    endloop
  endfacet
  facet normal -0.321363 0 -0.946956
    outer loop
      vertex 126.063 77.6 37.8488
      vertex 125.654 74.9 37.9876
      vertex 125.654 77.6 37.9876
    endloop
  endfacet
  facet normal 0.980882 -0 0.194601
    outer loop
      vertex 121.528 74.9 34.3693
      vertex 121.612 77.6 33.9459
      vertex 121.528 77.6 34.3693
    endloop
  endfacet
  facet normal 0.980882 0 0.194601
    outer loop
      vertex 121.612 77.6 33.9459
      vertex 121.528 74.9 34.3693
      vertex 121.612 74.9 33.9459
    endloop
  endfacet
  facet normal 0.555448 0 0.831551
    outer loop
      vertex 122.791 77.6 32.1819
      vertex 123.15 74.9 31.9421
      vertex 123.15 77.6 31.9421
    endloop
  endfacet
  facet normal 0.555448 0 0.831551
    outer loop
      vertex 123.15 74.9 31.9421
      vertex 122.791 77.6 32.1819
      vertex 122.791 74.9 32.1819
    endloop
  endfacet
  facet normal -0.831266 0 -0.555876
    outer loop
      vertex 127.658 74.9 36.45
      vertex 127.418 77.6 36.8089
      vertex 127.658 77.6 36.45
    endloop
  endfacet
  facet normal -0.831266 -0 -0.555876
    outer loop
      vertex 127.418 77.6 36.8089
      vertex 127.658 74.9 36.45
      vertex 127.418 74.9 36.8089
    endloop
  endfacet
  facet normal -0.659948 0 -0.751311
    outer loop
      vertex 126.809 74.9 37.4181
      vertex 127.133 77.6 37.1335
      vertex 127.133 74.9 37.1335
    endloop
  endfacet
  facet normal -0.659948 0 -0.751311
    outer loop
      vertex 127.133 77.6 37.1335
      vertex 126.809 74.9 37.4181
      vertex 126.809 77.6 37.4181
    endloop
  endfacet
  facet normal -0.896778 0 -0.442481
    outer loop
      vertex 127.849 74.9 36.0629
      vertex 127.658 77.6 36.45
      vertex 127.849 77.6 36.0629
    endloop
  endfacet
  facet normal -0.896778 -0 -0.442481
    outer loop
      vertex 127.658 77.6 36.45
      vertex 127.849 74.9 36.0629
      vertex 127.658 74.9 36.45
    endloop
  endfacet
  facet normal 0.321363 0 -0.946956
    outer loop
      vertex 123.537 74.9 37.8488
      vertex 123.946 77.6 37.9876
      vertex 123.946 74.9 37.9876
    endloop
  endfacet
  facet normal 0.321363 0 -0.946956
    outer loop
      vertex 123.946 77.6 37.9876
      vertex 123.537 74.9 37.8488
      vertex 123.537 77.6 37.8488
    endloop
  endfacet
  facet normal 0.751457 0 -0.659782
    outer loop
      vertex 122.467 74.9 37.1335
      vertex 122.182 77.6 36.8089
      vertex 122.467 77.6 37.1335
    endloop
  endfacet
  facet normal 0.751457 0 -0.659782
    outer loop
      vertex 122.182 77.6 36.8089
      vertex 122.467 74.9 37.1335
      vertex 122.182 74.9 36.8089
    endloop
  endfacet
  facet normal 0.997893 0 -0.0648735
    outer loop
      vertex 121.528 74.9 35.2307
      vertex 121.5 77.6 34.8
      vertex 121.528 77.6 35.2307
    endloop
  endfacet
  facet normal 0.997893 0 -0.0648735
    outer loop
      vertex 121.5 77.6 34.8
      vertex 121.528 74.9 35.2307
      vertex 121.5 74.9 34.8
    endloop
  endfacet
  facet normal -0.946767 0 -0.321919
    outer loop
      vertex 127.988 74.9 35.6541
      vertex 127.849 77.6 36.0629
      vertex 127.988 77.6 35.6541
    endloop
  endfacet
  facet normal -0.946767 -0 -0.321919
    outer loop
      vertex 127.849 77.6 36.0629
      vertex 127.988 74.9 35.6541
      vertex 127.849 74.9 36.0629
    endloop
  endfacet
  facet normal -0.0652896 0 -0.997866
    outer loop
      vertex 124.8 74.9 38.1
      vertex 125.231 77.6 38.0718
      vertex 125.231 74.9 38.0718
    endloop
  endfacet
  facet normal -0.0652896 0 -0.997866
    outer loop
      vertex 125.231 77.6 38.0718
      vertex 124.8 74.9 38.1
      vertex 124.8 77.6 38.1
    endloop
  endfacet
  facet normal 0.831266 0 -0.555876
    outer loop
      vertex 122.182 74.9 36.8089
      vertex 121.942 77.6 36.45
      vertex 122.182 77.6 36.8089
    endloop
  endfacet
  facet normal 0.831266 0 -0.555876
    outer loop
      vertex 121.942 77.6 36.45
      vertex 122.182 74.9 36.8089
      vertex 121.942 74.9 36.45
    endloop
  endfacet
  facet normal 0.896778 0 -0.442481
    outer loop
      vertex 121.942 74.9 36.45
      vertex 121.751 77.6 36.0629
      vertex 121.942 77.6 36.45
    endloop
  endfacet
  facet normal 0.896778 0 -0.442481
    outer loop
      vertex 121.751 77.6 36.0629
      vertex 121.942 74.9 36.45
      vertex 121.751 74.9 36.0629
    endloop
  endfacet
  facet normal 0 1 0
    outer loop
      vertex 125.231 74.9 38.0718
      vertex 124.369 74.9 38.0718
      vertex 124.8 74.9 38.1
    endloop
  endfacet
  facet normal 0 1 0
    outer loop
      vertex 125.654 74.9 37.9876
      vertex 124.369 74.9 38.0718
      vertex 125.231 74.9 38.0718
    endloop
  endfacet
  facet normal 0 1 0
    outer loop
      vertex 125.654 74.9 37.9876
      vertex 123.946 74.9 37.9876
      vertex 124.369 74.9 38.0718
    endloop
  endfacet
  facet normal 0 1 0
    outer loop
      vertex 126.063 74.9 37.8488
      vertex 123.946 74.9 37.9876
      vertex 125.654 74.9 37.9876
    endloop
  endfacet
  facet normal 0 1 0
    outer loop
      vertex 126.063 74.9 37.8488
      vertex 123.537 74.9 37.8488
      vertex 123.946 74.9 37.9876
    endloop
  endfacet
  facet normal 0 1 0
    outer loop
      vertex 126.45 74.9 37.6579
      vertex 123.537 74.9 37.8488
      vertex 126.063 74.9 37.8488
    endloop
  endfacet
  facet normal 0 1 0
    outer loop
      vertex 126.45 74.9 37.6579
      vertex 123.15 74.9 37.6579
      vertex 123.537 74.9 37.8488
    endloop
  endfacet
  facet normal 0 1 0
    outer loop
      vertex 126.809 74.9 37.4181
      vertex 123.15 74.9 37.6579
      vertex 126.45 74.9 37.6579
    endloop
  endfacet
  facet normal 0 1 0
    outer loop
      vertex 126.809 74.9 37.4181
      vertex 122.791 74.9 37.4181
      vertex 123.15 74.9 37.6579
    endloop
  endfacet
  facet normal 0 1 0
    outer loop
      vertex 127.133 74.9 37.1335
      vertex 122.791 74.9 37.4181
      vertex 126.809 74.9 37.4181
    endloop
  endfacet
  facet normal 0 1 0
    outer loop
      vertex 127.133 74.9 37.1335
      vertex 122.467 74.9 37.1335
      vertex 122.791 74.9 37.4181
    endloop
  endfacet
  facet normal 0 1 0
    outer loop
      vertex 127.418 74.9 36.8089
      vertex 122.467 74.9 37.1335
      vertex 127.133 74.9 37.1335
    endloop
  endfacet
  facet normal 0 1 0
    outer loop
      vertex 127.418 74.9 36.8089
      vertex 122.182 74.9 36.8089
      vertex 122.467 74.9 37.1335
    endloop
  endfacet
  facet normal 0 1 0
    outer loop
      vertex 127.658 74.9 36.45
      vertex 122.182 74.9 36.8089
      vertex 127.418 74.9 36.8089
    endloop
  endfacet
  facet normal 0 1 0
    outer loop
      vertex 127.658 74.9 36.45
      vertex 121.942 74.9 36.45
      vertex 122.182 74.9 36.8089
    endloop
  endfacet
  facet normal 0 1 0
    outer loop
      vertex 127.849 74.9 36.0629
      vertex 121.942 74.9 36.45
      vertex 127.658 74.9 36.45
    endloop
  endfacet
  facet normal 0 1 0
    outer loop
      vertex 127.849 74.9 36.0629
      vertex 121.751 74.9 36.0629
      vertex 121.942 74.9 36.45
    endloop
  endfacet
  facet normal 0 1 0
    outer loop
      vertex 127.988 74.9 35.6541
      vertex 121.751 74.9 36.0629
      vertex 127.849 74.9 36.0629
    endloop
  endfacet
  facet normal 0 1 0
    outer loop
      vertex 127.988 74.9 35.6541
      vertex 121.612 74.9 35.6541
      vertex 121.751 74.9 36.0629
    endloop
  endfacet
  facet normal 0 1 0
    outer loop
      vertex 128.072 74.9 35.2307
      vertex 121.612 74.9 35.6541
      vertex 127.988 74.9 35.6541
    endloop
  endfacet
  facet normal 0 1 0
    outer loop
      vertex 128.072 74.9 35.2307
      vertex 121.528 74.9 35.2307
      vertex 121.612 74.9 35.6541
    endloop
  endfacet
  facet normal 0 1 0
    outer loop
      vertex 128.1 74.9 34.8
      vertex 121.528 74.9 35.2307
      vertex 128.072 74.9 35.2307
    endloop
  endfacet
  facet normal 0 1 0
    outer loop
      vertex 128.1 74.9 34.8
      vertex 121.5 74.9 34.8
      vertex 121.528 74.9 35.2307
    endloop
  endfacet
  facet normal 0 1 -0
    outer loop
      vertex 128.072 74.9 34.3693
      vertex 121.5 74.9 34.8
      vertex 128.1 74.9 34.8
    endloop
  endfacet
  facet normal 0 1 0
    outer loop
      vertex 128.072 74.9 34.3693
      vertex 121.528 74.9 34.3693
      vertex 121.5 74.9 34.8
    endloop
  endfacet
  facet normal 0 1 -0
    outer loop
      vertex 127.988 74.9 33.9459
      vertex 121.528 74.9 34.3693
      vertex 128.072 74.9 34.3693
    endloop
  endfacet
  facet normal 0 1 0
    outer loop
      vertex 127.988 74.9 33.9459
      vertex 121.612 74.9 33.9459
      vertex 121.528 74.9 34.3693
    endloop
  endfacet
  facet normal 0 1 -0
    outer loop
      vertex 127.849 74.9 33.5371
      vertex 121.612 74.9 33.9459
      vertex 127.988 74.9 33.9459
    endloop
  endfacet
  facet normal 0 1 0
    outer loop
      vertex 127.849 74.9 33.5371
      vertex 121.751 74.9 33.5371
      vertex 121.612 74.9 33.9459
    endloop
  endfacet
  facet normal 0 1 -0
    outer loop
      vertex 127.658 74.9 33.15
      vertex 121.751 74.9 33.5371
      vertex 127.849 74.9 33.5371
    endloop
  endfacet
  facet normal 0 1 0
    outer loop
      vertex 127.658 74.9 33.15
      vertex 121.942 74.9 33.15
      vertex 121.751 74.9 33.5371
    endloop
  endfacet
  facet normal 0 1 -0
    outer loop
      vertex 127.418 74.9 32.7911
      vertex 121.942 74.9 33.15
      vertex 127.658 74.9 33.15
    endloop
  endfacet
  facet normal 0 1 0
    outer loop
      vertex 127.418 74.9 32.7911
      vertex 122.182 74.9 32.7911
      vertex 121.942 74.9 33.15
    endloop
  endfacet
  facet normal 0 1 -0
    outer loop
      vertex 127.133 74.9 32.4665
      vertex 122.182 74.9 32.7911
      vertex 127.418 74.9 32.7911
    endloop
  endfacet
  facet normal 0 1 0
    outer loop
      vertex 127.133 74.9 32.4665
      vertex 122.467 74.9 32.4665
      vertex 122.182 74.9 32.7911
    endloop
  endfacet
  facet normal 0 1 -0
    outer loop
      vertex 126.809 74.9 32.1819
      vertex 122.467 74.9 32.4665
      vertex 127.133 74.9 32.4665
    endloop
  endfacet
  facet normal 0 1 0
    outer loop
      vertex 126.809 74.9 32.1819
      vertex 122.791 74.9 32.1819
      vertex 122.467 74.9 32.4665
    endloop
  endfacet
  facet normal 0 1 -0
    outer loop
      vertex 126.45 74.9 31.9421
      vertex 122.791 74.9 32.1819
      vertex 126.809 74.9 32.1819
    endloop
  endfacet
  facet normal 0 1 0
    outer loop
      vertex 126.45 74.9 31.9421
      vertex 123.15 74.9 31.9421
      vertex 122.791 74.9 32.1819
    endloop
  endfacet
  facet normal 0 1 -0
    outer loop
      vertex 126.063 74.9 31.7512
      vertex 123.15 74.9 31.9421
      vertex 126.45 74.9 31.9421
    endloop
  endfacet
  facet normal 0 1 0
    outer loop
      vertex 126.063 74.9 31.7512
      vertex 123.537 74.9 31.7512
      vertex 123.15 74.9 31.9421
    endloop
  endfacet
  facet normal 0 1 -0
    outer loop
      vertex 125.654 74.9 31.6124
      vertex 123.537 74.9 31.7512
      vertex 126.063 74.9 31.7512
    endloop
  endfacet
  facet normal 0 1 0
    outer loop
      vertex 125.654 74.9 31.6124
      vertex 123.946 74.9 31.6124
      vertex 123.537 74.9 31.7512
    endloop
  endfacet
  facet normal 0 1 -0
    outer loop
      vertex 125.231 74.9 31.5282
      vertex 123.946 74.9 31.6124
      vertex 125.654 74.9 31.6124
    endloop
  endfacet
  facet normal 0 1 0
    outer loop
      vertex 125.231 74.9 31.5282
      vertex 124.369 74.9 31.5282
      vertex 123.946 74.9 31.6124
    endloop
  endfacet
  facet normal -0 1 0
    outer loop
      vertex 124.369 74.9 31.5282
      vertex 125.231 74.9 31.5282
      vertex 124.8 74.9 31.5
    endloop
  endfacet
  facet normal 0.980882 0 -0.194601
    outer loop
      vertex 121.612 74.9 35.6541
      vertex 121.528 77.6 35.2307
      vertex 121.612 77.6 35.6541
    endloop
  endfacet
  facet normal 0.980882 0 -0.194601
    outer loop
      vertex 121.528 77.6 35.2307
      vertex 121.612 74.9 35.6541
      vertex 121.528 74.9 35.2307
    endloop
  endfacet
  facet normal -0.751457 0 -0.659782
    outer loop
      vertex 127.418 74.9 36.8089
      vertex 127.133 77.6 37.1335
      vertex 127.418 77.6 36.8089
    endloop
  endfacet
  facet normal -0.751457 -0 -0.659782
    outer loop
      vertex 127.133 77.6 37.1335
      vertex 127.418 74.9 36.8089
      vertex 127.133 74.9 37.1335
    endloop
  endfacet
  facet normal 0.442387 0 -0.896824
    outer loop
      vertex 123.15 74.9 37.6579
      vertex 123.537 77.6 37.8488
      vertex 123.537 74.9 37.8488
    endloop
  endfacet
  facet normal 0.442387 0 -0.896824
    outer loop
      vertex 123.537 77.6 37.8488
      vertex 123.15 74.9 37.6579
      vertex 123.15 77.6 37.6579
    endloop
  endfacet
  facet normal 0.659948 0 -0.751311
    outer loop
      vertex 122.467 74.9 37.1335
      vertex 122.791 77.6 37.4181
      vertex 122.791 74.9 37.4181
    endloop
  endfacet
  facet normal 0.659948 0 -0.751311
    outer loop
      vertex 122.791 77.6 37.4181
      vertex 122.467 74.9 37.1335
      vertex 122.467 77.6 37.1335
    endloop
  endfacet
  facet normal 0.555448 0 -0.831551
    outer loop
      vertex 122.791 74.9 37.4181
      vertex 123.15 77.6 37.6579
      vertex 123.15 74.9 37.6579
    endloop
  endfacet
  facet normal 0.555448 0 -0.831551
    outer loop
      vertex 123.15 77.6 37.6579
      vertex 122.791 74.9 37.4181
      vertex 122.791 77.6 37.4181
    endloop
  endfacet
  facet normal 0 -0.947113 0.320901
    outer loop
      vertex 0 26.4819 2.89356
      vertex 2.8 26.4502 2.8
      vertex 2.8 26.4819 2.89356
    endloop
  endfacet
  facet normal 2.02449e-05 -0.946929 0.321444
    outer loop
      vertex 0 26.2128 2.10083
      vertex 2.8 26.4502 2.8
      vertex 0 26.4819 2.89356
    endloop
  endfacet
  facet normal 0 -0.946904 0.321517
    outer loop
      vertex 2.9 26.2128 2.10083
      vertex 2.8 26.4502 2.8
      vertex 0 26.2128 2.10083
    endloop
  endfacet
  facet normal 0 -0.946904 0.321517
    outer loop
      vertex 2.8 26.4502 2.8
      vertex 2.9 26.2128 2.10083
      vertex 2.9 26.4502 2.8
    endloop
  endfacet
  facet normal 0 -0.896905 0.442223
    outer loop
      vertex 0 25.8426 1.35
      vertex 2.9 26.2128 2.10083
      vertex 0 26.2128 2.10083
    endloop
  endfacet
  facet normal 0 -0.896905 0.442223
    outer loop
      vertex 2.9 26.2128 2.10083
      vertex 0 25.8426 1.35
      vertex 2.9 25.8426 1.35
    endloop
  endfacet
  facet normal 0 -0.946929 -0.321444
    outer loop
      vertex 0 26.4819 6.20644
      vertex 2.8 26.2128 6.99917
      vertex 0 26.2128 6.99917
    endloop
  endfacet
  facet normal 0 -0.946929 -0.321444
    outer loop
      vertex 2.8 26.2128 6.99917
      vertex 0 26.4819 6.20644
      vertex 2.8 26.4819 6.20644
    endloop
  endfacet
  facet normal 0 -0.442237 -0.896898
    outer loop
      vertex 0 22.7492 10.4628
      vertex 2.8 23.5 10.0926
      vertex 2.8 22.7492 10.4628
    endloop
  endfacet
  facet normal -0 -0.442237 -0.896898
    outer loop
      vertex 2.8 23.5 10.0926
      vertex 0 22.7492 10.4628
      vertex 0 23.5 10.0926
    endloop
  endfacet
  facet normal 0 -0.98079 0.195066
    outer loop
      vertex 0 26.4819 2.89356
      vertex 2.8 26.6452 3.71463
      vertex 0 26.6452 3.71463
    endloop
  endfacet
  facet normal 0 -0.98079 0.195066
    outer loop
      vertex 2.8 26.6452 3.71463
      vertex 0 26.4819 2.89356
      vertex 2.8 26.4819 2.89356
    endloop
  endfacet
  facet normal 0 -0.195082 -0.980787
    outer loop
      vertex 0 21.1354 10.8952
      vertex 2.8 21.9564 10.7319
      vertex 2.8 21.1354 10.8952
    endloop
  endfacet
  facet normal -0 -0.195082 -0.980787
    outer loop
      vertex 2.8 21.9564 10.7319
      vertex 0 21.1354 10.8952
      vertex 0 21.9564 10.7319
    endloop
  endfacet
  facet normal 0 -0.659353 -0.751833
    outer loop
      vertex 0 24.1961 9.62746
      vertex 2.8 24.8255 9.07548
      vertex 2.8 24.1961 9.62746
    endloop
  endfacet
  facet normal -0 -0.659353 -0.751833
    outer loop
      vertex 2.8 24.8255 9.07548
      vertex 0 24.1961 9.62746
      vertex 0 24.8255 9.07548
    endloop
  endfacet
  facet normal 0 -0.896905 -0.442223
    outer loop
      vertex 0 26.2128 6.99917
      vertex 2.8 25.8426 7.75
      vertex 0 25.8426 7.75
    endloop
  endfacet
  facet normal 0 -0.896905 -0.442223
    outer loop
      vertex 2.8 25.8426 7.75
      vertex 0 26.2128 6.99917
      vertex 2.8 26.2128 6.99917
    endloop
  endfacet
  facet normal 0 -0.98079 -0.195066
    outer loop
      vertex 0 26.6452 5.38537
      vertex 2.8 26.4819 6.20644
      vertex 0 26.4819 6.20644
    endloop
  endfacet
  facet normal 0 -0.98079 -0.195066
    outer loop
      vertex 2.8 26.4819 6.20644
      vertex 0 26.6452 5.38537
      vertex 2.8 26.6452 5.38537
    endloop
  endfacet
  facet normal 0 -0.65875 0.752362
    outer loop
      vertex 0 24.8255 0.0245161
      vertex 2.9 24.7975 0
      vertex 2.9 24.8255 0.0245161
    endloop
  endfacet
  facet normal 0 -0.65875 0.752362
    outer loop
      vertex 2.9 24.7975 0
      vertex 0 24.8255 0.0245161
      vertex 0 24.7975 0
    endloop
  endfacet
  facet normal 0 -0.997855 0.065459
    outer loop
      vertex 0 26.6452 3.71463
      vertex 2.8 26.7 4.55
      vertex 0 26.7 4.55
    endloop
  endfacet
  facet normal 0 -0.997855 0.065459
    outer loop
      vertex 2.8 26.7 4.55
      vertex 0 26.6452 3.71463
      vertex 2.8 26.6452 3.71463
    endloop
  endfacet
  facet normal 0 -0.751827 0.65936
    outer loop
      vertex 0 24.8255 0.0245161
      vertex 2.9 25.3775 0.653927
      vertex 0 25.3775 0.653927
    endloop
  endfacet
  facet normal 0 -0.751827 0.65936
    outer loop
      vertex 2.9 25.3775 0.653927
      vertex 0 24.8255 0.0245161
      vertex 2.9 24.8255 0.0245161
    endloop
  endfacet
  facet normal 0 -0.0654566 -0.997855
    outer loop
      vertex 0 20.3 10.95
      vertex 2.8 21.1354 10.8952
      vertex 2.8 20.3 10.95
    endloop
  endfacet
  facet normal -0 -0.0654566 -0.997855
    outer loop
      vertex 2.8 21.1354 10.8952
      vertex 0 20.3 10.95
      vertex 0 21.1354 10.8952
    endloop
  endfacet
  facet normal 0 -0.321419 -0.946937
    outer loop
      vertex 0 21.9564 10.7319
      vertex 2.8 22.7492 10.4628
      vertex 2.8 21.9564 10.7319
    endloop
  endfacet
  facet normal -0 -0.321419 -0.946937
    outer loop
      vertex 2.8 22.7492 10.4628
      vertex 0 21.9564 10.7319
      vertex 0 22.7492 10.4628
    endloop
  endfacet
  facet normal 0 -0.555587 -0.831458
    outer loop
      vertex 0 23.5 10.0926
      vertex 2.8 24.1961 9.62746
      vertex 2.8 23.5 10.0926
    endloop
  endfacet
  facet normal -0 -0.555587 -0.831458
    outer loop
      vertex 2.8 24.1961 9.62746
      vertex 0 23.5 10.0926
      vertex 0 24.1961 9.62746
    endloop
  endfacet
  facet normal 0 -0.997855 -0.065459
    outer loop
      vertex 0 26.7 4.55
      vertex 2.8 26.6452 5.38537
      vertex 0 26.6452 5.38537
    endloop
  endfacet
  facet normal 0 -0.997855 -0.065459
    outer loop
      vertex 2.8 26.6452 5.38537
      vertex 0 26.7 4.55
      vertex 2.8 26.7 4.55
    endloop
  endfacet
  facet normal 0 -0.831469 -0.555571
    outer loop
      vertex 0 25.8426 7.75
      vertex 2.8 25.3775 8.44607
      vertex 0 25.3775 8.44607
    endloop
  endfacet
  facet normal 0 -0.831469 -0.555571
    outer loop
      vertex 2.8 25.3775 8.44607
      vertex 0 25.8426 7.75
      vertex 2.8 25.8426 7.75
    endloop
  endfacet
  facet normal 0 -0.751827 -0.659361
    outer loop
      vertex 0 25.3775 8.44607
      vertex 2.8 24.8255 9.07548
      vertex 0 24.8255 9.07548
    endloop
  endfacet
  facet normal 0 -0.751827 -0.659361
    outer loop
      vertex 2.8 24.8255 9.07548
      vertex 0 25.3775 8.44607
      vertex 2.8 25.3775 8.44607
    endloop
  endfacet
  facet normal 0 0.997855 0.065459
    outer loop
      vertex 2.8 13.9548 3.71463
      vertex 0 13.9 4.55
      vertex 2.8 13.9 4.55
    endloop
  endfacet
  facet normal 0 0.997855 0.065459
    outer loop
      vertex 0 13.9 4.55
      vertex 2.8 13.9548 3.71463
      vertex 0 13.9548 3.71463
    endloop
  endfacet
  facet normal 0 0.321419 -0.946937
    outer loop
      vertex 0 17.8508 10.4628
      vertex 2.8 18.6436 10.7319
      vertex 2.8 17.8508 10.4628
    endloop
  endfacet
  facet normal 0 0.321419 -0.946937
    outer loop
      vertex 2.8 18.6436 10.7319
      vertex 0 17.8508 10.4628
      vertex 0 18.6436 10.7319
    endloop
  endfacet
  facet normal 0 0.98079 0.195066
    outer loop
      vertex 2.8 14.1181 2.89356
      vertex 0 13.9548 3.71463
      vertex 2.8 13.9548 3.71463
    endloop
  endfacet
  facet normal 0 0.98079 0.195066
    outer loop
      vertex 0 13.9548 3.71463
      vertex 2.8 14.1181 2.89356
      vertex 0 14.1181 2.89356
    endloop
  endfacet
  facet normal 0 -0.83147 0.555569
    outer loop
      vertex 0 25.3775 0.653927
      vertex 2.9 25.8426 1.35
      vertex 0 25.8426 1.35
    endloop
  endfacet
  facet normal 0 -0.83147 0.555569
    outer loop
      vertex 2.9 25.8426 1.35
      vertex 0 25.3775 0.653927
      vertex 2.9 25.3775 0.653927
    endloop
  endfacet
  facet normal -0 0.65875 0.752362
    outer loop
      vertex 0 15.8025 0
      vertex 2.9 15.7745 0.0245161
      vertex 2.9 15.8025 0
    endloop
  endfacet
  facet normal 0 0.65875 0.752362
    outer loop
      vertex 2.9 15.7745 0.0245161
      vertex 0 15.8025 0
      vertex 0 15.7745 0.0245161
    endloop
  endfacet
  facet normal 0 0.831469 -0.555571
    outer loop
      vertex 2.8 14.7574 7.75
      vertex 0 15.2225 8.44607
      vertex 2.8 15.2225 8.44607
    endloop
  endfacet
  facet normal 0 0.831469 -0.555571
    outer loop
      vertex 0 15.2225 8.44607
      vertex 2.8 14.7574 7.75
      vertex 0 14.7574 7.75
    endloop
  endfacet
  facet normal 0 0.946929 -0.321444
    outer loop
      vertex 2.8 14.1181 6.20644
      vertex 0 14.3872 6.99917
      vertex 2.8 14.3872 6.99917
    endloop
  endfacet
  facet normal 0 0.946929 -0.321444
    outer loop
      vertex 0 14.3872 6.99917
      vertex 2.8 14.1181 6.20644
      vertex 0 14.1181 6.20644
    endloop
  endfacet
  facet normal 0 0.442237 -0.896898
    outer loop
      vertex 0 17.1 10.0926
      vertex 2.8 17.8508 10.4628
      vertex 2.8 17.1 10.0926
    endloop
  endfacet
  facet normal 0 0.442237 -0.896898
    outer loop
      vertex 2.8 17.8508 10.4628
      vertex 0 17.1 10.0926
      vertex 0 17.8508 10.4628
    endloop
  endfacet
  facet normal 0 0.659353 -0.751833
    outer loop
      vertex 0 15.7745 9.07548
      vertex 2.8 16.4039 9.62746
      vertex 2.8 15.7745 9.07548
    endloop
  endfacet
  facet normal 0 0.659353 -0.751833
    outer loop
      vertex 2.8 16.4039 9.62746
      vertex 0 15.7745 9.07548
      vertex 0 16.4039 9.62746
    endloop
  endfacet
  facet normal 0 0.896905 0.442223
    outer loop
      vertex 2.9 14.7574 1.35
      vertex 0 14.3872 2.10083
      vertex 2.9 14.3872 2.10083
    endloop
  endfacet
  facet normal 0 0.896905 0.442223
    outer loop
      vertex 0 14.3872 2.10083
      vertex 2.9 14.7574 1.35
      vertex 0 14.7574 1.35
    endloop
  endfacet
  facet normal 0 0.946904 0.321517
    outer loop
      vertex 2.9 14.1498 2.8
      vertex 2.9 14.3872 2.10083
      vertex 2.8 14.1498 2.8
    endloop
  endfacet
  facet normal 0 0.947113 0.320901
    outer loop
      vertex 2.8 14.1498 2.8
      vertex 0 14.1181 2.89356
      vertex 2.8 14.1181 2.89356
    endloop
  endfacet
  facet normal -0 0.946904 0.321517
    outer loop
      vertex 0 14.3872 2.10083
      vertex 2.8 14.1498 2.8
      vertex 2.9 14.3872 2.10083
    endloop
  endfacet
  facet normal 2.02449e-05 0.946929 0.321444
    outer loop
      vertex 2.8 14.1498 2.8
      vertex 0 14.3872 2.10083
      vertex 0 14.1181 2.89356
    endloop
  endfacet
  facet normal 0 0.751827 0.65936
    outer loop
      vertex 2.9 15.7745 0.0245161
      vertex 0 15.2225 0.653927
      vertex 2.9 15.2225 0.653927
    endloop
  endfacet
  facet normal 0 0.751827 0.65936
    outer loop
      vertex 0 15.2225 0.653927
      vertex 2.9 15.7745 0.0245161
      vertex 0 15.7745 0.0245161
    endloop
  endfacet
  facet normal 0 0.83147 0.555569
    outer loop
      vertex 2.9 15.2225 0.653927
      vertex 0 14.7574 1.35
      vertex 2.9 14.7574 1.35
    endloop
  endfacet
  facet normal 0 0.83147 0.555569
    outer loop
      vertex 0 14.7574 1.35
      vertex 2.9 15.2225 0.653927
      vertex 0 15.2225 0.653927
    endloop
  endfacet
  facet normal 0 0.751827 -0.659361
    outer loop
      vertex 2.8 15.2225 8.44607
      vertex 0 15.7745 9.07548
      vertex 2.8 15.7745 9.07548
    endloop
  endfacet
  facet normal 0 0.751827 -0.659361
    outer loop
      vertex 0 15.7745 9.07548
      vertex 2.8 15.2225 8.44607
      vertex 0 15.2225 8.44607
    endloop
  endfacet
  facet normal 0 0.997855 -0.065459
    outer loop
      vertex 2.8 13.9 4.55
      vertex 0 13.9548 5.38537
      vertex 2.8 13.9548 5.38537
    endloop
  endfacet
  facet normal 0 0.997855 -0.065459
    outer loop
      vertex 0 13.9548 5.38537
      vertex 2.8 13.9 4.55
      vertex 0 13.9 4.55
    endloop
  endfacet
  facet normal 0 0.195082 -0.980787
    outer loop
      vertex 0 18.6436 10.7319
      vertex 2.8 19.4646 10.8952
      vertex 2.8 18.6436 10.7319
    endloop
  endfacet
  facet normal 0 0.195082 -0.980787
    outer loop
      vertex 2.8 19.4646 10.8952
      vertex 0 18.6436 10.7319
      vertex 0 19.4646 10.8952
    endloop
  endfacet
  facet normal 0 0.0654566 -0.997855
    outer loop
      vertex 0 19.4646 10.8952
      vertex 2.8 20.3 10.95
      vertex 2.8 19.4646 10.8952
    endloop
  endfacet
  facet normal 0 0.0654566 -0.997855
    outer loop
      vertex 2.8 20.3 10.95
      vertex 0 19.4646 10.8952
      vertex 0 20.3 10.95
    endloop
  endfacet
  facet normal 0 0.555587 -0.831458
    outer loop
      vertex 0 16.4039 9.62746
      vertex 2.8 17.1 10.0926
      vertex 2.8 16.4039 9.62746
    endloop
  endfacet
  facet normal 0 0.555587 -0.831458
    outer loop
      vertex 2.8 17.1 10.0926
      vertex 0 16.4039 9.62746
      vertex 0 17.1 10.0926
    endloop
  endfacet
  facet normal 0 0.896905 -0.442223
    outer loop
      vertex 2.8 14.3872 6.99917
      vertex 0 14.7574 7.75
      vertex 2.8 14.7574 7.75
    endloop
  endfacet
  facet normal 0 0.896905 -0.442223
    outer loop
      vertex 0 14.7574 7.75
      vertex 2.8 14.3872 6.99917
      vertex 0 14.3872 6.99917
    endloop
  endfacet
  facet normal 0 0.98079 -0.195066
    outer loop
      vertex 2.8 13.9548 5.38537
      vertex 0 14.1181 6.20644
      vertex 2.8 14.1181 6.20644
    endloop
  endfacet
  facet normal 0 0.98079 -0.195066
    outer loop
      vertex 0 14.1181 6.20644
      vertex 2.8 13.9548 5.38537
      vertex 0 13.9548 5.38537
    endloop
  endfacet
  facet normal -1 0 0
    outer loop
      vertex 2.9 25.8426 1.35
      vertex 2.9 26.4502 2.8
      vertex 2.9 26.2128 2.10083
    endloop
  endfacet
  facet normal -1 0 0
    outer loop
      vertex 2.9 25.3775 0.653927
      vertex 2.9 26.4502 2.8
      vertex 2.9 25.8426 1.35
    endloop
  endfacet
  facet normal -1 0 0
    outer loop
      vertex 2.9 24.7975 0
      vertex 2.9 25.3775 0.653927
      vertex 2.9 24.8255 0.0245161
    endloop
  endfacet
  facet normal -1 -0 0
    outer loop
      vertex 2.9 25.3775 0.653927
      vertex 2.9 24.7975 0
      vertex 2.9 26.4502 2.8
    endloop
  endfacet
  facet normal -1 0 0
    outer loop
      vertex 2.9 15.8025 0
      vertex 2.9 26.4502 2.8
      vertex 2.9 24.7975 0
    endloop
  endfacet
  facet normal -1 0 0
    outer loop
      vertex 2.9 15.2225 0.653927
      vertex 2.9 15.8025 0
      vertex 2.9 15.7745 0.0245161
    endloop
  endfacet
  facet normal -1 0 0
    outer loop
      vertex 2.9 15.8025 0
      vertex 2.9 15.2225 0.653927
      vertex 2.9 26.4502 2.8
    endloop
  endfacet
  facet normal -1 0 0
    outer loop
      vertex 2.9 14.7574 1.35
      vertex 2.9 26.4502 2.8
      vertex 2.9 15.2225 0.653927
    endloop
  endfacet
  facet normal -1 0 0
    outer loop
      vertex 2.9 14.3872 2.10083
      vertex 2.9 26.4502 2.8
      vertex 2.9 14.7574 1.35
    endloop
  endfacet
  facet normal -1 -0 0
    outer loop
      vertex 2.9 26.4502 2.8
      vertex 2.9 14.3872 2.10083
      vertex 2.9 14.1498 2.8
    endloop
  endfacet
  facet normal 0 0 -1
    outer loop
      vertex 0 51.8 18.8
      vertex 2.8 61.8 18.8
      vertex 2.8 51.8 18.8
    endloop
  endfacet
  facet normal -0 0 -1
    outer loop
      vertex 2.8 61.8 18.8
      vertex 0 51.8 18.8
      vertex 0 61.8 18.8
    endloop
  endfacet
  facet normal -0 0 1
    outer loop
      vertex 0 61.8 15.8
      vertex 2.8 51.8 15.8
      vertex 2.8 61.8 15.8
    endloop
  endfacet
  facet normal 0 0 1
    outer loop
      vertex 2.8 51.8 15.8
      vertex 0 61.8 15.8
      vertex 0 51.8 15.8
    endloop
  endfacet
  facet normal 0 1 -0
    outer loop
      vertex 2.8 51.8 15.8
      vertex 0 51.8 18.8
      vertex 2.8 51.8 18.8
    endloop
  endfacet
  facet normal 0 1 0
    outer loop
      vertex 0 51.8 18.8
      vertex 2.8 51.8 15.8
      vertex 0 51.8 15.8
    endloop
  endfacet
  facet normal 0 -1 0
    outer loop
      vertex 0 61.8 15.8
      vertex 2.8 61.8 18.8
      vertex 0 61.8 18.8
    endloop
  endfacet
  facet normal 0 -1 -0
    outer loop
      vertex 2.8 61.8 18.8
      vertex 0 61.8 15.8
      vertex 2.8 61.8 15.8
    endloop
  endfacet
endsolid OpenSCAD_Model
